1207004400,1,0,0,226,6.1875
1207005300,1,0,3,226,6.3125
1207006200,1,0,27,104,6.375
1207007100,1,0,21,219,6.1875
1207008000,1,0,0,205,6.4375
1207008900,1,0,12,209,6.5
1207009800,0,0,0,219,6.5
1207010700,0,0,0,217,6.5
1207011600,0,0,45,196,6.6875
1207012500,0,0,0,224,6.75
1207013400,0,0,0,224,6.5
1207014300,0,0,15,219,6.625
1207015200,0,0,60,248,6.75
1207016100,0,0,135,169,6.75
1207017000,0,0,9,216,7
1207017900,0,0,0,227,6.75
1207018800,0,0,0,224,6.8125
1207019700,0,0,3,226,7.375
1207020600,0,0,87,253,7.5
1207021500,0,0,6,248,7.75
1207022400,0,0,0,219,7.5625
1207023300,0,0,24,196,7.625
1207024200,0,0,102,208,8.375
1207025100,0,0,18,226,8.5625
1207026000,0,1,3,260,8.75
1207026900,0,9,6,268,9.1875
1207027800,0,56,27,236,9.1875
1207028700,0,97,3,167,9.3125
1207029600,0,182,69,148,9.5625
1207030500,0,209,57,224,9.625
1207031400,19,209,3,223,9.5625
1207032300,79,223,0,224,9.5
1207033200,101,228,0,219,9.8125
1207034100,122,230,36,356,9.9375
1207035000,121,220,27,136,10.125
1207035900,89,228,0,116,10.3125
1207036800,59,221,60,161,10.25
1207037700,85,215,9,6,10.125
1207038600,117,243,0,335,10.75
1207039500,102,245,60,311,11.625
1207040400,37,248,24,337,13.8125
1207041300,0,248,120,292,14.375
1207042200,0,241,129,337,13.625
1207043100,0,245,60,301,15.0625
1207044000,0,245,177,326,15.625
1207044900,0,247,39,123,14.9375
1207045800,0,248,81,151,15.1875
1207046700,0,249,258,104,16.4375
1207047600,0,249,102,184,16.0625
1207048500,0,249,267,83,16.875
1207049400,0,249,183,337,16.0625
1207050300,1,248,147,352,18.5625
1207051200,0,246,252,147,15.8125
1207052100,0,248,348,347,15.125
1207053000,0,249,291,354,16.25
1207053900,0,249,36,271,17.25
1207054800,0,248,66,339,18
1207055700,0,246,135,172,17.75
1207056600,0,249,216,243,18.3125
1207057500,0,249,204,89,19.3125
1207058400,0,249,84,83,18.625
1207059300,0,249,27,133,19.5
1207060200,0,244,111,58,17.375
1207061100,0,248,75,88,18.875
1207062000,0,249,120,3,17.3125
1207062900,0,249,159,75,17.9375
1207063800,0,248,276,322,17.75
1207064700,0,248,102,3,18.0625
1207065600,0,244,0,240,16.0625
1207066500,0,246,18,337,16.0625
1207067400,0,247,0,343,16.0625
1207068300,0,246,156,347,16.3125
1207069200,0,245,165,323,15.9375
1207070100,0,243,141,315,15.375
1207071000,0,238,120,305,14.1875
1207071900,0,231,189,51,13.5625
1207072800,0,215,0,333,12.6875
1207073700,0,199,57,318,12.25
1207074600,0,156,159,337,11.75
1207075500,0,85,87,353,11.3125
1207076400,0,14,21,339,11.125
1207077300,0,1,90,356,10.8125
1207078200,0,0,120,333,10.5
1207079100,0,5,27,312,10.3125
1207080000,0,0,12,336,10.375
1207080900,0,0,60,311,10.25
1207081800,0,0,0,335,10.375
1207082700,0,0,3,318,9.8125
1207083600,0,0,21,325,9.4375
1207084500,0,0,24,332,8.9375
1207085400,0,0,30,332,8.9375
1207086300,0,0,0,354,8.6875
1207087200,0,0,75,0,8.8125
1207088100,0,0,126,6,8.5
1207089000,0,0,0,322,8.4375
1207089900,0,0,30,356,8.0625
1207090800,0,0,69,349,8.4375
1207091700,0,0,3,1,8.0625
1207092600,0,0,12,337,8.125
1207093500,0,0,6,346,7.8125
1207094400,0,0,42,340,7.6875
1207095300,0,0,0,313,7.75
1207096200,0,0,99,359,8.0625
1207097100,0,0,111,316,8.0625
1207098000,0,0,54,346,8.125
1207098900,0,0,15,0,8
1207099800,0,0,72,339,7.875
1207100700,0,0,0,337,7.8125
1207101600,0,0,0,332,8.25
1207102500,0,0,15,326,8.5625
1207103400,0,0,90,352,8.6875
1207104300,0,0,27,309,8.875
1207105200,0,0,12,356,8.625
1207106100,0,0,24,326,8.8125
1207107000,0,0,0,346,8.5
1207107900,0,0,12,1,8.3125
1207108800,0,0,0,344,8.25
1207109700,0,0,21,332,8.5
1207110600,0,0,0,346,7.8125
1207111500,0,0,135,328,8.375
1207112400,0,2,21,326,8.3125
1207113300,0,65,0,335,8.1875
1207114200,0,124,0,333,7.9375
1207115100,0,175,24,343,8.25
1207116000,0,195,9,323,8.4375
1207116900,0,207,0,337,8.5625
1207117800,0,212,12,326,8.75
1207118700,0,222,0,315,9.0625
1207119600,0,227,15,315,9.375
1207120500,0,227,0,315,9.4375
1207121400,0,234,0,315,10
1207122300,0,233,0,318,10.3125
1207123200,0,233,0,316,10.375
1207124100,0,236,15,316,10.625
1207125000,0,236,30,336,10.875
1207125900,2,236,0,336,10.4375
1207126800,5,237,84,339,10.4375
1207127700,27,239,42,325,10.1875
1207128600,0,240,45,346,10.625
1207129500,0,241,6,325,11.3125
1207130400,0,241,0,335,11.4375
1207131300,0,242,93,344,11.625
1207132200,0,243,0,343,11.75
1207133100,4,243,123,27,12.0625
1207134000,0,241,24,350,11.375
1207134900,0,242,0,336,12
1207135800,0,243,21,332,12
1207136700,0,242,96,337,12.8125
1207137600,0,243,120,337,12.75
1207138500,0,243,237,328,12.625
1207139400,0,241,0,354,12.9375
1207140300,0,243,27,343,13.375
1207141200,0,244,42,318,13.875
1207142100,0,244,189,337,14.0625
1207143000,0,244,0,353,14.125
1207143900,0,242,90,18,13.75
1207144800,0,245,0,340,14.1875
1207145700,0,245,126,318,13.625
1207146600,0,245,81,326,13.5625
1207147500,0,242,60,335,13.25
1207148400,0,244,99,349,12.9375
1207149300,0,241,9,349,13.3125
1207150200,0,241,21,322,12.3125
1207151100,0,240,30,333,12.4375
1207152000,1,241,168,330,12.6875
1207152900,0,239,6,330,12.75
1207153800,0,237,0,335,12.5625
1207154700,0,233,0,333,12.625
1207155600,0,230,0,330,12.5625
1207156500,0,225,81,318,12.625
1207157400,0,231,0,335,12.625
1207158300,0,196,0,335,12.5
1207159200,0,167,0,335,12.5
1207160100,0,133,6,335,12.4375
1207161000,0,74,0,329,12.4375
1207161900,0,58,3,335,12.5625
1207162800,0,7,3,343,12.75
1207163700,0,1,102,350,12.875
1207164600,0,0,96,319,12.625
1207165500,0,0,75,347,12.375
1207166400,0,0,24,340,12.375
1207167300,0,0,3,336,12.25
1207168200,0,0,60,288,12.0625
1207169100,0,0,69,352,12
1207170000,0,0,231,340,12
1207170900,0,0,33,360,11.9375
1207171800,0,0,99,335,11.9375
1207172700,0,0,54,343,11.8125
1207173600,0,0,12,346,11.875
1207174500,0,0,15,328,11.75
1207175400,0,0,12,340,11.6875
1207176300,0,0,0,353,11.125
1207177200,0,0,6,7,11.625
1207178100,0,0,3,330,11.625
1207179000,0,0,3,333,11.5
1207179900,0,0,15,340,11.5
1207180800,0,0,27,346,11.5
1207181700,0,0,0,349,11.375
1207182600,0,0,21,352,11.3125
1207183500,0,0,0,342,11.125
1207184400,0,0,6,339,10.9375
1207185300,0,0,3,322,10.875
1207186200,0,0,42,340,10.5625
1207187100,0,0,21,359,9.75
1207188000,0,0,0,350,9.25
1207188900,0,0,0,346,9.1875
1207189800,0,0,0,346,8.5
1207190700,0,0,0,346,8.25
1207191600,0,0,0,346,8.5625
1207192500,0,0,0,346,8.375
1207193400,0,1,0,346,8.4375
1207194300,0,0,0,346,8.8125
1207195200,0,0,0,346,8.8125
1207196100,0,0,0,346,8.75
1207197000,0,0,0,346,8.875
1207197900,0,0,0,346,9.25
1207198800,0,2,0,346,9.5
1207199700,0,38,0,346,9.4375
1207200600,0,132,0,346,9.375
1207201500,0,177,0,346,9.4375
1207202400,0,200,0,346,9.6875
1207203300,0,215,0,346,10
1207204200,0,223,0,346,10.1875
1207205100,0,228,0,352,10.6875
1207206000,0,234,3,102,10.8125
1207206900,0,237,6,336,11.25
1207207800,0,245,0,353,13.375
1207208700,0,245,81,354,14.25
1207209600,0,245,24,356,14.875
1207210500,0,245,0,356,15.0625
1207211400,0,245,75,354,15.625
1207212300,0,246,0,340,15.375
1207213200,0,246,12,340,15.5625
1207214100,0,248,0,27,16.1875
1207215000,0,249,42,326,18
1207215900,0,245,24,347,18.5625
1207216800,0,240,42,356,15.1875
1207217700,0,244,15,343,15.3125
1207218600,0,247,42,357,15.75
1207219500,0,248,9,16,17.375
1207220400,0,243,12,0,15.6875
1207221300,0,244,15,27,15.3125
1207222200,0,247,111,192,17.5
1207223100,,,0,,
1207224000,,,0,,
1207224900,,,0,,
1207225800,,,0,,
1207226700,,,0,,
1207227600,,,0,,
1207228500,,,0,,
1207229400,,,0,,
1207230300,,,0,,
1207231200,,,0,,
1207232100,,,0,,
1207233000,,,0,,
1207233900,,,0,,
1207234800,,,0
1207235700,,,0
1207236600,,,0
1207237500,,,0
1207238400,,,0
1207239300,,,0
1207240200,,,0
1207241100,,,0
1207242000,,,0
1207242900,,,0
1207243800,,,0
1207244700,,,0
1207245600,,,0
1207246500,,,0
1207247400,,,0
1207248300,,,0
1207249200,,,0
1207250100,,,0
1207251000,,,0
1207251900,,,0
1207252800,,,0
1207253700,,,0
1207254600,,,0
1207255500,,,0
1207256400,,,0
1207257300,,,0
1207258200,,,0
1207259100,,,0
1207260000,,,0
1207260900,,,0
1207261800,,,0
1207262700,,,0
1207263600,,,0
1207264500,,,0
1207265400,,,0
1207266300,,,0
1207267200,,,0
1207268100,,,0
1207269000,,,0
1207269900,,,0
1207270800,,,0
1207271700,,,0
1207272600,,,0
1207273500,,,0
1207274400,,,0
1207275300,,,0
1207276200,,,0
1207277100,,,0
1207278000,,,0
1207278900,,,0
1207279800,,,0
1207280700,,,0
1207281600,,,0
1207282500,,,0
1207283400,,,0
1207284300,,,0
1207285200,,,0
1207286100,,,0
1207287000,,,0
1207287900,,,0
1207288800,,,0
1207289700,,,0
1207290600,,,0
1207291500,,,0
1207292400,,,0,,
1207293300,,,0,,
1207294200,,,0,,
1207295100,,,0,,
1207296000,,,0,,
1207296900,,,0,,
1207297800,,,0,,
1207298700,,,0,,
1207299600,,,0,,
1207300500,,,0,,
1207301400,0,179,0,71,21.25
1207302300,0,233,0,75,21.25
1207303200,0,242,6,226,21.5625
1207304100,0,248,30,292,20
1207305000,0,248,18,302,19.75
1207305900,0,249,24,342,19.6875
1207306800,0,249,30,326,20.75
1207307700,0,249,57,339,22
1207308600,0,246,51,359,19.375
1207309500,0,249,135,344,19.875
1207310400,0,249,288,339,20.625
1207311300,0,249,171,313,20.8125
1207312200,1,249,66,305,20.5
1207313100,0,249,0,329,21.4375
1207314000,0,249,90,306,21.625
1207314900,0,249,138,340,20.3125
1207315800,0,249,75,337,19.1875
1207316700,0,250,141,3,22
1207317600,0,244,81,343,21.5625
1207318500,0,249,6,323,21.3125
1207319400,0,249,150,342,21.375
1207320300,0,249,3,7,22.5
1207321200,0,249,90,330,21.875
1207322100,0,248,51,354,20.9375
1207323000,0,248,39,336,21.9375
1207323900,1,247,258,332,18.9375
1207324800,0,246,132,336,19.8125
1207325700,0,247,0,316,19.75
1207326600,0,246,135,337,18.625
1207327500,0,245,192,309,18.8125
1207328400,0,245,240,349,18
1207329300,0,243,234,340,17.5625
1207330200,0,240,231,337,16.8125
1207331100,0,236,57,278,16.125
1207332000,0,228,3,326,15.1875
1207332900,0,212,12,337,14.375
1207333800,0,184,0,349,13.3125
1207334700,0,119,18,329,12.875
1207335600,0,24,42,329,12.625
1207336500,0,2,9,336,12.5625
1207337400,0,0,18,332,11.8125
1207338300,0,0,18,356,11.75
1207339200,0,0,30,350,11.375
1207340100,0,0,24,318,10.9375
1207341000,0,5,3,342,10.6875
1207341900,0,0,42,356,10.875
1207342800,0,0,0,349,10.4375
1207343700,0,0,0,339,10.25
1207344600,0,0,15,330,10
1207345500,0,0,3,312,9.4375
1207346400,0,0,0,344,9.3125
1207347300,0,0,0,330,9.1875
1207348200,0,0,0,347,9.5
1207349100,0,0,0,342,9
1207350000,0,0,0,344,8.5625
1207350900,0,0,9,342,8.5625
1207351800,0,0,0,337,8.1875
1207352700,0,0,0,333,7.875
1207353600,0,0,0,332,7.1875
1207354500,0,0,0,353,7
1207355400,0,0,0,3,7.1875
1207356300,0,0,0,359,6.875
1207357200,0,0,0,340,6.875
1207358100,0,0,0,1,6.8125
1207359000,0,0,3,14,6.75
1207359900,0,0,33,360,6.8125
1207360800,0,0,0,339,6.375
1207361700,0,0,0,350,6.5625
1207362600,0,0,6,340,7.0625
1207363500,0,0,6,349,7.0625
1207364400,0,0,3,328,6.9375
1207365300,0,0,27,323,7.25
1207366200,0,0,0,323,7.25
1207367100,0,0,30,347,7.375
1207368000,0,0,15,330,7.5
1207368900,0,0,12,330,7.5
1207369800,57,0,3,328,7.4375
1207370700,81,0,57,335,7.5625
1207371600,107,2,3,326,7.25
1207372500,95,28,15,342,6.625
1207373400,76,92,0,357,6.4375
1207374300,50,156,57,335,6.5
1207375200,0,186,0,6,6.0625
1207376100,63,203,120,333,6
1207377000,60,223,21,328,6.0625
1207377900,46,236,0,3,6.5625
1207378800,28,238,3,330,6.6875
1207379700,1,242,18,353,8.375
1207380600,0,243,0,349,8.625
1207381500,0,244,114,342,8.8125
1207382400,0,246,99,350,9.125
1207383300,0,247,66,352,9.375
1207384200,0,243,15,309,8.75
1207385100,0,242,63,328,8.5625
1207386000,0,241,12,312,8.4375
1207386900,0,245,63,359,8.5625
1207387800,0,244,177,328,9.5625
1207388700,0,246,126,335,10.3125
1207389600,0,242,48,35,9.625
1207390500,0,245,30,8,10.25
1207391400,0,248,27,346,11.25
1207392300,0,247,105,20,11.8125
1207393200,0,246,30,322,11.8125
1207394100,0,244,36,360,10.625
1207395000,0,244,42,328,10.8125
1207395900,0,247,180,336,12.25
1207396800,0,241,216,258,10.4375
1207397700,0,241,189,335,10.5625
1207398600,0,242,51,344,10.625
1207399500,0,243,201,353,10.5625
1207400400,0,244,210,336,9.8125
1207401300,0,243,87,352,9.25
1207402200,3,239,126,354,9
1207403100,33,238,117,335,7.6875
1207404000,65,242,69,315,6.3125
1207404900,98,244,3,329,7.5625
1207405800,7,247,0,346,9.75
1207406700,0,240,57,353,8.4375
1207407600,47,227,3,330,5.875
1207408500,53,238,0,333,6.375
1207409400,57,243,0,332,6.75
1207410300,46,229,48,330,6.9375
1207411200,51,224,42,11,6.4375
1207412100,71,209,45,76,5.9375
1207413000,69,226,3,165,5.5
1207413900,48,223,0,198,5.375
1207414800,37,212,0,37,5.625
1207415700,31,210,39,61,5.9375
1207416600,71,200,96,337,4.5625
1207417500,58,218,0,34,4.625
1207418400,61,211,0,354,4.9375
1207419300,57,139,0,354,4.875
1207420200,60,144,0,82,5.25
1207421100,54,38,6,309,4.5
1207422000,47,60,0,353,4.125
1207422900,40,11,0,353,3.1875
1207423800,44,2,0,353,3.4375
1207424700,42,2,0,353,3.375
1207425600,27,3,78,316,4.75
1207426500,16,11,0,80,4.75
1207427400,16,21,9,1,4.3125
1207428300,15,30,0,353,4.1875
1207429200,15,7,0,349,4.125
1207430100,14,12,0,13,4.375
1207431000,13,13,72,96,4.4375
1207431900,14,8,0,335,4.0625
1207432800,19,11,36,309,4.125
1207433700,25,16,30,335,4.125
1207434600,23,18,33,0,4.125
1207435500,3,28,0,333,3.9375
1207436400,3,30,6,20,3.9375
1207437300,45,30,0,340,3.625
1207438200,0,0,9,333,3.3125
1207439100,20,7,0,343,3.3125
1207440000,15,2,0,357,2.9375
1207440900,22,0,0,25,2.3125
1207441800,21,1,0,24,2.5
1207442700,15,1,6,4,2.125
1207443600,14,0,0,7,1.875
1207444500,18,0,0,8,1.625
1207445400,24,1,0,8,1.1875
1207446300,23,0,0,8,0.6875
1207447200,25,0,0,8,0.875
1207448100,20,0,0,8,0.9375
1207449000,28,0,0,8,1
1207449900,33,0,63,8,1.1875
1207450800,25,0,0,359,0.3125
1207451700,27,0,12,359,1.25
1207452600,25,0,0,359,0.6875
1207453500,24,0,0,359,0.1875
1207454400,26,1,0,359,1.375
1207455300,23,0,0,359,1.4375
1207456200,26,1,0,359,1.3125
1207457100,27,2,0,359,1.4375
1207458000,22,13,0,359,1.5
1207458900,38,104,0,359,1.25
1207459800,128,174,0,359,0.8125
1207460700,105,187,0,359,1.125
1207461600,75,190,0,360,1.25
1207462500,123,192,0,11,0.875
1207463400,108,173,0,10,0.5
1207464300,91,211,0,117,0.3125
1207465200,87,212,3,69,0.25
1207466100,91,218,0,13,0.3125
1207467000,89,221,0,28,0.4375
1207467900,87,225,0,11,0.4375
1207468800,94,222,0,335,0.375
1207469700,95,230,3,332,0.4375
1207470600,96,228,0,73,0.4375
1207471500,90,226,0,21,0.5
1207472400,100,227,0,359,0.5
1207473300,104,228,0,349,0.5625
1207474200,97,232,0,347,0.625
1207475100,123,233,0,350,0.625
1207476000,108,232,0,350,0.625
1207476900,96,235,0,7,0.75
1207477800,117,233,0,356,0.6875
1207478700,110,236,0,359,0.8125
1207479600,108,234,0,349,0.875
1207480500,100,239,0,4,1.4375
1207481400,110,243,0,83,2.125
1207482300,97,243,0,85,2.5
1207483200,93,241,0,44,1.8125
1207484100,82,240,0,128,1.6875
1207485000,77,239,0,113,1.375
1207485900,8,243,0,343,2.125
1207486800,2,243,0,18,2.25
1207487700,1,242,0,347,1.9375
1207488600,1,243,0,1,2.3125
1207489500,2,247,0,342,2.625
1207490400,1,246,18,1,3.3125
1207491300,1,244,81,360,2.4375
1207492200,1,247,12,325,2.9375
1207493100,1,246,42,349,3.3125
1207494000,1,246,69,346,2.9375
1207494900,0,247,66,6,3.625
1207495800,0,247,51,339,5
1207496700,1,246,51,336,4.875
1207497600,0,248,51,88,5.75
1207498500,0,244,30,76,5.1875
1207499400,0,243,24,339,4.375
1207500300,0,244,24,337,4.9375
1207501200,0,242,0,349,4.8125
1207502100,0,240,0,357,4.75
1207503000,1,237,3,337,4.375
1207503900,1,236,27,349,4.5
1207504800,1,232,21,1,4
1207505700,1,226,48,322,3.9375
1207506600,1,198,60,357,3.125
1207507500,1,147,33,353,3.25
1207508400,1,64,66,352,2.125
1207509300,1,14,0,328,1.75
1207510200,1,7,9,347,2
1207511100,0,8,0,344,1.6875
1207512000,1,8,18,342,1.6875
1207512900,0,1,75,339,1.625
1207513800,0,9,18,329,0.8125
1207514700,0,10,6,322,0.625
1207515600,1,10,0,326,0.875
1207516500,1,9,51,340,0.9375
1207517400,0,11,18,329,0.8125
1207518300,1,11,0,328,0.625
1207519200,1,13,45,333,0.375
1207520100,1,13,18,339,1.125
1207521000,1,15,0,336,1.25
1207521900,1,15,0,336,1
1207522800,1,18,15,356,1.75
1207523700,1,19,0,356,1.75
1207524600,0,22,93,357,1.6875
1207525500,0,25,0,342,1.6875
1207526400,0,25,36,344,1.75
1207527300,0,26,189,330,1.625
1207528200,0,26,183,333,1.5
1207529100,0,25,0,344,1.3125
1207530000,0,26,0,340,1.1875
1207530900,0,35,3,339,1.1875
1207531800,0,32,0,333,0.875
1207532700,0,31,0,339,0.4375
1207533600,0,28,27,316,0.5
1207534500,0,31,66,316,-0.125
1207535400,0,8,0,332,-0.5625
1207536300,0,30,6,344,-0.75
1207537200,0,29,0,11,-1.3125
1207538100,1,27,0,35,-1.4375
1207539000,1,26,6,356,-0.6875
1207539900,1,29,0,350,-0.5625
1207540800,0,27,0,6,-0.125
1207541700,0,30,0,8,0
1207542600,0,30,0,335,0.0625
1207543500,0,37,0,336,-0.4375
1207544400,0,64,3,360,0.0625
1207545300,0,133,0,344,0
1207546200,0,168,18,3,0.5625
1207547100,0,187,12,352,0.75
1207548000,0,215,0,316,0.875
1207548900,0,219,0,326,1
1207549800,0,225,3,323,1.1875
1207550700,0,233,21,325,1.5
1207551600,0,236,24,336,1.9375
1207552500,0,238,0,335,2.125
1207553400,0,237,0,332,2.25
1207554300,0,242,21,78,3.375
1207555200,0,243,0,342,3.875
1207556100,0,244,0,340,4.375
1207557000,0,245,0,333,5.1875
1207557900,0,247,39,353,6
1207558800,0,246,84,335,6.0625
1207559700,0,247,135,344,6.3125
1207560600,0,248,27,7,6.875
1207561500,0,250,144,288,8.625
1207562400,0,249,24,344,7.5625
1207563300,0,246,111,330,7.6875
1207564200,0,248,69,335,9.25
1207565100,0,249,9,344,11.8125
1207566000,0,246,129,359,8.0625
1207566900,0,246,111,7,8.3125
1207567800,0,246,45,4,8.0625
1207568700,0,249,153,328,9.625
1207569600,0,247,72,330,9.5
1207570500,0,248,27,360,11.5625
1207571400,0,247,84,342,9.5625
1207572300,0,250,87,350,11.8125
1207573200,0,241,126,356,9.125
1207574100,18,237,6,340,6.375
1207575000,13,246,33,332,7.9375
1207575900,0,245,3,318,9.3125
1207576800,0,244,3,326,8.25
1207577700,0,248,6,243,10.125
1207578600,0,249,15,356,12.6875
1207579500,0,250,0,226,15.3125
1207580400,0,249,15,89,15.1875
1207581300,0,241,0,4,14.0625
1207582200,0,245,0,329,12.375
1207583100,0,249,21,11,13.375
1207584000,0,248,129,333,12.125
1207584900,0,247,6,8,12.5625
1207585800,0,236,0,326,8.3125
1207586700,0,241,93,30,8.9375
1207587600,0,246,198,320,10.3125
1207588500,0,242,9,333,7.75
1207589400,0,243,0,329,9
1207590300,0,240,0,350,8.75
1207591200,0,235,0,154,7.6875
1207592100,0,219,0,145,5.3125
1207593000,0,187,0,354,4.6875
1207593900,0,151,3,198,4.375
1207594800,0,68,0,13,4.25
1207595700,0,14,6,226,4
1207596600,0,5,0,226,3.1875
1207597500,0,4,24,226,3
1207598400,0,3,0,213,3.3125
1207599300,0,3,0,237,2.5625
1207600200,0,3,0,99,2.9375
1207601100,0,3,0,202,2
1207602000,0,3,0,199,2.3125
1207602900,0,3,9,89,2.25
1207603800,0,3,0,226,2.0625
1207604700,0,3,0,226,1.875
1207605600,0,3,0,226,1.0625
1207606500,0,3,0,226,1.375
1207607400,0,3,0,256,1.5
1207608300,0,3,0,281,1.6875
1207609200,0,3,0,280,1.0625
1207610100,0,0,0,281,1.5
1207611000,0,4,0,281,1.125
1207611900,0,4,0,281,0.6875
1207612800,0,4,0,281,-0.4375
1207613700,0,5,0,280,0.5
1207614600,0,5,0,280,0.875
1207615500,0,0,0,280,0.5625
1207616400,0,7,0,280,0.375
1207617300,0,8,0,229,0.3125
1207618200,0,8,33,227,0.875
1207619100,0,10,18,175,1.125
1207620000,0,9,0,224,0.625
1207620900,0,10,0,226,1.3125
1207621800,0,11,0,237,1
1207622700,0,11,0,239,-0.0625
1207623600,1,11,0,239,-1.125
1207624500,1,11,0,239,-2.25
1207625400,0,12,0,239,-2.5
1207626300,0,13,0,239,-1.1875
1207627200,0,0,0,239,-0.6875
1207628100,0,14,0,239,-2.75
1207629000,0,15,0,239,-2.0625
1207629900,0,25,0,239,-1.375
1207630800,0,68,0,239,-2.125
1207631700,0,150,0,239,-1.625
1207632600,0,197,0,229,-0.6875
1207633500,1,221,0,227,-0.25
1207634400,2,231,0,227,0.8125
1207635300,59,235,0,226,2.3125
1207636200,62,236,0,226,3.375
1207637100,43,236,0,227,4.0625
1207638000,15,239,0,227,5.6875
1207638900,0,242,0,227,6.5625
1207639800,15,243,0,227,7.75
1207640700,15,245,0,294,7.375
1207641600,14,245,0,322,7.5625
1207642500,9,247,54,323,9.5625
1207643400,10,247,0,24,9.6875
1207644300,10,245,0,339,8.625
1207645200,10,244,0,288,7.5625
1207646100,11,248,0,172,12.0625
1207647000,11,249,0,342,11.9375
1207647900,10,249,0,109,14.6875
1207648800,9,247,48,78,12.1875
1207649700,9,245,36,350,12.25
1207650600,9,245,30,346,10
1207651500,9,244,0,328,9.8125
1207652400,9,244,0,296,9.625
1207653300,9,244,0,275,12.625
1207654200,8,244,54,349,9.625
1207655100,8,244,0,253,10.75
1207656000,1,244,15,131,11.5
1207656900,10,245,33,343,10.875
1207657800,9,244,0,274,10.625
1207658700,9,250,12,35,16.3125
1207659600,10,247,0,353,13.875
1207660500,10,248,0,268,14.625
1207661400,9,247,0,313,14.875
1207662300,9,248,18,304,15.1875
1207663200,10,250,0,202,19.5
1207664100,9,246,0,205,15.875
1207665000,9,248,0,13,15.4375
1207665900,9,244,0,360,13.3125
1207666800,9,241,18,206,11.8125
1207667700,0,243,0,208,11.75
1207668600,7,244,66,323,12.3125
1207669500,8,248,0,121,15.875
1207670400,8,241,0,333,10.8125
1207671300,7,247,0,200,15.5625
1207672200,8,247,33,353,13.25
1207673100,8,246,0,337,13.625
1207674000,8,245,0,330,14.125
1207674900,9,244,0,312,12.375
1207675800,8,242,0,226,11.3125
1207676700,8,239,72,346,11.125
1207677600,8,225,3,226,8
1207678500,9,215,0,232,7.0625
1207679400,9,198,0,226,6.125
1207680300,9,156,3,202,6.125
1207681200,8,73,0,226,6
1207682100,9,13,0,226,6.0625
1207683000,8,3,12,224,5.75
1207683900,9,2,0,226,5.25
1207684800,0,3,6,217,4.5
1207685700,8,3,0,226,4.1875
1207686600,9,3,0,226,4
1207687500,8,3,0,226,3.8125
1207688400,8,3,27,227,4.125
1207689300,8,3,0,219,2.9375
1207690200,9,3,0,212,3.1875
1207691100,9,3,0,216,3.5
1207692000,9,3,0,217,3.5
1207692900,9,4,0,219,4.125
1207693800,8,5,0,236,4.5
1207694700,8,7,3,234,4.5625
1207695600,9,7,0,236,4.0625
1207696500,8,4,9,237,3.375
1207697400,8,6,0,267,2.875
1207698300,9,4,0,267,2.6875
1207699200,9,5,0,267,0.9375
1207700100,8,5,0,267,0.875
1207701000,8,6,0,267,0.9375
1207701900,8,7,0,267,1.6875
1207702800,9,7,0,267,1.5625
1207703700,8,7,0,267,1.5625
1207704600,0,7,0,265,1.5625
1207705500,0,7,0,264,1.1875
1207706400,0,8,0,264,1.0625
1207707300,0,0,0,281,1.125
1207708200,0,9,0,281,1.25
1207709100,0,10,0,281,1.1875
1207710000,0,10,0,281,1
1207710900,0,11,0,281,1.125
1207711800,0,11,0,281,1.0625
1207712700,0,11,0,281,0.3125
1207713600,0,11,0,281,0.3125
1207714500,1,11,0,281,0.3125
1207715400,1,13,0,281,0.625
1207716300,1,23,0,291,0.375
1207717200,2,75,0,291,0.125
1207718100,2,156,0,291,-0.125
1207719000,0,170,0,291,-0.1875
1207719900,3,218,0,291,1.5
1207720800,2,227,0,291,2.0625
1207721700,1,232,0,291,2.9375
1207722600,0,234,0,291,3.75
1207723500,0,237,0,292,4.6875
1207724400,0,240,0,292,5.125
1207725300,0,243,0,292,5.5
1207726200,0,243,0,292,6.875
1207727100,0,245,0,292,8.125
1207728000,0,246,0,292,8.875
1207728900,0,247,0,292,10.9375
1207729800,0,247,0,294,10.9375
1207730700,0,248,0,294,11.9375
1207731600,0,248,0,294,11
1207732500,0,248,0,294,13.375
1207733400,0,249,0,306,13.25
1207734300,0,249,0,335,14.1875
1207735200,0,249,12,336,14.5
1207736100,1,249,0,224,16.0625
1207737000,0,249,0,152,17.1875
1207737900,0,250,3,347,17.625
1207738800,0,249,42,309,14.4375
1207739700,0,250,0,311,16.4375
1207740600,0,250,12,335,17.25
1207741500,0,249,0,330,13
1207742400,0,244,0,322,11.5625
1207743300,0,244,0,325,14.3125
1207744200,0,250,0,330,17.125
1207745100,0,250,21,299,16.1875
1207746000,0,250,9,0,21.8125
1207746900,0,250,9,326,17.125
1207747800,1,248,45,333,14.125
1207748700,0,244,78,340,14.1875
1207749600,0,245,3,333,14.75
1207750500,0,250,0,312,17
1207751400,0,249,0,337,18.875
1207752300,0,244,15,309,13.9375
1207753200,0,249,0,316,16.3125
1207754100,0,249,141,325,18.3125
1207755000,0,249,33,308,18.375
1207755900,0,249,30,312,19.4375
1207756800,0,248,0,316,18.9375
1207757700,0,240,0,332,13.9375
1207758600,0,241,0,347,14.6875
1207759500,0,247,168,319,15.9375
1207760400,0,239,24,328,13.3125
1207761300,0,236,3,326,12.0625
1207762200,0,230,48,347,11.0625
1207763100,0,226,0,322,10.375
1207764000,0,218,39,343,10.0625
1207764900,0,195,39,305,9.8125
1207765800,0,179,0,311,9.625
1207766700,0,133,0,328,10.1875
1207767600,0,65,120,328,9.9375
1207768500,0,14,0,295,9.3125
1207769400,0,4,39,335,9.5
1207770300,0,3,15,332,8.875
1207771200,0,3,0,332,7.75
1207772100,0,3,9,332,8.625
1207773000,0,3,0,332,7.3125
1207773900,0,3,0,332,6.375
1207774800,0,4,0,332,5.5
1207775700,0,4,0,332,5.125
1207776600,0,4,0,332,5.3125
1207777500,0,5,0,332,5.375
1207778400,0,5,0,332,5.5
1207779300,0,5,0,332,5.1875
1207780200,0,5,0,356,5.1875
1207781100,0,6,0,356,5
1207782000,0,0,0,356,4.75
1207782900,0,6,0,356,4.5625
1207783800,0,7,0,356,3.8125
1207784700,0,7,0,356,3.625
1207785600,0,7,0,349,4.1875
1207786500,0,7,0,349,3.875
1207787400,0,0,0,349,3.5
1207788300,0,7,0,313,3.1875
1207789200,0,7,0,311,3
1207790100,0,8,0,311,2.625
1207791000,0,8,0,311,2.5
1207791900,0,8,0,311,3.375
1207792800,0,8,0,311,3.3125
1207793700,0,8,0,311,3
1207794600,0,9,0,311,2.9375
1207795500,0,9,0,311,2.0625
1207796400,0,9,0,311,2.1875
1207797300,0,9,0,326,2.8125
1207798200,0,9,0,326,2.75
1207799100,0,0,0,326,2.375
1207800000,0,10,0,325,2.3125
1207800900,0,10,0,325,2.3125
1207801800,0,12,0,325,1.8125
1207802700,0,26,6,325,2.1875
1207803600,0,90,0,323,1.5625
1207804500,0,166,0,323,0.5
1207805400,0,203,0,323,1.5
1207806300,0,220,0,323,3.0625
1207807200,0,227,6,323,4.25
1207808100,0,232,0,323,5.1875
1207809000,0,233,9,323,6
1207809900,0,235,0,315,6.6875
1207810800,0,239,0,315,7.9375
1207811700,0,242,6,329,8.25
1207812600,0,244,0,329,10
1207813500,0,245,0,329,10.625
1207814400,0,246,0,322,10.5625
1207815300,0,247,0,340,10.625
1207816200,0,247,0,335,11.3125
1207817100,0,247,15,330,12.3125
1207818000,0,248,6,330,14
1207818900,0,248,0,227,15.5625
1207819800,0,246,174,342,13.625
1207820700,0,249,0,0,16.5
1207821600,0,242,0,339,15.375
1207822500,0,249,0,32,17.1875
1207823400,0,244,0,17,13.125
1207824300,0,243,6,82,12.1875
1207825200,0,248,0,315,17.8125
1207826100,0,250,9,360,19.375
1207827000,0,243,0,38,13.8125
1207827900,0,243,9,318,12.875
1207828800,0,242,0,333,12.625
1207829700,0,245,0,333,12.125
1207830600,0,250,45,216,18
1207831500,0,250,24,162,18.6875
1207832400,0,246,39,267,16.375
1207833300,0,245,42,138,17
1207834200,0,250,45,31,19.5
1207835100,0,250,30,40,20.25
1207836000,0,246,18,322,15.8125
1207836900,0,244,9,247,14.125
1207837800,0,242,177,220,12.5625
1207838700,0,244,30,233,12.5625
1207839600,0,248,6,220,14.875
1207840500,0,249,42,8,15.9375
1207841400,0,247,78,51,13.5
1207842300,0,246,42,137,14.4375
1207843200,0,245,0,223,13.75
1207844100,0,243,96,224,12.3125
1207845000,0,242,0,224,11.9375
1207845900,0,240,9,226,11.4375
1207846800,0,239,6,287,11.1875
1207847700,0,237,63,222,11.125
1207848600,0,240,3,261,11.0625
1207849500,0,236,3,88,10.625
1207850400,0,238,0,219,10.5
1207851300,0,222,0,219,9.125
1207852200,0,207,0,224,7.9375
1207853100,0,173,0,227,7.5
1207854000,0,101,0,226,7.4375
1207854900,0,28,51,224,6.875
1207855800,0,7,0,224,6.625
1207856700,0,17,0,215,6.4375
1207857600,0,4,3,217,6
1207858500,0,4,30,226,5.875
1207859400,0,5,0,227,5.9375
1207860300,0,5,0,227,5.5
1207861200,0,5,21,227,5.5
1207862100,0,5,0,226,5.375
1207863000,0,5,9,14,5.25
1207863900,0,5,12,222,5.125
1207864800,0,6,63,224,4.875
1207865700,0,6,0,226,4.6875
1207866600,0,6,6,226,3.75
1207867500,0,6,0,226,3.625
1207868400,0,6,6,226,4.1875
1207869300,0,7,0,16,3.625
1207870200,0,7,0,226,3.5625
1207871100,0,7,63,226,4.0625
1207872000,0,7,0,226,3.75
1207872900,0,8,27,224,3.4375
1207873800,0,8,0,224,4.25
1207874700,0,9,3,222,4
1207875600,0,11,48,7,4.625
1207876500,0,10,0,195,4.875
1207877400,0,11,0,209,4.8125
1207878300,1,13,30,257,5.625
1207879200,0,42,33,210,5.5625
1207880100,47,14,6,222,5.375
1207881000,102,12,30,217,5.3125
1207881900,105,13,0,226,5.4375
1207882800,106,13,21,217,5.1875
1207883700,100,13,0,224,5.0625
1207884600,100,14,0,226,5.375
1207885500,100,14,0,223,5.0625
1207886400,111,13,12,8,4.4375
1207887300,115,14,0,220,4.25
1207888200,112,18,45,10,3.75
1207889100,109,36,63,184,3.6875
1207890000,110,99,12,216,3.6875
1207890900,0,203,3,222,3.4375
1207891800,108,204,6,226,3.875
1207892700,106,221,6,224,4.75
1207893600,108,228,0,226,5.625
1207894500,107,233,9,226,6.1875
1207895400,102,234,0,172,6.9375
1207896300,93,237,0,191,7.5625
1207897200,31,241,72,216,8.3125
1207898100,3,242,0,171,8.6875
1207899000,122,245,54,208,9.5625
1207899900,0,246,96,226,10.0625
1207900800,0,246,0,203,10.875
1207901700,0,248,12,227,12.4375
1207902600,0,248,15,226,12.875
1207903500,0,246,87,58,13.1875
1207904400,0,245,15,302,13
1207905300,0,248,6,3,15.125
1207906200,0,249,6,275,13.5
1207907100,0,247,3,112,13.8125
1207908000,0,248,0,210,12.5625
1207908900,117,248,12,284,11.625
1207909800,100,249,78,226,13.1875
1207910700,2,246,0,172,12.6875
1207911600,2,250,15,243,13.9375
1207912500,2,244,33,261,14.75
1207913400,2,245,36,271,14
1207914300,2,245,57,237,17.6875
1207915200,1,248,9,224,14.8125
1207916100,2,234,3,318,9.9375
1207917000,99,247,0,61,10.5
1207917900,73,249,60,332,11.375
1207918800,67,250,69,289,12.375
1207919700,0,250,30,152,14.0625
1207920600,61,250,102,294,14.875
1207921500,61,244,108,152,12.3125
1207922400,137,250,36,342,12.75
1207923300,106,249,9,329,14.125
1207924200,102,245,51,304,12.625
1207925100,103,241,0,312,12.1875
1207926000,99,244,258,326,12.0625
1207926900,96,246,207,322,13.5625
1207927800,92,245,132,35,12.625
1207928700,94,244,156,330,12.625
1207929600,92,242,75,343,11.75
1207930500,89,240,96,208,11.75
1207931400,0,248,117,312,14
1207932300,1,247,36,347,13.125
1207933200,1,242,93,320,12.1875
1207934100,1,245,15,319,13.1875
1207935000,1,244,177,320,12.375
1207935900,1,244,24,291,12.125
1207936800,0,238,0,0,11.375
1207937700,0,231,72,68,10.375
1207938600,0,210,0,335,9.0625
1207939500,0,179,0,335,8.6875
1207940400,0,110,9,210,7.5625
1207941300,0,31,0,330,7.5625
1207942200,0,7,0,335,7
1207943100,0,3,3,336,6.9375
1207944000,0,3,0,336,6.5625
1207944900,0,3,0,224,7
1207945800,0,4,117,216,7.125
1207946700,0,4,72,56,7.3125
1207947600,0,4,21,244,7.5
1207948500,0,3,12,224,7.9375
1207949400,0,5,57,206,7.625
1207950300,0,6,24,215,7.625
1207951200,0,6,51,128,7.625
1207952100,0,7,21,226,7.5
1207953000,0,7,6,229,7.4375
1207953900,0,8,0,206,7.5625
1207954800,0,8,0,154,7.6875
1207955700,0,8,0,219,7.375
1207956600,0,9,78,236,7.875
1207957500,3,9,36,234,7.75
1207958400,16,11,6,253,7.875
1207959300,89,4,0,239,7.625
1207960200,93,14,30,226,7.375
1207961100,87,17,9,127,7.0625
1207962000,72,19,12,247,7.5
1207962900,65,22,12,217,7.1875
1207963800,142,25,27,278,6.9375
1207964700,153,23,0,6,6.875
1207965600,106,19,0,299,6.875
1207966500,103,22,6,224,6.5625
1207967400,104,22,12,18,6.0625
1207968300,109,23,0,328,5.625
1207969200,108,23,0,323,5.9375
1207970100,92,21,51,330,5.6875
1207971000,0,11,0,336,5.375
1207971900,12,23,3,342,4.875
1207972800,10,21,0,10,5.125
1207973700,7,25,24,226,4.5625
1207974600,3,33,9,10,4.625
1207975500,1,60,0,329,4.5625
1207976400,1,129,0,328,4.25
1207977300,0,184,0,337,3.9375
1207978200,0,209,0,330,4.0625
1207979100,0,223,12,359,5.25
1207980000,0,228,0,313,6
1207980900,0,233,0,281,6.0625
1207981800,0,233,0,93,6.4375
1207982700,0,238,18,344,6.75
1207983600,0,242,0,25,8.6875
1207984500,0,237,18,304,8.375
1207985400,0,245,6,308,9
1207986300,0,246,72,311,10.5
1207987200,0,247,60,337,11.375
1207988100,0,246,0,337,11.625
1207989000,0,243,9,336,11.75
1207989900,0,248,27,155,13.5625
1207990800,0,246,21,224,13.6875
1207991700,0,248,6,330,13.5625
1207992600,0,245,45,316,12.5
1207993500,0,246,18,330,12.3125
1207994400,0,246,9,319,13.875
1207995300,0,245,45,309,12.8125
1207996200,0,246,0,133,13.375
1207997100,0,244,9,336,12.6875
1207998000,0,250,81,8,18.0625
1207998900,0,246,39,352,13.6875
1207999800,0,245,3,332,12.9375
1208000700,24,241,165,295,11.5
1208001600,36,248,72,90,12.625
1208002500,0,250,3,298,16.0625
1208003400,0,250,123,316,18.125
1208004300,0,246,12,339,14.3125
1208005200,0,247,12,169,14.25
1208006100,0,245,114,344,14.25
1208007000,0,247,57,141,13.4375
1208007900,0,242,57,350,12.0625
1208008800,0,250,60,304,16.1875
1208009700,0,246,0,6,14.5
1208010600,0,247,12,240,13.75
1208011500,0,248,111,176,14.75
1208012400,0,249,12,165,16.8125
1208013300,0,248,9,203,16.8125
1208014200,0,245,51,20,14.25
1208015100,0,234,24,295,9.9375
1208016000,0,242,0,326,12.375
1208016900,0,246,0,296,12.5
1208017800,0,248,0,270,12.625
1208018700,0,239,21,287,12.5
1208019600,0,239,84,326,12.0625
1208020500,0,236,60,350,11.375
1208021400,0,231,0,222,10.3125
1208022300,0,228,0,64,10
1208023200,0,221,0,209,9.5625
1208024100,0,230,6,210,10.6875
1208025000,0,214,0,318,10.1875
1208025900,0,184,0,320,9.25
1208026800,0,116,0,352,8.6875
1208027700,0,40,33,272,8.375
1208028600,0,1,0,315,7.75
1208029500,0,8,0,73,7
1208030400,0,8,0,7,6.625
1208031300,0,8,0,145,6.8125
1208032200,0,8,0,224,6.4375
1208033100,0,9,0,258,6.1875
1208034000,0,9,0,328,6.1875
1208034900,0,10,0,208,6.1875
1208035800,0,10,0,224,5.75
1208036700,0,11,0,71,5.375
1208037600,0,13,0,54,6.25
1208038500,0,14,0,54,5.125
1208039400,0,17,0,54,5.0625
1208040300,0,18,0,54,5.6875
1208041200,0,37,0,329,5.875
1208042100,0,25,0,260,5.875
1208043000,0,29,6,226,5.4375
1208043900,0,33,0,219,6.3125
1208044800,0,26,0,196,6.6875
1208045700,0,28,9,232,6.0625
1208046600,0,26,0,232,5.4375
1208047500,0,48,0,227,4.875
1208048400,0,22,0,227,3.5
1208049300,1,26,0,227,4.125
1208050200,1,25,15,226,5.125
1208051100,0,4,9,226,5.375
1208052000,0,26,12,226,4.875
1208052900,0,26,0,69,4.75
1208053800,0,26,0,144,4.5625
1208054700,0,26,0,152,3.9375
1208055600,0,28,0,160,4.375
1208056500,0,28,0,133,4.4375
1208057400,0,22,0,141,4.1875
1208058300,0,21,3,182,4.125
1208059200,1,23,3,196,4.5625
1208060100,1,28,42,224,4.4375
1208061000,1,64,36,226,4.625
1208061900,1,93,0,224,4.5
1208062800,0,18,0,234,4.25
1208063700,1,198,30,226,4.25
1208064600,1,217,0,227,4.5625
1208065500,1,227,0,226,5.3125
1208066400,1,233,12,251,6.5625
1208067300,0,237,0,226,7.5
1208068200,0,238,0,229,8.4375
1208069100,0,241,0,216,9.3125
1208070000,0,243,0,58,10.25
1208070900,0,244,0,113,10.6875
1208071800,0,245,0,256,11.625
1208072700,0,247,0,61,12.25
1208073600,0,247,3,212,13.3125
1208074500,0,248,0,121,16
1208075400,0,243,0,254,12.5625
1208076300,0,248,0,322,15.375
1208077200,0,244,9,86,12.375
1208078100,0,243,0,340,11.625
1208079000,0,249,0,150,17.875
1208079900,0,237,0,130,16.75
1208080800,60,231,18,322,8.25
1208081700,54,231,0,337,7.3125
1208082600,38,231,12,305,7.4375
1208083500,23,238,12,239,7.1875
1208084400,17,240,33,212,7.25
1208085300,17,248,0,224,8.8125
1208086200,6,250,6,224,12.9375
1208087100,3,250,78,226,15.4375
1208088000,1,248,36,224,15
1208088900,0,249,3,250,13.5
1208089800,4,239,3,8,10.625
1208090700,9,234,63,169,9.0625
1208091600,0,238,0,299,7.625
1208092500,67,244,0,219,8.5
1208093400,58,248,0,220,11
1208094300,22,245,21,270,10.4375
1208095200,16,243,0,184,9.9375
1208096100,16,250,33,251,14.375
1208097000,12,244,0,181,12.125
1208097900,9,239,42,172,10.375
1208098800,58,220,0,319,8
1208099700,60,222,3,332,7.1875
1208100600,50,238,0,319,7.625
1208101500,57,239,0,311,8.0625
1208102400,51,244,0,311,9.0625
1208103300,46,243,0,239,9.625
1208104200,42,244,0,224,9.875
1208105100,26,248,0,216,12.8125
1208106000,20,246,0,226,12.4375
1208106900,20,242,0,226,10.25
1208107800,19,235,0,250,8.3125
1208108700,18,228,0,250,8.1875
1208109600,18,220,0,250,7.9375
1208110500,19,201,0,250,8.1875
1208111400,21,187,0,250,8.125
1208112300,4,143,0,250,7.75
1208113200,46,64,6,6,7
1208114100,82,43,0,302,6.0625
1208115000,83,27,0,302,6
1208115900,100,24,0,302,5.875
1208116800,88,22,0,302,5.875
1208117700,88,21,0,302,5.8125
1208118600,94,19,0,302,5.5
1208119500,92,21,0,302,5.125
1208120400,92,21,3,305,5.625
1208121300,91,22,0,305,5.75
1208122200,92,23,0,305,5.5625
1208123100,91,24,0,305,5.75
1208124000,89,27,0,305,5.4375
1208124900,89,28,0,305,5.3125
1208125800,85,40,0,160,5.625
1208126700,74,41,3,305,6
1208127600,77,43,0,305,5.8125
1208128500,75,41,0,319,5.625
1208129400,80,43,0,319,5.9375
1208130300,72,42,0,335,5.6875
1208131200,68,46,0,335,5.875
1208132100,73,48,0,335,6
1208133000,93,48,0,335,5.9375
1208133900,96,53,0,337,6.0625
1208134800,95,54,6,353,6.0625
1208135700,90,54,0,337,6.125
1208136600,94,63,0,330,6.125
1208137500,86,62,0,337,6.125
1208138400,90,64,0,0,5.9375
1208139300,90,64,0,333,5.625
1208140200,91,62,0,344,5.5625
1208141100,88,64,3,352,5.3125
1208142000,90,65,0,336,5.25
1208142900,90,68,3,350,4.5625
1208143800,90,68,3,342,4.625
1208144700,92,70,3,346,4.5
1208145600,92,65,0,316,4.5
1208146500,94,70,54,323,4.5
1208147400,94,82,3,322,4.5
1208148300,92,130,0,340,4.0625
1208149200,93,187,3,340,3.75
1208150100,98,208,0,343,3.5625
1208151000,99,220,0,342,3.6875
1208151900,100,230,18,342,3.6875
1208152800,100,235,0,336,3.5
1208153700,101,238,0,336,4.75
1208154600,91,239,48,302,5.375
1208155500,86,240,6,326,6
1208156400,72,242,3,318,6.25
1208157300,33,244,30,323,6.75
1208158200,36,244,66,344,7.0625
1208159100,17,245,30,312,7.5625
1208160000,14,246,0,340,8.625
1208160900,11,247,0,359,9.3125
1208161800,10,247,0,335,10
1208162700,12,247,117,349,10.1875
1208163600,8,248,0,360,11.3125
1208164500,7,248,33,332,11.8125
1208165400,9,247,63,336,12.3125
1208166300,10,249,117,340,12.5
1208167200,9,249,243,0,12.9375
1208168100,9,249,24,329,13.875
1208169000,2,250,21,322,14.375
1208169900,1,250,87,344,14.1875
1208170800,1,249,168,320,15.6875
1208171700,1,249,57,356,15
1208172600,1,250,180,332,15.6875
1208173500,31,239,36,354,9.9375
1208174400,64,250,48,352,17
1208175300,52,240,138,349,11.5
1208176200,49,250,48,332,15.625
1208177100,44,250,0,337,15.625
1208178000,42,250,312,333,15.5625
1208178900,42,243,126,335,13.5
1208179800,40,240,321,336,11.875
1208180700,35,250,0,329,13.6875
1208181600,23,249,207,240,15.1875
1208182500,22,249,54,346,15
1208183400,21,248,228,339,12.25
1208184300,20,245,0,51,12.5625
1208185200,51,245,210,301,11.1875
1208186100,40,242,165,323,11.25
1208187000,39,247,33,330,13.75
1208187900,35,246,72,349,12.3125
1208188800,34,247,0,340,13.8125
1208189700,32,248,0,333,15.5
1208190600,30,230,144,340,11.3125
1208191500,30,242,6,346,12.5625
1208192400,30,246,0,319,14.5
1208193300,1,244,0,280,12.9375
1208194200,5,241,0,333,12.25
1208195100,1,214,0,333,10.25
1208196000,1,236,36,184,10.375
1208196900,1,221,18,168,9.0625
1208197800,1,211,3,223,8.5
1208198700,1,179,54,90,8.9375
1208199600,1,131,0,106,8.5625
1208200500,0,0,6,326,8.375
1208201400,1,13,6,340,8.0625
1208202300,1,7,18,360,7.6875
1208203200,1,7,81,165,7.5625
1208204100,1,6,0,140,6.75
1208205000,1,7,0,140,6.9375
1208205900,0,8,0,131,6.9375
1208206800,0,7,0,97,6.875
1208207700,0,8,0,0,6.8125
1208208600,0,8,0,16,6.5
1208209500,0,9,0,76,6.125
1208210400,0,9,30,110,6.25
1208211300,0,9,48,360,5.625
1208212200,0,10,0,357,4.8125
1208213100,1,11,0,18,4.0625
1208214000,1,10,0,88,4.3125
1208214900,1,12,3,88,4.0625
1208215800,1,12,0,37,3.9375
1208216700,1,12,0,35,3.9375
1208217600,1,13,0,35,3.3125
1208218500,1,13,3,30,3.3125
1208219400,1,13,0,30,2.875
1208220300,1,13,0,30,2.875
1208221200,1,14,0,23,2.9375
1208222100,1,15,0,7,2.8125
1208223000,0,0,0,7,2.625
1208223900,1,14,0,7,2.3125
1208224800,1,13,0,7,1.75
1208225700,2,16,0,7,1.625
1208226600,2,15,6,7,1.5625
1208227500,3,17,0,7,1.3125
1208228400,3,19,0,7,1.5
1208229300,4,20,0,7,1.25
1208230200,5,20,0,7,1.3125
1208231100,5,28,0,7,1.125
1208232000,5,26,0,7,1.125
1208232900,6,29,0,7,-0.0625
1208233800,11,42,0,7,0.0625
1208234700,0,92,0,7,0.875
1208235600,12,150,0,7,0.5
1208236500,10,193,0,7,0.3125
1208237400,13,215,0,7,0.125
1208238300,14,225,0,7,1.75
1208239200,14,231,0,7,2.6875
1208240100,11,235,0,7,2.8125
1208241000,11,237,0,7,4.125
1208241900,4,240,0,7,5.0625
1208242800,3,242,0,7,5.4375
1208243700,2,243,0,7,6.4375
1208244600,2,244,0,4,6.1875
1208245500,2,246,0,4,7.9375
1208246400,2,245,0,4,7.9375
1208247300,2,247,0,6,10.0625
1208248200,1,247,9,6,10.9375
1208249100,1,248,27,357,9.8125
1208250000,1,247,0,356,10.6875
1208250900,1,248,0,356,12.75
1208251800,1,248,0,356,14.6875
1208252700,0,248,0,356,14.75
1208253600,1,248,0,343,14.8125
1208254500,0,249,30,349,15.375
1208255400,0,250,21,349,15.5625
1208256300,0,247,18,315,12.4375
1208257200,0,250,6,309,13.75
1208258100,0,244,0,209,15
1208259000,0,250,0,316,14
1208259900,0,250,3,287,20.125
1208260800,0,250,0,224,20.75
1208261700,0,250,0,34,23
1208262600,0,250,15,319,20.125
1208263500,1,250,6,333,20.125
1208264400,0,250,0,282,20.75
1208265300,0,250,21,244,20.3125
1208266200,0,249,3,64,19.125
1208267100,0,250,84,13,17.0625
1208268000,0,245,0,357,14.9375
1208268900,0,249,0,335,17.3125
1208269800,0,249,66,325,20
1208270700,0,250,12,349,20.9375
1208271600,0,249,117,137,16.75
1208272500,0,242,36,332,15
1208273400,0,246,18,316,17.75
1208274300,0,249,90,332,17.9375
1208275200,0,241,18,323,15.125
1208276100,0,249,138,318,17.625
1208277000,0,240,105,349,15
1208277900,0,242,0,316,13.0625
1208278800,0,245,30,316,15.625
1208279700,0,238,114,248,12.75
1208280600,0,235,33,359,11.5625
1208281500,0,232,99,217,10.8125
1208282400,0,229,27,226,10.375
1208283300,0,219,0,216,10.125
1208284200,0,200,0,205,9.9375
1208285100,0,115,0,313,9.75
1208286000,0,68,0,332,9.1875
1208286900,0,25,75,18,8.625
1208287800,0,8,63,336,8.375
1208288700,0,6,27,21,7.875
1208289600,1,6,138,336,7.5
1208290500,0,6,9,342,6.75
1208291400,0,7,6,318,6.75
1208292300,0,0,12,319,6.4375
1208293200,65,7,57,316,5.875
1208294100,107,7,135,323,5.3125
1208295000,112,7,0,335,5
1208295900,104,7,0,335,4.9375
1208296800,104,8,0,335,4.875
1208297700,93,10,0,205,4.875
1208298600,95,10,0,296,4.875
1208299500,91,11,0,215,4.8125
1208300400,88,10,0,206,4.375
1208301300,83,11,0,206,3.8125
1208302200,82,11,0,206,4.1875
1208303100,82,12,0,206,4.0625
1208304000,88,14,0,206,3.8125
1208304900,83,13,0,206,3.6875
1208305800,85,13,0,206,4.1875
1208306700,85,14,0,206,3.8125
1208307600,82,15,0,206,4.1875
1208308500,83,16,0,206,4.0625
1208309400,81,15,0,206,3.75
1208310300,82,18,0,206,4.125
1208311200,80,17,0,206,3.875
1208312100,81,19,0,206,4.1875
1208313000,81,20,0,206,4.5
1208313900,78,19,0,206,4.3125
1208314800,0,0,0,206,4.3125
1208315700,73,22,0,206,4.375
1208316600,72,22,0,206,4.375
1208317500,71,24,0,206,4.4375
1208318400,58,24,0,206,4.5
1208319300,69,26,0,206,4.5
1208320200,70,32,0,206,4.4375
1208321100,71,62,3,206,4.4375
1208322000,61,129,0,206,4.5625
1208322900,68,168,3,215,4.625
1208323800,68,197,0,215,4.625
1208324700,70,210,0,215,4.875
1208325600,71,222,9,223,4.9375
1208326500,62,231,24,213,5.1875
1208327400,59,236,0,213,5.5625
1208328300,58,237,0,213,5.875
1208329200,45,241,45,217,6.625
1208330100,29,243,0,224,9.25
1208331000,27,246,0,224,9.4375
1208331900,17,246,0,217,9.6875
1208332800,14,246,12,209,9.9375
1208333700,11,247,0,212,11.8125
1208334600,9,247,18,209,11.8125
1208335500,8,248,75,222,11.5625
1208336400,8,248,30,219,12.0625
1208337300,8,248,63,222,13.6875
1208338200,7,249,96,226,13.1875
1208339100,8,248,108,188,13.625
1208340000,8,249,60,200,13.6875
1208340900,8,250,36,147,15.9375
1208341800,7,245,0,131,12.375
1208342700,8,245,0,208,12.375
1208343600,0,246,51,179,12.3125
1208344500,8,247,27,222,17.875
1208345400,7,249,72,176,14.25
1208346300,7,246,39,224,13.5625
1208347200,7,243,36,224,12.0625
1208348100,8,246,141,219,12.4375
1208349000,7,245,42,223,11.375
1208349900,7,241,3,216,11.6875
1208350800,7,240,144,215,11.375
1208351700,7,243,102,217,11.625
1208352600,7,241,51,205,11.25
1208353500,7,242,150,213,11
1208354400,7,244,105,193,11.75
1208355300,7,244,150,172,11.8125
1208356200,7,245,75,294,12.25
1208357100,7,243,96,224,12
1208358000,7,245,24,216,12.3125
1208358900,7,246,102,219,12.9375
1208359800,8,246,6,223,13.0625
1208360700,7,245,63,217,12.8125
1208361600,7,243,105,213,12.375
1208362500,7,244,96,216,12.0625
1208363400,7,244,0,223,11.9375
1208364300,7,242,12,223,11.5625
1208365200,7,242,183,217,11.4375
1208366100,7,245,153,186,12.875
1208367000,7,243,141,223,11.9375
1208367900,7,241,144,256,12.0625
1208368800,7,237,81,224,11.0625
1208369700,6,231,90,220,10.125
1208370600,6,217,123,217,9.1875
1208371500,6,196,0,169,8.125
1208372400,0,17,72,209,7.5625
1208373300,3,71,180,174,7.5625
1208374200,3,19,159,210,7.1875
1208375100,3,9,153,195,7.25
1208376000,3,7,135,215,6.4375
1208376900,3,7,108,224,6.25
1208377800,3,7,0,213,6
1208378700,3,7,15,223,5.625
1208379600,3,7,0,217,4.9375
1208380500,3,7,15,188,5
1208381400,3,8,3,205,4.9375
1208382300,2,7,39,205,4.4375
1208383200,2,8,30,216,4.25
1208384100,3,8,15,234,4.0625
1208385000,3,8,66,217,4.125
1208385900,2,8,27,192,4.0625
1208386800,3,9,12,212,4
1208387700,3,9,33,224,4.125
1208388600,3,10,39,175,4
1208389500,2,10,3,212,3.75
1208390400,2,10,39,209,4.125
1208391300,2,11,33,213,3.875
1208392200,2,12,144,203,4.4375
1208393100,2,13,6,121,4.6875
1208394000,1,15,9,203,5
1208394900,0,9,87,200,5.0625
1208395800,2,14,84,172,5.1875
1208396700,2,14,45,179,5.4375
1208397600,2,15,93,182,5.4375
1208398500,2,20,165,191,5.375
1208399400,2,22,12,178,5.25
1208400300,1,18,0,217,5.25
1208401200,2,19,33,136,5
1208402100,2,19,93,172,4.9375
1208403000,2,27,84,212,4.375
1208403900,2,29,126,206,4.0625
1208404800,2,30,93,193,4.125
1208405700,2,34,27,178,3.9375
1208406600,2,68,84,206,3.875
1208407500,2,93,144,224,3.5625
1208408400,1,156,81,184,3.5625
1208409300,1,196,45,219,3.1875
1208410200,1,216,42,301,3.6875
1208411100,1,225,78,191,3.625
1208412000,1,228,0,174,3.8125
1208412900,1,232,33,161,3.9375
1208413800,1,235,12,224,4.5625
1208414700,1,240,33,212,5.5625
1208415600,1,241,159,178,6.75
1208416500,1,242,66,215,7.25
1208417400,1,246,111,213,8.8125
1208418300,1,245,120,202,8.1875
1208419200,1,245,120,175,8.3125
1208420100,1,247,267,216,9.125
1208421000,1,243,123,222,8.3125
1208421900,1,244,75,209,8.375
1208422800,1,244,252,200,9.6875
1208423700,1,244,105,209,8.875
1208424600,1,245,258,199,9.9375
1208425500,1,249,195,224,11.125
1208426400,1,249,342,209,12.875
1208427300,1,245,237,212,9.875
1208428200,1,250,249,206,13.6875
1208429100,1,249,255,189,11.6875
1208430000,1,249,264,191,11.8125
1208430900,1,250,348,196,13.25
1208431800,1,250,276,131,12.625
1208432700,1,250,219,196,13
1208433600,1,246,30,167,12.25
1208434500,1,250,258,220,12.9375
1208435400,1,250,168,217,12.5625
1208436300,1,250,285,199,12.875
1208437200,1,250,240,192,12.4375
1208438100,1,250,21,199,13.5
1208439000,2,249,255,229,12.9375
1208439900,1,250,171,216,13.3125
1208440800,2,250,0,208,13
1208441700,1,250,345,203,12.5625
1208442600,2,249,120,184,12.9375
1208443500,1,249,225,178,12.25
1208444400,2,249,297,195,12.5
1208445300,2,248,243,150,12.4375
1208446200,2,249,39,124,12.375
1208447100,2,248,330,113,11.8125
1208448000,2,248,111,209,12.125
1208448900,2,248,237,181,11
1208449800,2,248,111,199,11.1875
1208450700,2,247,189,202,10.5625
1208451600,2,247,258,206,10.3125
1208452500,1,246,135,199,10.125
1208453400,1,245,201,154,9.5625
1208454300,1,242,87,196,9.6875
1208455200,1,239,99,148,8.625
1208456100,1,236,198,133,7.75
1208457000,1,222,135,121,7.1875
1208457900,1,206,117,198,7.0625
1208458800,1,146,102,178,6.6875
1208459700,1,63,135,179,6.625
1208460600,1,12,213,184,6.4375
1208461500,1,4,135,152,6.4375
1208462400,1,3,189,128,6.1875
1208463300,1,3,0,172,6.125
1208464200,0,29,0,143,5.875
1208465100,1,4,51,188,5.8125
1208466000,1,4,246,172,5.75
1208466900,1,4,69,136,5.5625
1208467800,1,4,183,169,5.5
1208468700,1,4,126,151,5.3125
1208469600,1,4,105,213,5.3125
1208470500,1,6,84,174,5.3125
1208471400,1,6,144,185,5.4375
1208472300,1,6,42,157,5.4375
1208473200,1,6,162,117,5.4375
1208474100,1,7,63,198,5.5
1208475000,1,7,0,188,5.5625
1208475900,1,8,21,172,5.625
1208476800,1,7,66,202,5.5
1208477700,1,7,117,179,5.3125
1208478600,1,8,21,140,5.1875
1208479500,1,7,75,212,5.0625
1208480400,1,7,72,188,5.1875
1208481300,1,8,66,193,5.1875
1208482200,2,8,45,174,5.25
1208483100,2,9,87,112,5.75
1208484000,0,9,99,141,5.5625
1208484900,0,10,33,143,5.8125
1208485800,0,10,177,202,5.75
1208486700,0,18,66,196,6.0625
1208487600,0,12,165,224,6.1875
1208488500,0,14,24,182,6.125
1208489400,0,14,129,196,6.25
1208490300,0,15,132,165,6.1875
1208491200,0,14,18,193,6.1875
1208492100,0,19,24,184,6.75
1208493000,0,35,60,216,6.875
1208493900,0,84,48,158,6.75
1208494800,0,148,153,192,6.875
1208495700,0,188,156,181,6.9375
1208496600,0,209,315,176,7.3125
1208497500,0,220,138,112,7.25
1208498400,0,190,228,175,7.5
1208499300,0,227,117,121,7.6875
1208500200,0,233,315,198,7.9375
1208501100,0,237,105,202,8.3125
1208502000,0,239,144,174,8.5
1208502900,0,237,138,195,8.4375
1208503800,0,238,0,143,8.5625
1208504700,0,238,270,123,8.6875
1208505600,0,237,48,171,8.75
1208506500,0,237,213,172,8.875
1208507400,0,239,171,121,8.875
1208508300,0,240,141,162,9
1208509200,0,242,156,83,9.5625
1208510100,0,241,177,141,9.4375
1208511000,0,241,177,61,9.1875
1208511900,0,242,117,176,9.4375
1208512800,0,242,273,172,9.25
1208513700,0,244,231,136,9.5625
1208514600,0,248,24,195,11.375
1208515500,0,246,213,248,11.375
1208516400,0,244,84,116,10.25
1208517300,0,243,156,213,9.8125
1208518200,0,242,96,215,9.375
1208519100,0,242,135,200,9.4375
1208520000,0,242,114,182,9.4375
1208520900,0,240,72,199,9.375
1208521800,0,239,60,208,9.3125
1208522700,0,242,108,198,9.5
1208523600,0,239,222,168,9.3125
1208524500,0,238,108,232,9.25
1208525400,0,237,186,179,9.125
1208526300,0,236,180,191,9.125
1208527200,0,235,78,99,9.3125
1208528100,0,235,306,199,9.25
1208529000,0,233,225,147,9.125
1208529900,0,230,336,203,9.0625
1208530800,0,230,114,169,9.0625
1208531700,1,223,246,150,8.9375
1208532600,0,225,0,155,8.625
1208533500,0,229,219,167,8.4375
1208534400,1,233,105,151,8.625
1208535300,0,233,114,138,8.625
1208536200,0,235,165,172,8.5625
1208537100,0,234,210,209,8.8125
1208538000,0,234,192,210,9
1208538900,0,228,150,191,8.8125
1208539800,0,216,114,140,8.6875
1208540700,0,212,186,154,8.625
1208541600,0,193,189,209,8.625
1208542500,0,186,54,179,8.5625
1208543400,0,174,213,191,8.5625
1208544300,0,154,132,140,8.5
1208545200,0,106,57,112,8.375
1208546100,0,65,36,192,8.4375
1208547000,0,30,105,185,8.3125
1208547900,0,21,105,192,8.4375
1208548800,0,22,3,140,8.375
1208549700,0,24,126,171,8.375
1208550600,0,25,153,126,8.3125
1208551500,0,22,72,138,8.375
1208552400,0,24,15,219,8.3125
1208553300,0,26,21,106,8.4375
1208554200,0,26,81,215,8.4375
1208555100,0,25,63,209,8.3125
1208556000,0,27,39,203,8.3125
1208556900,0,28,213,100,8.25
1208557800,0,21,78,178,8.1875
1208558700,0,28,93,172,8.1875
1208559600,0,30,117,171,8.125
1208560500,0,25,186,222,8
1208561400,0,23,123,191,8
1208562300,0,22,57,199,7.9375
1208563200,0,23,120,224,7.875
1208564100,0,28,171,174,7.9375
1208565000,0,30,12,157,7.8125
1208565900,0,26,150,193,7.8125
1208566800,0,43,105,144,7.8125
1208567700,0,32,63,171,7.8125
1208568600,0,32,0,184,7.75
1208569500,0,25,72,165,7.6875
1208570400,0,26,39,128,7.6875
1208571300,0,32,90,141,7.6875
1208572200,0,28,96,164,7.6875
1208573100,0,29,120,215,7.625
1208574000,0,23,72,144,7.625
1208574900,0,23,192,222,7.5
1208575800,117,22,81,185,7
1208576700,89,23,75,168,6.875
1208577600,66,23,9,168,6.875
1208578500,0,50,30,114,6.8125
1208579400,89,38,66,121,6.75
1208580300,58,48,69,151,6.8125
1208581200,79,77,60,191,6.8125
1208582100,98,113,114,198,6.9375
1208583000,120,147,153,203,6.875
1208583900,135,163,0,188,6.875
1208584800,117,175,0,181,6.8125
1208585700,130,181,117,134,6.75
1208586600,104,194,99,198,6.75
1208587500,93,210,99,254,6.8125
1208588400,90,219,120,176,6.875
1208589300,75,231,21,203,7.1875
1208590200,77,231,69,172,7.25
1208591100,57,232,171,143,7.375
1208592000,52,234,60,203,7.4375
1208592900,8,230,252,212,7.5
1208593800,2,231,147,186,7.5625
1208594700,2,235,156,176,7.625
1208595600,0,236,99,198,7.8125
1208596500,0,238,54,205,8
1208597400,0,238,90,130,8.0625
1208598300,0,238,180,186,8.125
1208599200,0,237,117,174,8.1875
1208600100,0,237,0,134,8.375
1208601000,2,235,0,213,8.5
1208601900,0,235,195,174,8.1875
1208602800,0,235,12,4,8.375
1208603700,0,241,183,175,8.625
1208604600,0,239,177,192,8.75
1208605500,0,236,72,226,8.625
1208606400,0,233,66,130,8.4375
1208607300,0,233,171,199,8.4375
1208608200,0,233,102,198,8.5
1208609100,0,236,204,206,8.5625
1208610000,0,241,147,224,9
1208610900,0,242,96,206,9.3125
1208611800,0,241,93,203,9.0625
1208612700,0,237,0,195,9.25
1208613600,0,242,225,188,9.5
1208614500,0,238,162,174,9.0625
1208615400,0,233,159,193,8.6875
1208616300,21,230,63,198,8.4375
1208617200,34,235,234,175,8.125
1208618100,27,230,87,110,8.125
1208619000,58,234,51,205,8.0625
1208619900,62,231,141,178,8
1208620800,41,226,72,147,8.0625
1208621700,24,222,6,192,7.9375
1208622600,9,219,72,145,7.875
1208623500,19,218,42,141,7.8125
1208624400,0,215,36,154,7.8125
1208625300,19,210,81,206,7.8125
1208626200,3,213,42,186,7.9375
1208627100,3,208,78,137,7.875
1208628000,2,202,69,186,7.875
1208628900,1,191,72,181,7.875
1208629800,1,174,75,200,7.9375
1208630700,1,143,81,179,7.875
1208631600,1,98,117,186,7.875
1208632500,1,53,105,174,7.875
1208633400,1,27,54,192,7.875
1208634300,1,23,141,155,8
1208635200,1,23,24,193,7.9375
1208636100,0,19,9,198,7.9375
1208637000,0,26,63,182,8
1208637900,0,28,33,176,8
1208638800,0,20,69,192,8
1208639700,0,21,9,185,8.0625
1208640600,0,26,27,164,8.125
1208641500,0,27,0,181,8.125
1208642400,0,27,21,184,8.125
1208643300,0,26,3,155,8.125
1208644200,0,31,39,147,8.1875
1208645100,0,21,0,184,8.1875
1208646000,0,21,96,164,8.1875
1208646900,0,25,0,157,8.1875
1208647800,0,26,3,154,8.125
1208648700,0,21,12,195,8.125
1208649600,0,20,51,193,8.125
1208650500,0,22,15,189,8.1875
1208651400,0,20,0,126,8.125
1208652300,0,20,6,189,8.1875
1208653200,0,21,9,174,8.1875
1208654100,0,22,3,172,8.1875
1208655000,0,19,12,191,8.1875
1208655900,0,25,0,203,8.1875
1208656800,0,22,0,160,8.3125
1208657700,0,23,0,179,8.3125
1208658600,0,28,3,185,8.3125
1208659500,0,35,0,189,8.4375
1208660400,0,28,3,188,8.4375
1208661300,0,23,0,186,8.5
1208662200,0,23,0,181,8.5625
1208663100,0,23,0,184,8.6875
1208664000,0,34,12,165,8.8125
1208664900,0,35,30,150,8.875
1208665800,0,53,0,174,8.8125
1208666700,0,69,42,171,8.9375
1208667600,0,127,24,121,9
1208668500,0,171,33,208,9
1208669400,0,202,78,126,9.125
1208670300,0,208,27,143,9.25
1208671200,0,216,0,192,9.375
1208672100,0,220,72,182,9.375
1208673000,0,224,111,182,9.4375
1208673900,0,225,120,189,9.5
1208674800,0,226,144,191,9.4375
1208675700,0,229,0,195,9.75
1208676600,0,235,123,205,9.875
1208677500,0,232,45,192,9.5625
1208678400,0,235,114,188,9.6875
1208679300,0,236,0,196,9.6875
1208680200,0,237,15,186,9.8125
1208681100,0,238,24,155,10
1208682000,0,240,36,168,10.3125
1208682900,0,241,153,189,10.3125
1208683800,0,241,123,136,10.375
1208684700,0,242,21,160,11
1208685600,0,242,78,179,11.625
1208686500,0,243,3,138,11.625
1208687400,0,244,141,206,11.875
1208688300,0,245,24,164,12.375
1208689200,0,246,123,168,12.625
1208690100,0,244,63,141,12.5
1208691000,0,246,129,199,12.875
1208691900,0,245,108,175,13.5
1208692800,0,247,75,192,15.3125
1208693700,0,248,51,171,16.125
1208694600,0,248,60,189,16.3125
1208695500,0,246,9,124,15.9375
1208696400,0,248,213,162,15.9375
1208697300,0,247,15,199,17.125
1208698200,0,250,252,154,18.5
1208699100,1,250,51,202,16.4375
1208700000,0,247,69,133,18.3125
1208700900,0,249,9,176,18.375
1208701800,0,246,195,210,17.9375
1208702700,0,249,51,130,17.9375
1208703600,0,245,66,217,16.875
1208704500,0,247,0,114,17.8125
1208705400,0,249,24,343,19.125
1208706300,0,246,75,169,17.1875
1208707200,0,240,141,167,16.5
1208708100,0,234,93,154,15.25
1208709000,0,234,159,188,15
1208709900,0,235,126,224,15
1208710800,0,239,36,171,14.625
1208711700,11,231,39,141,13.375
1208712600,0,227,0,164,13.125
1208713500,0,227,33,178,12.9375
1208714400,0,226,63,192,12.875
1208715300,0,220,66,161,12.5625
1208716200,0,215,0,168,12.5
1208717100,0,208,12,134,11.75
1208718000,0,175,102,157,11.75
1208718900,0,100,21,176,11.4375
1208719800,0,37,6,191,11.1875
1208720700,0,15,9,208,11.5
1208721600,0,13,72,203,11.25
1208722500,85,14,114,165,10.6875
1208723400,64,15,36,133,10.6875
1208724300,41,14,18,202,10.75
1208725200,38,16,45,155,10.625
1208726100,47,18,36,144,10.6875
1208727000,37,20,6,168,10.6875
1208727900,43,28,183,151,10.6875
1208728800,36,36,123,114,10.5
1208729700,36,37,66,161,10.1875
1208730600,20,47,69,195,10.5
1208731500,16,49,93,172,10.375
1208732400,11,49,21,140,10.4375
1208733300,8,57,6,205,10.375
1208734200,6,42,63,158,10.25
1208735100,3,52,6,134,10.25
1208736000,1,44,15,145,10.375
1208736900,1,43,15,171,10.3125
1208737800,1,42,201,203,10.5625
1208738700,0,33,0,134,10.625
1208739600,0,45,33,144,10.625
1208740500,0,46,51,121,10.5625
1208741400,0,58,12,171,10.4375
1208742300,0,51,39,128,10.4375
1208743200,0,55,114,174,10.3125
1208744100,0,26,126,162,10.3125
1208745000,0,53,171,171,10.25
1208745900,0,46,57,185,10.125
1208746800,0,36,33,203,10.1875
1208747700,0,34,21,171,10.1875
1208748600,3,31,24,157,10
1208749500,1,54,27,116,9.8125
1208750400,0,16,0,157,9.4375
1208751300,38,31,42,191,9.3125
1208752200,59,47,3,158,9.125
1208753100,54,83,39,141,9.0625
1208754000,60,131,126,181,9.125
1208754900,59,178,12,188,9.0625
1208755800,8,194,0,185,9.0625
1208756700,7,210,57,182,9.125
1208757600,7,222,81,140,9.1875
1208758500,6,228,9,206,9.375
1208759400,6,234,0,106,9.5625
1208760300,15,229,6,143,9.5625
1208761200,16,228,12,182,9.5625
1208762100,16,230,159,104,9.5625
1208763000,17,225,0,126,9.5
1208763900,36,234,24,296,9.5625
1208764800,41,239,24,89,9.8125
1208765700,16,231,117,171,9.5625
1208766600,15,236,54,83,9.8125
1208767500,15,236,6,206,9.8125
1208768400,13,241,6,73,10.4375
1208769300,13,236,36,17,10.375
1208770200,14,241,6,21,10.875
1208771100,14,243,45,143,11.5
1208772000,12,243,45,143,12.1875
1208772900,,,0,,
1208773800,0,248,0,80,15.25
1208774700,0,246,18,316,15.3125
1208775600,0,244,171,80,14.375
1208776500,0,247,72,82,15.6875
1208777400,0,248,30,133,17.3125
1208778300,0,246,72,289,16.0625
1208779200,0,247,114,203,16.125
1208780100,0,247,123,83,16.3125
1208781000,0,245,189,178,15.125
1208781900,0,246,9,151,16
1208782800,0,246,141,157,16.3125
1208783700,0,247,138,330,17.125
1208784600,1,246,24,62,16.5625
1208785500,0,244,66,175,16.1875
1208786400,0,245,156,202,15.875
1208787300,0,246,9,127,16.3125
1208788200,0,247,117,157,16.3125
1208789100,0,246,219,200,16
1208790000,0,247,195,189,16.25
1208790900,0,245,171,8,16.4375
1208791800,0,245,63,106,15.375
1208792700,0,244,78,209,15.125
1208793600,0,243,0,86,15.0625
1208794500,0,242,42,134,15.1875
1208795400,0,242,51,6,14.5
1208796300,0,242,114,23,14.6875
1208797200,0,243,87,208,14.625
1208798100,0,240,156,150,14.125
1208799000,0,240,12,124,13.9375
1208799900,0,236,3,71,13.6875
1208800800,0,231,195,213,13
1208801700,0,222,0,165,12.5
1208802600,0,212,9,116,12.0625
1208803500,0,193,75,137,11.6875
1208804400,0,157,3,97,11.375
1208805300,0,93,93,123,11
1208806200,0,25,105,138,10.6875
1208807100,0,3,84,145,10.5
1208808000,0,0,66,85,10.4375
1208808900,0,0,3,34,10.0625
1208809800,0,0,0,133,9.75
1208810700,0,0,30,145,9.4375
1208811600,0,0,12,126,9.25
1208812500,0,0,0,104,9.1875
1208813400,0,0,0,127,9.375
1208814300,0,19,105,140,9
1208815200,0,25,0,160,8.8125
1208816100,0,25,0,123,8.0625
1208817000,0,29,0,80,8.4375
1208817900,0,29,21,56,7.875
1208818800,0,32,51,124,7.8125
1208819700,0,34,0,136,7.625
1208820600,0,38,0,130,7
1208821500,0,31,0,205,6.9375
1208822400,0,39,0,106,7.25
1208823300,0,35,0,104,6.5
1208824200,0,40,0,104,6.625
1208825100,0,29,0,104,6.8125
1208826000,0,39,6,104,6.5625
1208826900,0,28,0,131,6.625
1208827800,0,33,0,131,6.5625
1208828700,0,32,0,131,5.6875
1208829600,1,36,0,131,5.375
1208830500,1,29,0,131,5.875
1208831400,2,34,0,131,5.375
1208832300,2,39,0,131,5.5625
1208833200,3,37,0,131,5.125
1208834100,3,35,0,131,5.125
1208835000,3,31,0,131,4.875
1208835900,0,32,0,131,5
1208836800,3,34,0,131,4.875
1208837700,3,39,0,131,4.75
1208838600,3,66,0,131,4.4375
1208839500,3,127,0,131,3.875
1208840400,4,175,0,131,4.875
1208841300,4,209,0,131,4.875
1208842200,4,224,0,131,5.0625
1208843100,4,232,0,131,6.1875
1208844000,5,235,0,131,6.875
1208844900,5,238,0,131,7.375
1208845800,4,240,0,131,8.625
1208846700,0,242,0,131,9.625
1208847600,0,240,0,131,9.75
1208848500,0,239,42,130,9
1208849400,0,241,0,130,10
1208850300,0,242,15,128,10.3125
1208851200,0,243,0,123,10.8125
1208852100,0,244,6,140,11.1875
1208853000,0,245,0,128,12.25
1208853900,0,246,0,116,13.375
1208854800,0,247,0,110,15.4375
1208855700,0,248,0,27,15.9375
1208856600,0,248,0,224,17.125
1208857500,0,248,0,157,19
1208858400,0,249,93,206,18.3125
1208859300,0,249,0,161,19.4375
1208860200,0,249,24,126,21.4375
1208861100,0,249,0,66,20
1208862000,0,249,54,140,21.0625
1208862900,0,249,0,133,20.875
1208863800,0,249,129,192,20.3125
1208864700,1,250,0,117,20.125
1208865600,0,250,18,136,24
1208866500,0,250,126,202,22.9375
1208867400,0,249,30,158,23.0625
1208868300,0,249,132,116,21.5625
1208869200,0,249,165,182,21.375
1208870100,0,248,174,223,21.4375
1208871000,0,249,183,203,22.5
1208871900,0,249,21,143,23.5
1208872800,0,249,123,220,24.375
1208873700,0,249,51,138,23.25
1208874600,0,248,102,165,21.8125
1208875500,0,249,120,195,23.5625
1208876400,1,248,3,224,22.4375
1208877300,0,247,48,188,22.8125
1208878200,0,246,0,206,21.6875
1208879100,0,247,42,165,22.5625
1208880000,0,246,102,141,20.5
1208880900,0,246,18,188,21.0625
1208881800,0,246,0,185,20.625
1208882700,0,245,228,179,19.9375
1208883600,0,244,30,172,19.3125
1208884500,0,243,81,191,19.0625
1208885400,0,242,54,169,18.0625
1208886300,0,239,6,220,17.5
1208887200,0,236,27,223,16.625
1208888100,0,231,51,181,15.5625
1208889000,0,220,60,169,14.4375
1208889900,0,200,0,176,13.25
1208890800,0,169,0,220,12.6875
1208891700,0,115,96,224,12.375
1208892600,0,38,54,216,12
1208893500,0,0,54,217,11.625
1208894400,0,0,0,222,11.375
1208895300,0,0,6,223,10.8125
1208896200,0,0,0,223,11.375
1208897100,0,0,0,223,11
1208898000,0,0,0,219,10.875
1208898900,0,0,#VALUE!,217,10
1208899800,0,0,0,217,10
1208900700,0,0,0,217,10.9375
1208901600,0,0,0,217,10.4375
1208902500,0,0,0,215,9.125
1208903400,0,0,0,216,8.375
1208904300,0,0,0,216,8.25
1208905200,0,0,0,216,9
1208906100,0,0,0,216,8.875
1208907000,0,5,0,216,9.125
1208907900,0,8,0,216,8.9375
1208908800,0,7,0,216,8.4375
1208909700,0,7,0,216,8.5
1208910600,0,0,0,216,8.9375
1208911500,0,7,0,215,9.1875
1208912400,0,7,0,216,7.9375
1208913300,0,6,0,216,7.875
1208914200,0,6,0,216,7.6875
1208915100,0,6,0,216,7.375
1208916000,0,6,0,216,7
1208916900,0,6,0,216,6.6875
1208917800,0,6,0,216,6.875
1208918700,0,5,0,216,5.4375
1208919600,1,5,0,216,6.25
1208920500,1,5,0,216,6.3125
1208921400,1,5,0,216,7.4375
1208922300,0,5,0,213,7.4375
1208923200,0,6,0,213,6.6875
1208924100,0,11,0,213,7.0625
1208925000,1,47,0,213,6.5625
1208925900,1,125,0,213,6.25
1208926800,1,182,0,213,6.125
1208927700,0,206,0,217,7.25
1208928600,0,231,0,217,7.8125
1208929500,0,235,0,217,9.5625
1208930400,0,234,0,224,9.4375
1208931300,0,234,0,237,9.25
1208932200,28,222,6,274,8.625
1208933100,75,229,0,309,8.6875
1208934000,113,227,0,309,8.8125
1208934900,97,229,0,309,8.9375
1208935800,133,233,0,309,9.375
1208936700,59,232,0,309,9.625
1208937600,44,230,0,309,9.5625
1208938500,41,227,0,309,9.5625
1208939400,0,231,0,309,9.4375
1208940300,33,235,0,309,9.75
1208941200,30,230,0,309,10
1208942100,30,234,0,309,10.125
1208943000,32,229,0,309,10.0625
1208943900,32,233,18,309,10.4375
1208944800,36,235,0,309,10.6875
1208945700,39,236,0,309,10.9375
1208946600,31,238,0,309,11.375
1208947500,28,245,0,309,12.5
1208948400,26,237,0,309,11.375
1208949300,24,237,0,309,11.375
1208950200,23,240,0,309,11.6875
1208951100,21,245,0,309,14.5
1208952000,21,244,0,309,13.1875
1208952900,22,247,33,309,16.375
1208953800,15,247,0,309,15.8125
1208954700,5,250,0,309,20.1875
1208955600,0,246,0,302,18.8125
1208956500,1,248,0,346,21.875
1208957400,0,250,0,359,20.9375
1208958300,0,250,99,322,20.25
1208959200,0,250,183,330,21.6875
1208960100,0,249,75,328,22.625
1208961000,0,242,54,340,19.5625
1208961900,0,249,30,326,20.6875
1208962800,0,249,6,332,22.375
1208963700,0,248,84,313,23.125
1208964600,0,248,54,325,21.6875
1208965500,0,248,54,325,22.3125
1208966400,0,248,69,295,21.625
1208967300,0,247,195,311,21.125
1208968200,1,246,18,299,20.5625
1208969100,0,246,0,295,20.4375
1208970000,0,245,0,336,22.0625
1208970900,0,245,0,326,20.125
1208971800,0,243,18,332,19
1208972700,0,234,18,330,16.9375
1208973600,0,236,0,325,17.375
1208974500,0,237,0,313,17.75
1208975400,0,227,0,298,16.625
1208976300,0,212,0,296,15.4375
1208977200,0,186,30,313,14.8125
1208978100,0,129,0,318,13.6875
1208979000,0,47,0,316,13.3125
1208979900,0,7,0,318,12.25
1208980800,0,1,0,318,11.9375
1208981700,0,0,0,318,11.75
1208982600,0,0,18,319,11.375
1208983500,0,0,6,281,10.9375
1208984400,0,0,18,248,10.8125
1208985300,0,0,3,83,10.75
1208986200,0,0,0,178,10.5
1208987100,0,0,0,298,10.125
1208988000,0,0,0,308,9.8125
1208988900,0,0,0,308,9.375
1208989800,0,0,0,308,9.5625
1208990700,0,1,0,308,9.375
1208991600,0,1,0,308,9.1875
1208992500,0,1,0,308,9.1875
1208993400,0,1,0,306,9
1208994300,0,0,0,304,9.0625
1208995200,0,0,0,288,9.25
1208996100,0,1,0,267,9
1208997000,0,1,0,247,8.8125
1208997900,0,1,0,247,8.375
1208998800,0,1,0,104,8.125
1208999700,0,1,6,226,8.1875
1209000600,0,1,0,133,7.625
1209001500,0,1,3,203,7.25
1209002400,0,1,33,206,7.3125
1209003300,0,1,0,198,6.875
1209004200,0,1,24,203,6.1875
1209005100,0,1,0,224,6.5625
1209006000,1,1,0,224,6.3125
1209006900,2,1,0,224,5.75
1209007800,0,0,0,224,5.875
1209008700,2,1,0,224,5.6875
1209009600,2,2,66,185,6.4375
1209010500,2,9,90,226,6.8125
1209011400,2,58,3,230,7
1209012300,2,138,0,256,6.4375
1209013200,2,188,51,254,6.875
1209014100,1,210,102,62,7.125
1209015000,1,223,60,49,7.5
1209015900,0,230,24,224,8.0625
1209016800,0,234,27,226,8.8125
1209017700,0,237,90,226,9.375
1209018600,0,239,33,224,9.875
1209019500,0,242,72,229,10.25
1209020400,0,244,153,226,11.375
1209021300,0,245,6,224,13.25
1209022200,0,246,9,208,14.6875
1209023100,0,246,24,224,14.75
1209024000,0,247,69,224,15.25
1209024900,0,246,0,224,15.5
1209025800,0,247,9,219,15.75
1209026700,0,245,3,240,16.0625
1209027600,0,241,30,205,15.1875
1209028500,0,244,12,127,14.5
1209029400,74,226,45,289,11.625
1209030300,27,237,9,349,10.25
1209031200,23,238,9,226,10.25
1209032100,18,241,99,224,10.5
1209033000,10,242,12,226,11.0625
1209033900,8,245,69,55,12.0625
1209034800,1,249,84,349,16.4375
1209035700,1,249,117,282,18.375
1209036600,0,246,27,208,17.9375
1209037500,0,244,246,226,15.0625
1209038400,0,250,0,34,17.1875
1209039300,0,250,42,171,19.25
1209040200,0,247,60,155,17.9375
1209041100,0,206,129,342,12.75
1209042000,24,221,66,311,12
1209042900,19,246,0,144,11.25
1209043800,16,249,33,6,13.4375
1209044700,11,249,3,325,14.1875
1209045600,7,249,0,340,16.75
1209046500,7,249,15,315,18.75
1209047400,2,249,84,360,18.375
1209048300,0,208,264,322,16.9375
1209049200,0,166,48,301,17.125
1209050100,0,249,15,281,17.25
1209051000,0,244,18,332,17.0625
1209051900,0,249,3,344,18.1875
1209052800,0,236,120,319,15
1209053700,0,241,0,325,8.625
1209054600,0,248,30,330,18.25
1209055500,0,242,303,316,16.3125
1209056400,0,235,0,202,15.0625
1209057300,0,229,9,318,14.5
1209058200,0,233,6,340,14.625
1209059100,0,232,159,323,14.3125
1209060000,0,222,0,313,14.125
1209060900,45,224,9,32,12.1875
1209061800,23,217,48,343,10.875
1209062700,16,206,0,335,10.75
1209063600,12,184,0,337,10.5
1209064500,13,133,0,337,10.125
1209065400,0,5,0,337,9.1875
1209066300,11,8,0,337,9.1875
1209067200,10,1,0,337,8.875
1209068100,10,0,0,337,8.9375
1209069000,10,0,0,337,9.0625
1209069900,10,0,3,342,8.6875
1209070800,8,0,24,333,9.1875
1209071700,8,0,45,333,8.6875
1209072600,8,0,0,333,8.4375
1209073500,5,0,57,305,8.9375
1209074400,1,0,3,339,9.125
1209075300,1,0,3,305,8.5625
1209076200,1,0,3,328,8.5
1209077100,1,0,6,344,8.1875
1209078000,1,0,12,340,8.0625
1209078900,1,0,3,322,8.1875
1209079800,1,0,0,298,8.1875
1209080700,1,0,3,326,8.3125
1209081600,1,0,36,350,8.3125
1209082500,0,0,0,339,8.375
1209083400,0,0,6,340,8.3125
1209084300,0,0,0,346,8.1875
1209085200,0,0,21,347,8.25
1209086100,0,0,51,339,8.4375
1209087000,0,0,3,309,8.375
1209087900,0,0,0,333,8.375
1209088800,0,0,0,357,8.4375
1209089700,0,0,9,342,8.4375
1209090600,0,0,0,325,8.1875
1209091500,0,0,6,343,8.375
1209092400,0,1,6,3,8.1875
1209093300,0,0,6,343,8
1209094200,0,0,3,326,8
1209095100,0,1,0,329,8
1209096000,0,2,9,312,7.9375
1209096900,0,9,0,330,7.875
1209097800,0,51,0,313,7.8125
1209098700,0,122,0,313,7.25
1209099600,0,162,36,316,7.875
1209100500,0,202,0,335,8.1875
1209101400,0,216,0,280,8.4375
1209102300,0,226,0,284,8.75
1209103200,0,230,0,289,9
1209104100,0,234,0,294,9.375
1209105000,0,237,0,285,10.125
1209105900,0,240,0,285,10.8125
1209106800,0,242,3,285,12
1209107700,0,242,0,318,11.5625
1209108600,0,244,9,1,12.25
1209109500,0,245,6,347,13.1875
1209110400,0,246,18,107,14.375
1209111300,0,246,0,350,14.6875
1209112200,0,246,48,127,15.75
1209113100,0,247,12,339,15.5
1209114000,0,248,96,318,15.4375
1209114900,0,248,9,309,17.5
1209115800,0,247,0,318,18.375
1209116700,0,248,0,17,19.1875
1209117600,0,249,21,78,20
1209118500,0,249,3,184,22.25
1209119400,0,249,0,347,20.5625
1209120300,0,249,0,258,22
1209121200,0,248,0,152,21.6875
1209122100,0,247,21,185,21.9375
1209123000,0,248,42,291,21
1209123900,0,245,51,347,20.125
1209124800,0,247,30,42,20.8125
1209125700,0,247,15,337,21.6875
1209126600,0,246,33,328,20.1875
1209127500,0,243,39,332,19.8125
1209128400,1,244,0,193,19.6875
1209129300,0,244,144,325,18.1875
1209130200,0,246,12,315,20.125
1209131100,0,243,69,4,18.6875
1209132000,0,245,165,332,20
1209132900,0,244,51,11,17.9375
1209133800,0,243,54,6,18.3125
1209134700,0,246,57,342,18.6875
1209135600,0,245,0,319,19.125
1209136500,0,242,0,335,18.25
1209137400,0,244,0,265,18.8125
1209138300,0,243,90,316,18.125
1209139200,0,245,3,6,18.3125
1209140100,0,242,18,6,18
1209141000,0,240,0,192,17.5625
1209141900,0,238,0,226,17.0625
1209142800,0,240,0,66,17.1875
1209143700,0,236,12,68,16.75
1209144600,0,237,18,209,16.4375
1209145500,0,234,0,144,8.0625
1209146400,0,231,0,79,15.6875
1209147300,0,224,0,4,15.25
1209148200,0,208,0,227,14.5
1209149100,0,190,6,226,14.125
1209150000,0,153,21,226,13.8125
1209150900,0,87,12,226,13.625
1209151800,0,36,0,205,13.4375
1209152700,0,4,105,189,13.4375
1209153600,0,1,0,124,12.875
1209154500,0,1,0,137,12.75
1209155400,0,1,0,179,12.125
1209156300,0,1,12,222,11.625
1209157200,0,0,0,223,11.3125
1209158100,0,1,0,212,11.125
1209159000,0,1,90,309,11.5625
1209159900,0,1,75,130,11.4375
1209160800,0,1,0,220,11.9375
1209161700,0,1,9,226,11.875
1209162600,0,1,0,230,11.875
1209163500,0,1,0,226,11.8125
1209164400,0,0,0,224,11.625
1209165300,0,0,0,209,11.625
1209166200,0,0,0,209,11.625
1209167100,0,0,0,212,11.625
1209168000,0,0,0,224,11.75
1209168900,0,0,15,220,11.8125
1209169800,0,0,0,220,11.625
1209170700,0,0,12,154,10.5625
1209171600,0,0,0,222,10.25
1209172500,0,0,3,222,10
1209173400,0,0,0,226,9.625
1209174300,0,0,0,226,9.5
1209175200,0,0,9,216,9.125
1209176100,0,0,0,216,8.4375
1209177000,0,0,0,216,8.5
1209177900,0,0,6,222,9.125
1209178800,0,0,33,224,9.1875
1209179700,0,10,15,210,9.25
1209180600,0,0,54,226,9.375
1209181500,0,0,12,217,9.5625
1209182400,0,1,72,213,9.8125
1209183300,0,13,18,223,10.125
1209184200,0,77,105,226,10.0625
1209185100,0,144,90,224,10
1209186000,0,192,78,226,10.1875
1209186900,0,211,69,226,10.375
1209187800,0,221,114,83,10.75
1209188700,0,226,117,226,11.125
1209189600,0,233,12,213,12.4375
1209190500,0,236,84,222,13.3125
1209191400,1,238,9,220,13.6875
1209192300,0,240,42,145,14.375
1209193200,0,242,6,224,15.0625
1209194100,0,244,0,106,17.75
1209195000,0,245,0,224,18.5
1209195900,0,246,27,226,19.75
1209196800,0,246,0,230,20.1875
1209197700,0,247,12,233,20.625
1209198600,0,248,3,85,21.625
1209199500,0,248,15,38,21.625
1209200400,0,249,39,278,23.25
1209201300,0,248,27,253,22.375
1209202200,0,248,96,226,23.125
1209203100,0,249,45,281,23.5625
1209204000,0,249,24,40,23.6875
1209204900,0,249,6,38,23.8125
1209205800,0,249,42,38,24.8125
1209206700,0,249,9,126,25.1875
1209207600,0,249,75,357,23.625
1209208500,1,250,81,226,24
1209209400,0,250,117,323,25.1875
1209210300,0,250,102,184,26
1209211200,0,249,18,206,26.3125
1209212100,0,249,69,232,24.4375
1209213000,0,250,0,196,26.5625
1209213900,0,248,84,200,24.375
1209214800,0,249,168,213,25.3125
1209215700,0,250,9,224,26.3125
1209216600,0,249,12,224,26.6875
1209217500,0,248,219,206,24.1875
1209218400,0,249,0,226,24.875
1209219300,0,248,9,264,24.75
1209220200,1,248,81,27,26.3125
1209221100,0,249,0,196,25.9375
1209222000,0,248,45,32,24.625
1209222900,0,248,18,230,23.875
1209223800,0,244,24,226,21
1209224700,0,245,36,40,21.1875
1209225600,0,244,0,123,20.875
1209226500,0,243,12,205,20.5625
1209227400,0,244,198,227,20.1875
1209228300,0,243,108,224,19.9375
1209229200,0,241,60,226,19.5625
1209230100,0,240,24,222,19.25
1209231000,0,238,21,258,18.875
1209231900,0,241,0,215,19.5625
1209232800,0,237,30,213,18.625
1209233700,0,235,0,198,18.125
1209234600,0,228,6,224,17.25
1209235500,0,213,18,216,16.625
1209236400,0,185,51,222,16.25
1209237300,0,124,0,220,15.375
1209238200,0,62,3,209,15.5
1209239100,0,11,0,223,14.5
1209240000,0,1,0,223,13.875
1209240900,0,0,0,223,14.0625
1209241800,0,0,0,223,14.1875
1209242700,0,0,0,222,13.6875
1209243600,0,0,0,223,13.8125
1209244500,0,0,12,222,13.8125
1209245400,0,0,6,223,13.5625
1209246300,0,0,6,223,13.5625
1209247200,0,0,30,215,13.5
1209248100,0,0,3,220,13.25
1209249000,0,0,18,224,13.25
1209249900,0,0,33,224,13.125
1209250800,0,0,0,224,13.0625
1209251700,0,0,9,224,13.0625
1209252600,0,0,3,220,13.3125
1209253500,0,0,6,217,13.375
1209254400,0,1,0,223,13
1209255300,0,0,0,223,13.125
1209256200,0,0,72,215,13.625
1209257100,0,0,0,206,13.6875
1209258000,0,0,15,206,13.75
1209258900,0,0,45,224,13.75
1209259800,0,0,0,224,13.625
1209260700,0,0,3,224,13.5
1209261600,0,0,39,213,13.5
1209262500,0,0,117,212,13.3125
1209263400,0,0,45,224,13.625
1209264300,0,0,102,220,13.5
1209265200,0,0,60,224,13.375
1209266100,0,0,18,220,12.9375
1209267000,0,0,0,217,13.3125
1209267900,0,0,0,224,13.3125
1209268800,0,1,96,215,13.4375
1209269700,0,9,3,215,13.25
1209270600,0,58,15,224,13.125
1209271500,0,95,30,224,13.25
1209272400,0,132,54,222,13.4375
1209273300,12,193,0,18,13.125
1209274200,0,215,81,230,13.5
1209275100,0,228,144,224,13.6875
1209276000,0,228,114,226,13.8125
1209276900,0,235,102,224,14.25
1209277800,0,238,90,25,14.6875
1209278700,0,238,0,217,14.9375
1209279600,0,240,72,11,15.25
1209280500,0,240,39,215,15.375
1209281400,0,242,192,233,15.5
1209282300,0,243,72,224,16.25
1209283200,1,243,45,219,17.1875
1209284100,0,243,6,343,17.625
1209285000,0,244,0,226,17.8125
1209285900,0,244,0,224,18.125
1209286800,0,245,108,224,18.1875
1209287700,0,245,48,205,19.0625
1209288600,0,246,24,188,19.375
1209289500,0,247,3,172,19.75
1209290400,0,244,6,336,19.25
1209291300,0,247,27,337,20.5
1209292200,0,243,183,326,18.75
1209293100,0,245,6,254,19.5
1209294000,0,244,3,226,20.9375
1209294900,0,241,0,295,19.625
1209295800,0,235,0,3,18.8125
1209296700,10,233,0,6,17.0625
1209297600,78,234,57,224,15.5
1209298500,44,230,69,206,14.5
1209299400,24,238,63,224,14.625
1209300300,14,240,117,224,15.5
1209301200,5,242,135,224,16.25
1209302100,3,244,6,233,16.3125
1209303000,2,244,102,219,17.4375
1209303900,2,244,45,226,17.625
1209304800,1,244,0,171,18.0625
1209305700,0,240,24,226,17.0625
1209306600,0,231,48,227,16.125
1209307500,50,214,3,229,14.125
1209308400,28,249,30,205,17.25
1209309300,13,242,0,3,17.5
1209310200,40,227,0,224,14.9375
1209311100,24,225,0,271,14.3125
1209312000,19,236,30,329,14.75
1209312900,14,248,210,24,18.9375
1209313800,16,245,9,226,17.875
1209314700,21,244,147,258,24.375
1209315600,15,238,0,258,14.8125
1209316500,11,246,12,123,16.625
1209317400,6,242,0,224,23.75
1209318300,4,237,42,240,14.8125
1209319200,3,229,48,224,13.75
1209320100,2,232,36,224,13.375
1209321000,2,221,30,224,12.8125
1209321900,2,203,30,224,12.4375
1209322800,1,175,27,213,12.125
1209323700,0,123,24,357,11.875
1209324600,0,61,0,8,11.5
1209325500,0,10,0,8,11.3125
1209326400,0,1,0,6,11.375
1209327300,0,0,0,7,11.4375
1209328200,0,0,0,311,11.75
1209329100,0,0,0,178,11.875
1209330000,0,1,0,161,11.8125
1209330900,8,1,0,319,11.375
1209331800,14,1,0,320,11.25
1209332700,22,0,3,7,10.5625
1209333600,28,0,0,318,10
1209334500,36,0,0,318,12.3125
1209335400,29,0,18,315,9.375
1209336300,20,0,0,55,9.25
1209337200,5,0,0,55,9.375
1209338100,1,0,0,51,9.1875
1209339000,1,0,0,308,9.3125
1209339900,1,0,0,308,9.125
1209340800,0,0,0,308,8.9375
1209341700,0,0,0,306,9.25
1209342600,0,0,0,306,9.25
1209343500,0,0,0,306,9
1209344400,0,0,0,306,8.75
1209345300,0,0,6,308,9.375
1209346200,0,0,0,311,8.8125
1209347100,0,0,0,311,8.8125
1209348000,0,0,0,224,8.25
1209348900,0,1,0,224,7.875
1209349800,0,2,3,176,7.875
1209350700,0,3,0,237,7.5625
1209351600,0,1,0,202,7.5
1209352500,0,3,0,217,7.8125
1209353400,0,4,0,328,7.875
1209354300,0,5,0,311,7.375
1209355200,0,9,0,268,7.625
1209356100,0,26,0,230,7.8125
1209357000,0,84,0,210,8.4375
1209357900,0,152,0,219,7.875
1209358800,0,182,0,203,8.1875
1209359700,0,206,0,203,7.75
1209360600,0,219,0,209,7.875
1209361500,0,224,0,209,8.4375
1209362400,0,235,21,226,10.375
1209363300,0,237,0,224,11.0625
1209364200,0,239,0,220,12.625
1209365100,0,242,36,312,12.8125
1209366000,0,243,6,208,12.9375
1209366900,0,242,36,319,12.4375
1209367800,0,245,27,85,14.1875
1209368700,0,246,0,354,16.0625
1209369600,0,247,66,263,16.375
1209370500,0,247,3,226,17.125
1209371400,0,249,0,224,19.25
1209372300,0,249,42,162,18.5625
1209373200,0,249,123,251,19.5625
1209374100,0,245,9,223,15.8125
1209375000,0,245,219,260,17.9375
1209375900,0,248,51,75,20.9375
1209376800,0,242,0,104,16.875
1209377700,0,245,21,164,16.6875
1209378600,20,229,75,244,12.375
1209379500,20,246,15,240,12.375
1209380400,1,246,9,8,12.8125
1209381300,0,246,27,332,13.4375
1209382200,0,247,39,226,14.3125
1209383100,0,248,21,88,15.3125
1209384000,0,247,6,254,15.1875
1209384900,0,247,99,222,15.9375
1209385800,0,249,138,294,9.25
1209386700,0,249,180,299,18.5
1209387600,0,247,81,344,18.0625
1209388500,0,245,36,302,17.125
1209389400,0,249,24,335,19.9375
1209390300,0,247,201,179,16.875
1209391200,0,248,75,31,18.0625
1209392100,1,247,3,73,17.75
1209393000,0,245,81,257,19.125
1209393900,0,248,57,236,18.3125
1209394800,0,248,42,226,18.875
1209395700,0,244,24,311,17
1209396600,0,247,39,232,19.5
1209397500,0,248,135,229,18.375
1209398400,0,245,231,226,17.25
1209399300,0,242,45,178,15.9375
1209400200,0,241,0,10,15.1875
1209401100,0,244,0,274,15.6875
1209402000,0,237,12,282,14.5
1209402900,0,231,45,352,13.625
1209403800,0,233,0,344,13.3125
1209404700,0,235,132,333,12.4375
1209405600,0,214,102,311,11.6875
1209406500,3,164,60,285,10.9375
1209407400,50,220,66,329,9.3125
1209408300,25,203,0,312,8.5
1209409200,23,167,0,299,8.0625
1209410100,22,137,0,277,8.5625
1209411000,20,39,0,179,9.1875
1209411900,9,11,0,342,8.875
1209412800,5,1,27,337,8.8125
1209413700,2,0,0,337,8.8125
1209414600,1,0,0,337,8.25
1209415500,0,0,0,332,8.25
1209416400,0,0,15,28,8.5625
1209417300,0,0,15,86,8.75
1209418200,0,0,6,3,8.6875
1209419100,0,0,9,226,8.75
1209420000,0,0,3,226,8.375
1209420900,0,0,0,298,7.5625
1209421800,0,0,3,8,7.1875
1209422700,0,0,0,240,7.0625
1209423600,0,0,42,240,7.25
1209424500,0,0,6,234,7.125
1209425400,0,0,0,6,6.625
1209426300,0,2,0,8,7.1875
1209427200,0,0,12,226,7.375
1209428100,0,0,3,247,7.3125
1209429000,0,0,0,237,7.3125
1209429900,0,0,3,17,6.8125
1209430800,0,0,3,217,6.375
1209431700,0,0,0,219,6.1875
1209432600,0,0,0,220,6
1209433500,1,0,0,206,6.25
1209434400,1,0,0,226,6
1209435300,1,0,0,226,6
1209436200,1,0,0,224,5.9375
1209437100,1,0,0,224,6
1209438000,1,0,0,209,5.75
1209438900,1,0,0,216,6.1875
1209439800,2,0,0,209,5.75
1209440700,2,0,0,209,5.8125
1209441600,2,4,0,209,5.3125
1209442500,2,32,0,215,5.375
1209443400,0,33,0,219,5.8125
1209444300,2,177,0,219,6.1875
1209445200,2,216,0,219,7.0625
1209446100,5,220,3,219,7.375
1209447000,3,226,21,217,7.125
1209447900,2,205,39,219,7.4375
1209448800,31,142,18,222,6.875
1209449700,15,210,0,76,6.3125
1209450600,13,233,0,92,6.875
1209451500,13,217,63,216,7.25
1209452400,20,228,63,202,7.3125
1209453300,13,239,9,224,8.125
1209454200,20,240,57,220,8.125
1209455100,15,242,15,217,9
1209456000,10,244,60,213,9.5
1209456900,10,243,0,92,10.125
1209457800,9,240,6,216,8.9375
1209458700,9,244,117,224,9.6875
1209459600,6,247,0,220,12.25
1209460500,4,248,0,222,12.9375
1209461400,3,248,0,224,13.625
1209462300,4,244,72,195,11.875
1209463200,43,248,6,202,12.9375
1209464100,10,247,108,215,12.1875
1209465000,35,240,105,212,10.1875
1209465900,15,250,60,208,13.375
1209466800,6,248,15,224,14.125
1209467700,20,233,93,226,9.75
1209468600,33,244,9,258,9.375
1209469500,30,244,45,76,10.3125
1209470400,23,246,78,230,12.0625
1209471300,14,249,0,239,15.6875
1209472200,0,248,150,226,15.25
1209473100,13,248,21,226,15.4375
1209474000,17,245,240,199,13.625
1209474900,13,249,21,296,16.75
1209475800,0,245,57,226,15.125
1209476700,0,244,144,203,14.5625
1209477600,0,247,180,226,15.3125
1209478500,0,250,213,210,16.8125
1209479400,0,242,174,179,14.625
1209480300,0,239,78,264,13.125
1209481200,0,245,9,232,13.5
1209482100,0,240,108,224,12.3125
1209483000,1,236,93,213,11.375
1209483900,0,233,72,220,10.625
1209484800,27,230,111,213,10.0625
1209485700,20,230,183,217,9.8125
1209486600,14,230,96,220,9.625
1209487500,13,232,69,202,9.625
1209488400,16,221,69,202,9.4375
1209489300,19,217,135,210,9.25
1209490200,15,213,201,219,9.0625
1209491100,13,208,114,198,9.125
1209492000,12,192,201,215,9.125
1209492900,13,157,150,224,9.1875
1209493800,15,163,123,217,9.375
1209494700,17,190,174,229,9.5
1209495600,27,116,225,224,9.4375
1209496500,19,157,0,226,8.6875
1209497400,18,73,15,247,8.5
1209498300,16,14,0,234,8.375
1209499200,16,2,3,230,8.1875
1209500100,16,0,108,227,8.25
1209501000,0,13,3,226,8.0625
1209501900,15,0,0,13,8
1209502800,14,0,0,162,7.8125
1209503700,14,0,0,224,8
1209504600,13,0,0,224,7.9375
1209505500,13,0,9,223,8.0625
1209506400,13,0,0,217,8.125
1209507300,13,0,0,224,8.25
1209508200,33,1,0,224,8.1875
1209509100,13,0,0,213,6.5
1209510000,13,0,0,309,6.3125
1209510900,13,0,0,309,6.0625
1209511800,12,0,0,40,6.1875
1209512700,14,0,78,131,6.3125
1209513600,12,0,27,219,6.3125
1209514500,12,0,0,208,6.0625
1209515400,12,0,45,213,6.125
1209516300,11,0,6,220,6.0625
1209517200,11,0,6,203,6.0625
1209518100,11,0,66,224,5.875
1209519000,12,0,24,226,5.9375
1209519900,11,0,30,222,5.5
1209520800,11,0,6,208,5.1875
1209521700,12,0,0,224,5.25
1209522600,11,0,0,224,5.3125
1209523500,0,0,9,206,5.5
1209524400,11,0,0,206
1209525300,10,0,6,210
1209526200,10,0,12,212
1209527100,21,0,51,203
1209528000,17,4,30,224
1209528900,13,34,15,213
1209529800,12,96,0,217
1209530700,12,153,72,210
1209531600,10,207,3,223
1209532500,10,214,69,213
1209533400,10,226,105,191
1209534300,10,233,0,213
1209535200,10,230,96,88
1209536100,9,226,126,223
1209537000,9,235,3,199
1209537900,9,235,6,184
1209538800,11,233,57,192
1209539700,30,227,24,202
1209540600,24,230,0,224
1209541500,25,221,108,224
1209542400,15,204,219,191
1209543300,12,219,3,224
1209544200,13,226,0,209
1209545100,13,225,0,209
1209546000,14,236,0,209
1209546900,12,247,0,209
1209547800,9,246,0,265
1209548700,9,246,0,267
1209549600,9,246,0,267
1209550500,7,247,0,254
1209551400,5,243,9,316
1209552300,0,239,0,329
1209553200,26,235,0,287
1209554100,18,244,0,83
1209555000,18,243,3,226
1209555900,20,241,24,230
1209556800,17,244,90,69
1209557700,14,245,78,154
1209558600,15,245,63,165
1209559500,13,245,18,191
1209560400,14,245,9,251
1209561300,18,243,6,294
1209562200,17,235,0,58
1209563100,15,239,9,89
1209564000,0,243,0,208
1209564900,12,247,0,193
1209565800,12,249,0,17
1209566700,14,243,3,93
1209567600,7,244,27,120,
1209568500,7,239,0,195,
1209569400,5,241,0,224,
1209570300,5,238,0,3,
1209571200,4,243,9,239,
1209572100,3,238,9,287,11.25
1209573000,2,229,33,275,10.5625
1209573900,2,228,33,247,10.0625
1209574800,1,227,51,191,10.0625
1209575700,0,216,0,234,9.6875
1209576600,0,224,9,224,9.9375
1209577500,0,213,27,343,8.8125
1209578400,0,229,0,134,9.75
1209579300,0,226,18,272,9.625
1209580200,0,178,9,226,9.25
1209581100,0,192,0,154,8.9375
1209582000,0,207,15,224,8.9375
1209582900,0,168,165,226,8.8125
1209583800,5,62,0,289,8.4375
1209584700,32,7,0,21,8.1875
1209585600,44,2,99,336,7.8125
1209586500,28,0,48,25,7.5
1209587400,19,0,0,319,7.0625
1209588300,16,0,63,224,7.4375
1209589200,15,0,0,51,7.6875
1209590100,13,0,12,329,7.6875
1209591000,11,0,0,298,7.625
1209591900,13,0,0,124,7.4375
1209592800,11,0,0,289,7.5625
1209593700,9,0,12,233,7.625
1209594600,8,0,9,208,7.6875
1209595500,8,0,0,270,7.5
