1209724642,0,151,0,272,23.3125,,0,0
1209724686,0,152,0,272,23.375,,0,0
1209725031,0,160,0,51,23.25,,0,0
1209725138,0,155,0,51,23.1875,,0,0
1209725245,0,157,0,51,23.1875,,0,0
1209725458,0,155,0,51,23.1875,,0,0
1209725839,0,138,0,51,23.125,,0,0
1209727630,0,135,90,360,21,,0,0
1209728180,0,126,90,360,21,,0,0
1209728245,0,138,90,360,21,,0,0
1209728348,0,199,90,360,21,,0,0
1209728412,0,193,90,360,21,,0,0
1209730577,1,207,0,316,22.3125,,0,0
1209731477,1,189,0,80,22.0625,,0,0
1209732377,1,206,0,106,21.9375,,0,0
1209733277,1,204,0,106,22.1875,,0,0
1209734177,1,215,0,106,22.9375,,0,0
1209735077,1,240,0,106,26.125,,0,0
1209736876,1,248,0,106,31.9375,,0,0
1209737776,1,207,0,106,24.4375,,0,0
1209738676,1,200,0,106,23.6875,,0,0
1209739576,1,223,0,106,23.4375,,0,0
1209740476,1,239,0,106,26.125,,0,0
1209741376,1,234,0,106,27.375,,0,0
1209742276,1,208,0,106,23.3125,,0,0
1209743176,1,205,0,106,22.9375,,0,0
1209744076,1,220,0,106,23.6875,,0,0
1209744976,1,223,0,106,23.125,,0,0
1209745876,1,213,0,106,23.375,,0,0
1209746776,1,212,0,106,23.125,,0,0
1209747676,1,208,0,106,23.1875,,0,0
1209748576,1,206,0,106,23.125,,0,0
1209749476,1,186,0,106,22.5,,0,0
1209750376,1,190,0,106,22.25,,0,0
1209751276,1,177,0,106,22,,0,0
1209752175,1,174,0,106,21.5625,,0,0
1209753075,1,165,0,106,21.1875,,0,0
1209753975,1,139,0,106,20.875,,0,0
1209754875,0,128,0,106,20.6875,,0,0
1209755775,1,80,0,106,20.4375,,0,0
1209756675,0,26,0,106,20.1875,,0,0
1209757575,1,6,0,106,20.0625,,0,0
1209758475,1,1,0,106,19.875,,0,0
1209759375,1,0,0,106,19.75,,0,0
1209760275,1,0,0,106,19.625,,0,0
1209761175,1,0,0,106,19.5,,0,0
1209762075,1,0,0,106,19.375,,0,0
1209762975,0,0,0,106,19.25,,0,0
1209763877,0,0,0,106,19.125,,0,0
1209764777,1,0,0,106,19.125,,0,0
1209765677,0,0,0,106,19,,0,0
1209766577,1,0,0,106,19.0625,,0,0
1209767477,1,0,0,106,18.9375,,0,0
1209768377,0,0,0,106,18.75,,0,0
1209769277,1,0,0,106,18.6875,,0,0
1209770177,0,0,0,106,18.625,,0,0
1209771077,0,0,0,106,18.5,,0,0
1209771977,1,0,0,106,18.4375,,0,0
1209772877,1,0,0,106,18.3125,,0,0
1209773777,1,0,0,106,18.125,,0,0
1209774677,0,0,0,106,18.125,,0,0
1209775577,0,0,0,106,18,,0,0
1209776477,1,0,0,106,17.9375,,0,0
1209777377,0,0,0,106,17.9375,,0,0
1209778277,0,0,0,106,17.8125,,0,0
1209779176,0,0,0,106,17.75,,0,0
1209780077,0,0,0,106,17.625,,0,0
1209780976,0,0,0,106,17.5625,,0,0
1209781876,0,0,0,106,17.5,,0,0
1209782776,0,0,0,106,17.5,,0,0
1209783676,0,0,0,106,17.5,,0,0
1209784576,0,0,0,106,17.4375,,0,0
1209785476,0,0,0,106,17.375,,0,0
1209786376,0,0,0,106,17.25,,0,0
1209787276,0,2,0,106,17.25,,0,0
1209788176,0,11,0,106,17.1875,,0,0
1209789076,0,42,0,106,17.1875,,0,0
1209789976,0,86,0,106,17.1875,,0,0
1209790876,0,124,0,106,17.3125,,0,0
1209791776,1,163,0,106,17.4375,,0,0
1209792676,0,159,0,106,17.5625,,0,0
1209793575,0,170,0,106,17.5625,,0,0
1209794475,1,170,0,106,17.6875,,0,0
1209795375,0,161,0,106,17.75,,0,0
1209796275,0,177,0,106,17.75,,0,0
1209797175,1,191,0,106,17.8125,,0,0
1209798075,0,191,0,106,17.9375,,0,0
1209798975,0,166,0,106,17.8125,,0,0
1209799875,0,189,0,106,17.8125,,0,0
1209800775,0,189,0,106,18.0625,,0,0
1209801675,0,185,0,106,18.25,,0,0
1209802575,0,189,0,106,18.4375,,0,0
1209803475,0,192,0,106,18.625,,0,0
1209804375,0,195,0,106,18.75,,0,0
1209805275,0,207,0,106,19,,0,0
1209806175,0,215,0,106,19.3125,,0,0
1209807075,0,215,0,106,19.5,,0,0
1209807974,0,212,0,106,19.5625,,0,0
1209808874,1,212,0,106,19.5,,0,0
1209809774,1,219,0,106,19.6875,,0,0
1209810674,1,215,0,106,19.6875,,0,0
1209811574,0,217,0,106,19.9375,,0,0
1209812474,0,213,0,106,19.875,,0,0
1209813374,0,214,0,106,19.9375,,0,0
1209814274,1,216,0,106,20,,0,0
1209815174,0,221,0,106,20.125,,0,0
1209816074,1,225,0,106,20.375,,0,0
1209816974,1,244,0,106,20.8125,,0,0
1209817874,1,234,0,106,21.6875,,0,0
1209818774,1,243,0,106,23.875,,0,0
1209819674,1,245,0,106,25.125,,0,0
1209820574,1,245,0,106,27.125,,0,0
1209821473,1,244,0,106,26.0625,,0,0
1209822373,1,234,0,106,23.0625,,0,0
1209823273,0,235,0,106,22.875,,0,0
1209824173,1,237,0,106,22.75,,0,0
1209825073,1,245,0,106,27.875,,0,0
1209825973,1,236,0,106,24.5625,,0,0
1209826873,1,237,0,106,25.0625,,0,0
1209827773,1,234,0,106,25,,0,0
1209828673,0,231,0,106,24.375,,0,0
1209829573,1,230,0,106,23.75,,0,0
1209830473,1,227,0,106,22.9375,,0,0
1209831373,1,208,0,106,21.875,,0,0
1209832273,0,189,0,106,21.3125,,0,0
1209833173,1,192,0,106,21.25,,0,0
1209834073,0,197,0,106,21.3125,,0,0
1209834973,1,213,0,106,21.875,,0,0
1209835872,1,188,0,106,21.25,,0,0
1209836772,1,194,0,106,21.1875,,0,0
1209837672,0,131,0,106,20.875,,0,0
1209838572,1,163,0,106,20.75,,0,0
1209839472,1,162,0,106,20.6875,,0,0
1209840372,1,125,0,106,20.5,,0,0
1209841272,1,110,0,106,20.375,,0,0
1209842172,0,66,0,106,20.125,,0,0
1209843072,1,27,0,106,20,,0,0
1209843972,0,6,0,106,20,,0,0
1209844872,0,1,0,106,19.9375,,0,0
1209845772,1,0,0,106,19.8125,,0,0
1209846672,0,0,0,106,19.8125,,0,0
1209847572,1,0,0,106,19.6875,,0,0
1209848472,0,0,0,106,19.5625,,0,0
1209849372,0,0,0,106,19.5625,,0,0
1209850274,0,0,0,106,19.5625,,0,0
1209851174,0,0,0,106,19.5,,0,0
1209852074,1,0,0,106,19.375,,0,0
1209852974,0,0,0,106,19.375,,0,0
1209853874,1,0,0,106,19.375,,0,0
1209854774,0,0,0,106,19.375,,0,0
1209855674,1,0,0,106,19.25,,0,0
1209856574,0,0,0,106,19.3125,,0,0
1209857474,0,0,0,106,19.25,,0,0
1209858373,0,0,0,106,19.1875,,0,0
1209859273,0,0,0,106,19.1875,,0,0
1209860173,1,0,0,106,19.1875,,0,0
1209861073,0,0,0,106,19.1875,,0,0
1209861973,0,0,0,106,19.1875,,0,0
1209862873,0,0,0,106,19.1875,,0,0
1209863773,0,0,0,106,19.1875,,0,0
1209864673,0,0,0,106,19.0625,,0,0
1209865573,1,0,0,106,19,,0,0
1209866473,1,1,0,106,19,,0,0
1209867373,1,0,0,106,18.9375,,0,0
1209868273,0,0,0,106,18.9375,,0,0
1209869173,1,0,0,106,18.9375,,0,0
1209870073,0,0,0,106,19,,0,0
1209870973,1,0,0,106,19,,0,0
1209871873,0,0,0,106,18.9375,,0,0
1209872772,0,0,0,106,18.9375,,0,0
1209873672,1,2,0,106,18.875,,0,0
1209874572,0,9,0,106,18.8125,,0,0
1209875472,1,28,0,106,18.8125,,0,0
1209876372,0,60,0,106,18.75,,0,0
1209877272,1,86,0,106,18.8125,,0,0
1209878172,1,111,0,106,18.75,,0,0
1209879072,0,160,0,106,18.9375,,0,0
1209879972,0,165,0,106,19.1875,,0,0
1209880872,1,166,0,106,19.6875,,0,0
1209881772,0,183,0,106,20.1875,,0,0
1209882672,1,196,0,106,20.5625,,0,0
1209883572,1,191,0,106,20.75,,0,0
1209884472,0,195,0,106,20.9375,,0,0
1209885372,0,185,0,106,20.9375,,0,0
1209886271,1,195,0,106,20.9375,,0,0
1209887171,0,204,0,106,21.0625,,0,0
1209888071,1,209,0,106,21.25,,0,0
1209888971,1,212,0,106,21.375,,0,0
1209889871,0,214,0,106,21.5625,,0,0
1209890771,0,214,0,106,21.6875,,0,0
1209891671,0,212,0,106,21.6875,,0,0
1209892571,1,207,0,106,21.625,,0,0
1209893471,1,199,0,106,21.5,,0,0
1209894371,1,208,0,106,21.5,,0,0
1209895271,1,196,0,106,21.4375,,0,0
1209896171,1,211,0,106,21.5,,0,0
1209897071,1,215,0,106,21.75,,0,0
1209897971,1,223,0,106,22,,0,0
1209898871,0,226,0,106,22.3125,,0,0
1209899770,1,223,0,106,22.3125,,0,0
1209900670,0,224,0,106,22.3125,,0,0
1209901570,1,221,0,106,22.375,,0,0
1209902470,0,222,0,106,22.3125,,0,0
1209903370,1,222,0,106,22.25,,0,0
1209904270,0,217,0,106,22.1875,,0,0
1209905170,1,225,0,106,22.4375,,0,0
1209906070,1,226,0,106,22.75,,0,0
1209906970,1,231,0,106,23.6875,,0,0
1209907870,1,224,0,106,22.625,,0,0
1209908770,1,220,0,106,22.375,,0,0
1209909670,1,218,0,106,22.3125,,0,0
1209910570,1,220,0,106,22.1875,,0,0
1209911470,1,219,0,106,22.3125,,0,0
1209912370,1,229,0,106,22.875,,0,0
1209913270,1,221,0,106,22.5625,,0,0
1209914169,0,208,0,106,22.0625,,0,0
1209915069,1,199,0,106,21.75,,0,0
1209915969,1,207,0,106,21.75,,0,0
1209916869,1,201,0,106,21.75,,0,0
1209917769,1,202,0,106,21.8125,,0,0
1209918669,1,196,0,106,21.625,,0,0
1209919569,0,193,0,106,21.625,,0,0
1209920469,0,187,0,106,21.5,,0,0
1209921369,0,179,0,106,21.4375,,0,0
1209922269,1,181,0,106,21.4375,,0,0
1209923169,1,182,0,106,21.375,,0,0
1209924069,1,169,0,106,21.375,,0,0
1209924969,1,129,0,106,21.1875,,0,0
1209925884,1,116,0,106,21.0625,,0,0
1209926769,1,106,0,106,21,,0,0
1209927669,0,99,0,106,20.9375,,0,0
1209928568,0,70,0,106,20.75,,0,0
1209929468,1,31,0,106,20.6875,,0,0
1209930368,0,8,0,106,20.625,,0,0
1209931268,1,2,0,106,20.5,,0,0
1209932168,0,0,0,106,20.5,,0,0
1209933068,0,0,0,106,20.4375,,0,0
1209933968,1,0,0,106,20.5,,0,0
1209934868,1,0,0,106,20.375,,0,0
1209935768,0,0,0,106,20.375,,0,0
1209936671,1,0,0,106,20.375,,0,0
1209937571,0,0,0,106,20.25,,0,0
1209938471,1,0,0,106,20.1875,,0,0
1209939371,0,0,0,106,20.125,,0,0
1209940271,0,0,0,106,20.1875,,0,0
1209941171,1,0,0,106,20.1875,,0,0
1209942071,1,0,0,106,20.125,,0,0
1209942971,0,0,0,106,20.0625,,0,0
1209943871,0,0,0,106,20,,0,0
1209944771,0,0,0,106,19.9375,,0,0
1209945671,0,0,0,106,19.8125,,0,0
1209946571,1,0,0,106,19.8125,,0,0
1209947471,0,0,0,106,19.8125,,0,0
1209948370,0,0,0,106,19.8125,,0,0
1209949270,0,0,0,106,19.75,,0,0
1209950170,0,0,0,106,19.6875,,0,0
1209951070,1,0,0,106,19.6875,,0,0
1209951970,0,0,0,106,19.625,,0,0
1209952870,0,0,0,106,19.5625,,0,0
1209953770,0,0,0,106,19.5625,,0,0
1209954670,0,0,0,106,19.4375,,0,0
1209955570,0,0,0,106,19.5,,0,0
1209956470,0,0,0,106,19.5,,0,0
1209957370,1,0,0,106,19.4375,,0,0
1209958270,0,0,0,106,19.4375,,0,0
1209959170,1,0,0,106,19.3125,,0,0
1209960070,1,1,0,106,19.25,,0,0
1209960970,0,5,0,106,19.3125,,0,0
1209961870,0,18,0,106,19.3125,,0,0
1209962769,0,32,0,106,19.25,,0,0
1209963669,1,82,0,106,19.1875,,0,0
1209964569,1,145,0,106,19.3125,,0,0
1209965469,0,171,0,106,19.4375,,0,0
1209966369,0,186,0,106,19.625,,0,0
1209967269,1,192,0,106,19.75,,0,0
1209968169,0,194,0,106,19.875,,0,0
1209969069,0,195,0,106,19.8125,,0,0
1209969969,0,194,0,106,19.875,,0,0
1209970869,1,196,0,106,20,,0,0
1209971769,0,198,0,106,20.3125,,0,0
1209972669,0,198,0,106,20.8125,,0,0
1209973569,0,201,0,106,21.375,,0,0
1209974469,0,205,0,106,22.125,,0,0
1209975369,1,205,0,106,22.5,,0,0
1209976268,1,204,0,106,22.875,,0,0
1209977168,1,205,0,106,23.0625,,0,0
1209978068,1,217,0,106,23.5,,0,0
1209978968,0,211,0,106,23.25,,0,0
1209979868,0,208,0,106,23.1875,,0,0
1209980768,1,218,0,106,23.3125,,0,0
1209981668,0,217,0,106,23.3125,,0,0
1209982568,1,221,0,106,23.375,,0,0
1209983468,0,225,0,106,23.5625,,0,0
1209984368,1,222,0,106,23.5625,,0,0
1209985268,1,222,0,106,23.4375,,0,0
1209986168,1,223,0,106,23.4375,,0,0
1209987068,1,224,0,106,23.4375,,0,0
1209987968,1,225,0,106,23.6875,,0,0
1209988868,1,225,0,106,24,,0,0
1209989767,0,244,0,106,24.6875,,0,0
1209990667,0,232,0,106,25.375,,0,0
1209991567,1,238,0,106,26.3125,,0,0
1209992467,1,246,0,106,29.3125,,0,0
1209993367,1,246,0,106,31,,0,0
1209994267,1,247,0,106,32.1875,,0,0
1209995167,1,245,0,106,31.375,,0,0
1209996067,1,242,0,106,29.3125,,0,0
1209996967,1,243,0,106,29.5,,0,0
1209997867,1,238,0,106,28,,0,0
1209998767,1,242,0,106,28.4375,,0,0
1209999667,1,236,0,106,27.6875,,0,0
1210000567,1,233,0,106,27.1875,,0,0
1210001467,1,229,0,106,26.625,,0,0
1210002367,1,228,0,106,26.3125,,0,0
1210003266,1,230,0,106,27.3125,,0,0
1210004166,1,225,0,106,27.5,,0,0
1210005066,1,218,0,106,25.875,,0,0
1210005966,0,216,0,106,25.3125,,0,0
1210006866,1,211,0,106,24.875,,0,0
1210007766,1,206,0,106,24.5,,0,0
1210008666,0,202,0,106,24.25,,0,0
1210009566,1,195,0,106,23.9375,,0,0
1210010466,1,189,0,106,23.625,,0,0
1210011366,1,180,0,106,23.4375,,0,0
1210012266,1,165,0,106,23.1875,,0,0
1210013169,1,143,0,106,22.9375,,0,0
1210014066,1,117,0,106,22.5,,0,0
1210014966,1,74,0,106,22.25,,0,0
1210015866,1,32,0,106,22.0625,,0,0
1210016766,1,10,0,106,21.875,,0,0
1210017665,1,2,0,106,21.75,,0,0
1210018565,1,0,0,106,21.625,,0,0
1210019465,1,0,0,106,21.625,,0,0
1210020365,1,0,0,106,21.5,,0,0
1210021265,1,0,0,106,21.375,,0,0
1210022165,1,0,0,106,21.25,,0,0
1210023068,1,0,0,106,21.1875,,0,0
1210023968,0,0,0,106,21.125,,0,0
1210024868,0,0,0,106,21,,0,0
1210025768,1,0,0,106,20.8125,,0,0
1210026668,0,0,0,106,20.8125,,0,0
1210027568,0,0,0,106,20.6875,,0,0
1210028468,1,0,0,106,20.625,,0,0
1210029367,0,0,0,106,20.5,,0,0
1210040167,0,0,0,106,19.4375,,0,0
1210041067,0,0,0,106,19.25,,0,0
1210041967,0,0,0,106,19.25,,0,0
1210042867,0,0,0,106,19.1875,,0,0
1210043767,0,0,0,106,19.125,,0,0
1210044666,0,0,0,106,19.0625,,0,0
1210045566,1,1,0,106,19,,0,0
1210046466,0,4,0,106,18.875,,0,0
1210047366,1,22,0,106,18.8125,,0,0
1210048266,1,57,0,106,18.8125,,0,0
1210049166,1,89,0,106,18.8125,,0,0
1210050066,1,110,0,106,18.875,,0,0
1210050966,0,124,0,106,18.75,,0,0
1210051866,0,134,0,106,18.75,,0,0
1210052766,0,140,0,106,18.8125,,0,0
1210053666,0,145,0,106,18.875,,0,0
1210054566,0,147,0,106,18.9375,,0,0
1210055466,0,150,0,106,19.0625,,0,0
1210056366,1,152,0,106,19.0625,,0,0
1210057266,0,154,0,106,19.25,,0,0
1210058166,1,180,0,106,19.8125,,0,0
1210059066,1,180,0,106,20.4375,,0,0
1210059965,1,181,0,106,21.0625,,0,0
1210060865,1,182,0,106,21.5,,0,0
1210061765,1,183,0,106,22,,0,0
1210062665,1,184,0,106,22.375,,0,0
1210063565,1,185,0,106,22.5625,,0,0
1210064465,1,186,0,106,22.625,,0,0
1210065365,1,188,0,106,22.75,,0,0
1210068966,1,173,0,226,23.375,,0,0
1210069866,1,171,0,226,23.25,,0,0
1210070766,1,171,0,226,23.5,,0,0
1210071666,1,173,0,226,23.5625,,0,0
1210072566,1,176,0,226,23.75,,0,0
1210073466,1,178,0,226,23.9375,,0,0
1210074366,1,176,0,226,24.125,,0,0
1210075266,1,181,0,226,24.3125,,0,0
1210076166,1,189,0,226,24.375,,0,0
1210077065,1,182,0,226,24.4375,,0,0
1210077965,1,197,0,226,24.5,,0,0
1210078865,1,202,0,226,24.5,,0,0
1210079765,1,202,0,226,24.6875,,0,0
1210080665,1,203,0,226,24.6875,,0,0
1210081565,1,203,0,226,24.6875,,0,0
1210082465,1,205,0,226,24.875,,0,0
1210083365,1,205,0,226,25.1875,,0,0
1210084265,1,204,0,21,25.125,,0,0
1210085165,1,205,0,27,24.875,,0,0
1210086065,1,201,0,27,24.6875,,0,0
1210086965,1,199,0,27,24.8125,,0,0
1210087865,1,202,0,27,24.9375,,0,0
1210088765,1,201,0,28,25.0625,,0,0
1210089665,1,201,0,27,24.9375,,0,0
1210090565,1,200,0,27,24.8125,,0,0
1210091464,1,199,0,27,24.6875,,0,0
1210092364,1,197,0,27,24.5625,,0,0
1210093264,1,194,0,27,24.4375,,0,0
1210094164,1,191,0,27,24.4375,,0,0
1210095064,1,186,0,27,24.375,,0,0
1210095964,1,179,0,27,24.375,,0,0
1210096864,1,168,0,27,24.1875,,0,0
1210097764,1,157,0,27,24,,0,0
1210098664,1,141,0,27,23.875,,0,0
1210099564,1,120,0,27,23.75,,0,0
1210100464,1,92,0,27,23.5,,0,0
1210101364,1,57,0,27,23.4375,,0,0
1210102264,1,28,0,28,23.1875,,0,0
1210103164,1,8,0,27,23.1875,,0,0
1210104064,1,2,0,28,23.125,,0,0
1210104964,1,1,0,28,23,,0,0
1210105863,1,1,0,28,22.9375,,0,0
1210106763,1,0,0,28,22.8125,,0,0
1210107663,1,1,0,27,22.75,,0,0
1210108563,1,1,0,27,22.6875,,0,0
1210109466,1,1,0,27,22.625,,0,0
1210110365,1,1,0,27,22.5,,0,0
1210111265,1,1,0,27,22.4375,,0,0
1210112165,1,1,0,27,22.375,,0,0
1210113065,1,1,0,27,22.375,,0,0
1210113965,1,1,0,27,22.3125,,0,0
1210114865,1,1,0,28,22.25,,0,0
1210115765,1,1,0,28,22.1875,,0,0
1210116665,1,0,0,27,22.1875,,0,0
1210117565,1,0,0,28,22.125,,0,0
1210118465,1,0,0,28,22.0625,,0,0
1210119365,1,0,0,28,22,,0,0
1210120265,1,0,0,28,22,,0,0
1210121165,1,0,0,28,21.9375,,0,0
1210122065,1,0,0,28,21.875,,0,0
1210122965,1,0,0,28,21.875,,0,0
1210123865,1,0,0,28,21.8125,,0,0
1210124764,1,0,0,28,21.75,,0,0
1210125664,1,0,0,27,21.75,,0,0
1210126564,1,0,0,27,21.625,,0,0
1210127464,1,1,0,28,21.5625,,0,0
1210128364,1,0,0,28,21.5625,,0,0
1210129264,1,1,0,27,21.5,,0,0
1210130164,1,1,0,27,21.4375,,0,0
1210131064,1,1,0,28,21.375,,0,0
1210131964,1,1,0,28,21.3125,,0,0
1210132864,1,2,0,27,21.3125,,0,0
1210133764,1,10,0,28,21.25,,0,0
1210134664,1,28,0,28,21.25,,0,0
1210135564,1,47,0,27,21.1875,,0,0
1210136464,1,63,0,27,21.125,,0,0
1210137364,1,76,0,28,21.125,,0,0
1210138263,1,85,0,27,21.0625,,0,0
1210139163,1,94,0,27,21.125,,0,0
1210140063,1,100,0,28,21.125,,0,0
1210140963,1,104,0,28,21.1875,,0,0
1210141863,1,108,0,27,21.1875,,0,0
1210142763,1,111,0,28,21.3125,,0,0
1210143663,1,114,0,27,21.375,,0,0
1210144563,1,117,0,27,21.5,,0,0
1210145463,1,118,0,27,21.75,,0,0
1210146363,48,157,270,254,22.8125,,0,0
1210174264,0,248,285,80,25.5,,0,0
1210175163,0,248,123,147,26.1875,,0,0
1210176063,0,247,231,120,25.0625,,0,0
1210176963,0,247,249,119,26.125,,0,0
1210177863,0,246,3,145,26.4375,,0,0
1210178763,0,246,174,182,25.5,,0,0
1210179663,0,244,78,143,25.0625,,0,0
1210180563,0,243,114,104,24.3125,,0,0
1210181463,0,242,63,116,23.75,,0,0
1210182363,0,239,168,138,22.8125,,0,0
1210183263,0,237,18,112,22.75,,0,0
1210184163,0,232,0,152,21.6875,,0,0
1210185063,0,230,153,90,20.75,,0,0
1210185963,0,222,84,76,19.75,,0,0
1210186863,0,213,132,123,19.1875,,0,0
1210187763,0,194,90,97,18.5,,0,0
1210188663,0,157,84,59,17.625,,0,0
1210189523,0,85,150,150,17.0625,,0,0
1210190422,0,20,0,150,16.5,,0,0
1210191322,0,3,39,133,16.25,,0,0
1210192222,0,1,72,106,15.8125,,0,0
1210193122,0,1,24,83,15.625,,0,0
1210194022,0,0,99,92,15.4375,,0,0
1210194922,0,1,72,174,15.0625,,0,0
1210195825,0,1,102,147,14.75,,0,0
1210196725,0,1,150,119,14.6875,,0,0
1210197625,0,1,141,95,14.4375,,0,0
1210198525,0,1,132,82,14.25,,0,0
1210199425,0,1,162,107,14,,0,0
1210200325,0,1,18,114,13.875,,0,0
1210201225,0,0,12,150,13.4375,,0,0
1210202125,0,0,0,140,13.3125,,0,0
1210203025,0,0,9,169,13.125,,0,0
1210203925,0,0,0,175,12.8125,,0,0
1210204825,0,0,72,144,12.8125,,0,0
1210205725,0,0,24,150,12.875,,0,0
1210206624,0,0,0,162,12.875,,0,0
1210207524,0,1,0,155,12.8125,,0,0
1210208424,0,0,0,151,12.375,,0,0
1210209324,0,1,18,151,12.25,,0,0
1210210224,0,0,0,151,12.0625,,0,0
1210211124,0,0,0,154,11.9375,,0,0
1210212024,1,0,0,154,11.5,,0,0
1210212924,1,1,12,152,11.6875,,0,0
1210213824,1,0,24,152,11.5625,,0,0
1210214724,0,1,33,154,11.625,,0,0
1210215624,0,0,3,162,11.6875,,0,0
1210216524,0,1,0,143,11.1875,,0,0
1210219224,1,50,3,145,10.625,,0,0
1210220124,1,129,0,147,10.4375,,0,0
1210221024,1,179,0,145,10.75,,0,0
1210221924,1,206,0,147,10.8125,,0,0
1210222823,0,219,0,165,11.375,,0,0
1210223723,0,228,0,134,12.1875,,0,0
1210224623,0,235,117,137,13,,0,0
1210225523,0,237,60,110,13.75,,0,0
1210226423,0,240,51,96,14.5,,0,0
1210227324,0,243,78,184,15.1875,,0,0
1210228223,0,244,60,133,16.375,,0,0
1210229123,0,245,45,86,16.6875,,0,0
1210230023,0,246,84,99,17.375,,0,0
1210230923,0,247,0,127,18.5625,,0,0
1210231823,0,248,0,137,20.625,,0,0
1210232723,0,248,0,157,21.875,,0,0
1210233623,0,248,33,75,22.5,,0,0
1210234523,0,249,117,82,23.4375,,0,0
1210235422,0,248,0,168,25.125,,0,0
1210236322,0,250,6,44,25.0625,,0,0
1210237222,0,250,90,151,24.375,,0,0
1210238122,0,250,219,97,25.8125,,0,0
1210239022,0,250,150,185,25.25,,0,0
1210239922,0,250,261,102,25,,0,0
1210240822,0,250,225,144,25.75,,0,0
1210242622,0,250,309,184,25.5625,,0,0
1210243522,0,250,174,188,25.75,,0,0
1210244422,0,250,372,179,26.4375,,0,0
1210245322,0,250,270,136,27.25,,0,0
1210246223,0,250,210,167,28.8125,,0,0
1210247122,0,250,348,147,27,,0,0
1210248022,0,250,315,175,27.0625,,0,0
1210248922,0,250,216,11,28.1875,,0,0
1210249821,0,250,300,203,29.625,,0,0
1210250721,0,250,243,167,29.1875,,0,0
1210251621,0,250,342,178,28.4375,,0,0
1210329919,0,246,0,161,24.75,,0,0
1210330819,0,245,45,168,23.3125,,0,0
1210331719,0,247,54,155,24.8125,,0,0
1210332618,0,247,0,158,25.125,,0,0
1210333518,0,247,0,162,25.1875,,0,0
1210334418,0,246,0,186,25.4375,,0,0
1210336222,0,248,0,155,26.5,,0,0
1210337122,0,249,0,155,31.4375,,0,0
1210338022,0,250,6,185,30.9375,,0,0
1210338922,0,250,0,86,33.0625,,0,0
1210339822,0,250,45,120,33.0625,,0,0
1210340722,0,250,6,71,33.9375,,0,0
1210342522,0,242,78,86,29.5625,,0,0
1210343422,0,241,111,174,27.375,,0,0
1210344322,0,245,162,185,28.625,,0,0
1210345221,0,248,75,160,29.1875,,0,0
1210346121,0,249,117,176,30.5,,0,0
1210347021,0,248,144,141,29.6875,,0,0
1210347921,0,248,201,152,29.3125,,0,0
1210348821,0,247,279,134,29.5625,,0,0
1210349721,0,247,24,179,29.0625,,0,0
1210350621,0,246,108,176,28.5,,0,0
1210351521,0,246,294,168,28.75,,0,0
1210352421,0,244,57,134,28,,0,0
1210353321,0,244,285,157,27.625,,0,0
1210354221,0,242,114,185,27.125,,0,0
1210355121,0,240,48,161,26.4375,,0,0
1210356021,0,238,138,164,25.6875,,0,0
1210356921,0,235,60,181,24.9375,,0,0
1210357821,0,230,81,168,24.25,,0,0
1210358721,0,224,21,174,23.5625,,0,0
1210359620,0,215,3,165,23.125,,0,0
1210360520,0,194,0,167,22.25,,0,0
1210361420,0,149,0,167,21.5625,,0,0
1210362320,0,80,0,165,21.3125,,0,0
1210363220,0,20,3,165,20.5625,,0,0
1210364120,0,3,0,165,20,,0,0
1210365020,0,1,0,167,19.375,,0,0
1210365920,0,0,15,167,19.6875,,0,0
1210366820,0,0,0,167,18.4375,,0,0
1210367720,0,1,0,165,18.125,,0,0
1210368622,0,1,0,165,18.3125,,0,0
1210369522,0,1,0,165,18.25,,0,0
1210370422,0,1,0,165,16.8125,,0,0
1210371322,0,0,0,165,16.9375,,0,0
1210372222,0,1,0,165,16.4375,,0,0
1210373122,0,0,0,165,17.125,,0,0
1210374022,0,0,0,167,16.375,,0,0
1210374922,0,0,0,165,16.625,,0,0
1210375821,0,0,0,165,16.5,,0,0
1210376721,0,1,6,167,16.8125,,0,0
1210377621,0,0,0,167,15.6875,,0,0
1210378521,0,0,0,165,15.875,,0,0
1210379421,0,1,0,165,14.9375,,0,0
1210380321,0,0,0,165,15.3125,,0,0
1210381221,0,0,0,165,14.75,,0,0
1210382121,0,0,0,165,14.4375,,0,0
1210383021,0,1,0,165,14.4375,,0,0
1210383921,0,1,0,167,13.875,,0,0
1210384821,0,0,0,165,14.3125,,0,0
1210385721,0,0,0,165,14.625,,0,0
1210386621,0,1,0,165,14.0625,,0,0
1210387521,0,0,0,165,13.5,,0,0
1210388421,0,0,0,165,13,,0,0
1210389321,0,1,0,165,14.0625,,0,0
1210390221,0,1,0,165,13.4375,,0,0
1210391120,0,8,0,165,13.375,,0,0
1210392020,0,46,0,165,12.8125,,0,0
1210392920,0,126,0,175,14,,0,0
1210393820,0,170,0,174,12.8125,,0,0
1210394720,0,199,0,176,14.375,,0,0
1210395620,0,216,0,227,14.625,,0,0
1210396520,0,224,0,227,14.25,,0,0
1210397420,0,230,0,229,14.625,,0,0
1210398320,0,233,0,229,14.875,,0,0
1210399220,0,236,0,229,15.5,,0,0
1210400120,0,238,0,229,16,,0,0
1210401020,0,240,0,227,16.5,,0,0
1210401920,0,242,0,229,17.1875,,0,0
1210402820,0,242,0,227,17.75,,0,0
1210403720,0,242,0,229,17.8125,,0,0
1210404620,0,243,0,227,18.9375,,0,0
1210405520,0,244,0,227,19.875,,0,0
1210406419,0,246,0,229,20.75,,0,0
1210407319,0,247,18,229,21.375,,0,0
1210408219,0,247,0,229,22.8125,,0,0
1210409119,0,248,12,230,23.875,,0,0
1210410019,0,248,0,237,25.25,,0,0
1210410919,0,248,0,236,24.875,,0,0
1210411819,0,249,0,239,26.8125,,0,0
1210412719,0,248,0,253,25.875,,0,0
1210413619,0,250,102,253,27.75,,0,0
1210414519,0,250,0,251,27.9375,,0,0
1210415419,0,249,0,251,29,,0,0
1210416319,0,250,21,256,29.25,,0,0
1210417219,0,248,12,270,27.375,,0,0
1210418118,0,250,0,270,31.75,,0,0
1210419018,0,250,21,206,29.6875,,0,0
1210419918,0,250,0,113,30.75,,0,0
1210420818,0,250,0,346,32.125,,0,0
1210421718,0,250,0,346,33.1875,,0,0
1210422618,0,250,0,346,33.5,,0,0
1210423518,0,248,0,346,31.4375,,0,0
1210424418,0,248,0,347,32.5,,0,0
1210425318,0,247,0,347,30.625,,0,0
1210426218,0,247,0,347,31.4375,,0,0
1210427118,0,248,0,347,32.5,,0,0
1210428018,0,248,0,347,33.1875,,0,0
1210428918,0,249,9,347,33.875,,0,0
1210429818,0,247,0,329,32.375,,0,0
1210430718,0,245,21,329,29.1875,,0,0
1210431618,0,245,12,329,29.25,,0,0
1210432518,0,247,0,329,30.5,,0,0
1210433417,0,245,0,329,30.8125,,0,0
1210434317,0,244,87,336,27.9375,,0,0
1210435217,0,246,18,339,28.3125,,0,0
1210436117,0,245,108,217,28.3125,,0,0
1210437017,0,244,33,226,27.3125,,0,0
1210437917,0,244,15,288,27.4375,,0,0
1210438817,0,243,0,256,28,,0,0
1210439717,0,237,33,226,26.125,,0,0
1210440617,0,238,0,113,25.4375,,0,0
1210441517,0,239,0,119,26,,0,0
1210442417,0,237,42,116,25.625,,0,0
1210443317,0,236,33,140,25.5625,,0,0
1210444217,0,233,27,95,24.75,,0,0
1210445117,0,229,114,123,24.1875,,0,0
1210446017,0,218,96,167,23.5,,0,0
1210446917,0,195,81,69,22.1875,,0,0
1210447816,0,160,72,96,21.5,,0,0
1210448716,0,96,27,95,20.4375,,0,0
1210449616,0,29,39,96,19.375,,0,0
1210450516,0,4,21,133,19.0625,,0,0
1210451416,0,1,0,103,18.125,,0,0
1210452316,0,0,0,103,17.875,,0,0
1210453216,0,1,0,103,17,,0,0
1210454116,0,0,0,103,15.875,,0,0
1210455019,0,0,0,103,16.0625,,0,0
1210455919,0,0,0,103,16.25,,0,0
1210456819,0,0,0,103,15.6875,,0,0
1210457719,0,0,3,103,15.5,,0,0
1210458619,0,0,0,103,15.4375,,0,0
1210459519,0,0,0,103,14.9375,,0,0
1210460419,0,0,0,103,14.5625,,0,0
1210461319,0,0,0,103,13.875,,0,0
1210462218,0,0,0,103,13.6875,,0,0
1210463118,0,0,0,103,13.375,,0,0
1210464018,0,0,0,103,13.1875,,0,0
1210464918,0,1,0,103,12.4375,,0,0
1210465818,0,0,0,103,12.8125,,0,0
1210466718,0,1,0,103,12.9375,,0,0
1210467618,0,0,0,103,11.875,,0,0
1210468518,0,0,0,103,12.125,,0,0
1210469418,0,0,0,103,12.25,,0,0
1210470318,0,0,0,103,11.625,,0,0
1210471218,0,0,0,103,11.0625,,0,0
1210472118,0,1,0,103,11.125,,0,0
1210473018,0,0,0,103,10.9375,,0,0
1210473918,0,1,0,103,10.1875,,0,0
1210474818,0,0,0,103,9.75,,0,0
1210475718,1,1,0,103,10.0625,,0,0
1210476618,1,2,0,103,10.6875,,0,0
1210477517,1,13,0,103,10.5,,0,0
1210478417,1,68,0,103,10.5,,0,0
1210479317,1,141,0,103,9.4375,,0,0
1210480217,1,192,0,103,9.875,,0,0
1210481117,0,213,0,103,11.625,,0,0
1210482017,0,224,0,103,11.8125,,0,0
1210482917,0,231,0,103,13.375,,0,0
1210483817,0,234,0,103,13.875,,0,0
1210484717,0,238,0,103,14.9375,,0,0
1210485617,0,240,0,103,15.3125,,0,0
1210486517,0,242,0,103,16.375,,0,0
1210487417,0,244,18,112,16.9375,,0,0
1210488317,0,245,63,107,17.6875,,0,0
1210489217,0,246,57,113,17.75,,0,0
1210490117,0,247,21,164,19.5625,,0,0
1210491016,0,247,36,134,19.25,,0,0
1210491916,0,248,27,148,21.75,,0,0
1210492816,0,248,0,48,21.6875,,0,0
1210493716,0,249,96,147,21.875,,0,0
1210494616,0,248,30,154,22.75,,0,0
1210495516,0,249,3,126,26.0625,,0,0
1210496416,0,249,0,138,26.375,,0,0
1210497316,0,249,0,61,26.3125,,0,0
1210498216,0,250,0,102,27.5625,,0,0
1210499116,0,250,9,144,27.375,,0,0
1210500016,0,249,192,145,27,,0,0
1210500916,0,250,21,85,29.9375,,0,0
1210501816,0,250,108,114,29,,0,0
1210502716,0,250,54,140,30.3125,,0,0
1210503616,0,250,132,109,30.25,,0,0
1210504515,0,250,51,133,29.1875,,0,0
1210505415,0,250,120,134,31.9375,,0,0
1210506315,0,250,168,126,29.6875,,0,0
1210507215,0,250,315,141,31.0625,,0,0
1210508115,0,250,3,224,31.3125,,0,0
1210509015,0,250,153,164,32.0625,,0,0
1210509915,0,250,174,167,32.4375,,0,0
1210510815,0,250,216,106,29.8125,,0,0
1210511715,0,250,267,155,29.25,,0,0
1210512615,0,250,276,113,30.1875,,0,0
1210513515,0,250,339,155,31.4375,,0,0
1210514415,0,250,198,144,29.75,,0,0
1210515315,0,250,321,126,29.4375,,0,0
1210516215,0,250,303,144,29.875,,0,0
1210517115,0,249,165,134,28.9375,,0,0
1210518015,0,248,246,162,29.0625,,0,0
1210518914,0,248,237,131,29.125,,0,0
1210519814,0,248,171,102,28.0625,,0,0
1210520714,0,248,156,144,27.8125,,0,0
1210521614,0,246,141,155,28.4375,,0,0
1210522514,0,247,18,189,29.1875,,0,0
1210523414,0,246,63,119,27.5625,,0,0
1210524314,0,246,0,110,28.3125,,0,0
1210525214,0,244,150,79,27.875,,0,0
1210526114,0,243,54,112,26.6875,,0,0
1210527014,0,242,141,185,25.8125,,0,0
1210527914,0,238,225,107,24.875,,0,0
1210528814,0,238,105,75,24.625,,0,0
1210529714,0,233,42,114,24.1875,,0,0
1210530614,0,229,6,97,23.25,,0,0
1210531514,0,218,57,76,21.8125,,0,0
1210532414,0,204,36,112,21,,0,0
1210533313,0,185,0,103,20.1875,,0,0
1210534213,0,153,0,154,19.25,,0,0
1210535113,0,99,0,175,18.9375,,0,0
1210536013,0,33,18,134,18.1875,,0,0
1210536913,0,5,0,134,17.625,,0,0
1210537813,0,1,0,172,16.5625,,0,0
1210538713,0,0,0,168,16.3125,,0,0
1210539613,0,1,0,134,16.75,,0,0
1210540513,0,0,0,134,15.25,,0,0
1210541417,0,0,3,134,14.875,,0,0
1210542316,0,0,3,134,14.6875,,0,0
1210543216,0,1,0,134,14.4375,,0,0
1210544116,0,0,0,134,13.0625,,0,0
1210545016,0,0,0,134,13.0625,,0,0
1210545916,0,0,0,134,12.75,,0,0
1210546816,0,0,0,134,12.3125,,0,0
1210547716,0,0,0,134,12.625,,0,0
1210548616,0,0,0,134,13.1875,,0,0
1210549516,0,0,0,134,12.4375,,0,0
1210550416,0,0,0,134,12.0625,,0,0
1210551316,0,0,0,134,12,,0,0
1210552216,0,0,0,134,11.25,,0,0
1210553116,0,0,0,134,10.9375,,0,0
1210554016,0,0,0,134,11.6875,,0,0
1210554916,0,0,0,134,11.875,,0,0
1210555816,0,0,0,134,11.875,,0,0
1210556716,0,0,0,134,11.0625,,0,0
1210557615,0,0,0,134,11.375,,0,0
1210558515,0,1,0,134,10.0625,,0,0
1210559415,0,0,0,134,9.4375,,0,0
1210560315,0,0,0,134,10.4375,,0,0
1210561215,0,0,0,134,10.625,,0,0
1210562115,0,1,0,134,10.5625,,0,0
1210563015,0,2,0,134,10.0625,,0,0
1210563915,0,16,0,134,10,,0,0
1210564815,0,77,0,134,9.875,,0,0
1210565715,0,151,0,134,10.5,,0,0
1210566615,0,192,0,134,10.25,,0,0
1210567515,0,213,0,134,11,,0,0
1210568415,0,226,0,134,11.8125,,0,0
1210569315,0,233,0,134,12.75,,0,0
1210570215,0,236,0,134,13.75,,0,0
1210571115,0,240,0,134,14.1875,,0,0
1210572014,0,242,0,133,14.9375,,0,0
1210572914,0,244,0,133,15.8125,,0,0
1210573814,0,245,0,71,16.75,,0,0
1210574714,0,246,3,71,17.75,,0,0
1210575614,0,247,21,69,17.875,,0,0
1210576514,0,247,33,69,19.125,,0,0
1210577414,0,247,0,69,20.0625,,0,0
1210578314,0,248,0,69,21,,0,0
1210579214,0,249,3,55,21.1875,,0,0
1210580114,0,249,0,54,23,,0,0
1210581014,0,248,0,54,24,,0,0
1210581914,0,250,9,119,23,,0,0
1210582814,0,250,0,68,24.4375,,0,0
1210583719,0,250,57,58,25.5625,,0,0
1210584614,0,250,15,56,26.875,,0,0
1210585513,0,250,57,65,29.5625,,0,0
1210586413,0,250,12,357,29.375,,0,0
1210587313,0,250,42,167,26.6875,,0,0
1210588213,0,250,93,158,28,,0,0
1210589113,0,250,195,147,26.6875,,0,0
1210590013,0,250,303,76,28.3125,,0,0
1210590913,0,250,81,107,27.625,,0,0
1210591813,0,250,210,167,27.375,,0,0
1210592713,0,250,93,323,28.6875,,0,0
1210593613,0,250,132,160,29.4375,,0,0
1210594513,0,250,336,106,29.625,,0,0
1210595413,0,250,276,96,29.0625,,0,0
1210596313,0,250,276,88,29.6875,,0,0
1210597213,0,250,210,185,29.8125,,0,0
1210598113,0,250,192,95,29.3125,,0,0
1210599012,0,250,363,83,30.1875,,0,0
1210599912,0,250,441,85,28.3125,,0,0
1210600812,0,250,102,119,28.875,,0,0
1210601712,0,249,141,196,29.9375,,0,0
1210602612,0,250,93,90,30.125,,0,0
1210603512,0,249,75,92,28.875,,0,0
1210604412,0,248,273,150,28.1875,,0,0
1210606212,0,248,135,174,28.1875,,0,0
1210607112,0,248,210,158,28.25,,0,0
1210608012,0,247,186,104,26.75,,0,0
1210608912,0,247,99,79,27.5625,,0,0
1210609812,0,246,63,178,27.25,,0,0
1210610712,0,246,129,184,26,,0,0
1210611612,0,245,171,106,25.8125,,0,0
1210612512,0,242,174,152,24.4375,,0,0
1210613412,0,240,87,89,23.8125,,0,0
1210614311,0,240,96,126,24.0625,,0,0
1210615211,0,238,192,150,23.1875,,0,0
1210616111,0,236,132,119,23,,0,0
1210617011,0,234,240,88,22.13,,0,0
1210617911,0,227,225,44,21.31,,0,0
1210618811,0,218,72,123,20.94,,0,0
1210619711,0,201,30,154,20.56,,0,0
1210620611,0,166,186,141,20.19,,0,0
1210621511,0,104,72,120,19.56,,0,0
1210622411,0,37,108,116,19.38,,0,0
1210623311,0,5,120,100,18.38,,0,0
1210624211,0,1,0,104,18.19,,0,0
1210625111,0,0,36,52,17.44,,0,0
1210626011,0,0,24,65,16.88,,0,0
1210626911,0,0,54,97,17.56,,0,0
1210627814,0,0,9,106,17.38,,0,0
1210628713,0,0,12,68,16.56,,0,0
1210629613,0,0,21,136,16.19,,0,0
1210630513,0,0,0,136,15.06,,0,0
1210631413,0,0,18,127,15.5,,0,0
1210632313,0,0,0,138,15.88,,0,0
1210633213,0,0,0,131,14.13,,0,0
1210634113,0,0,12,16,14.5,,0,0
1210635013,0,0,0,102,13.69,,0,0
1210635913,0,0,12,100,14.13,,0,0
1210636813,0,0,15,88,13.81,,0,0
1210637713,0,0,0,42,13.5,,0,0
1210638613,0,0,0,88,13.63,,0,0
1210639513,0,0,0,104,13.19,,0,0
1210640413,0,0,3,123,13.19,,0,0
1210641312,0,0,3,357,12.94,,0,0
1210642212,0,0,3,78,12.75,,0,0
1210643112,0,1,0,76,12.5,,0,0
1210644012,0,0,3,83,12.06,,0,0
1210644912,0,1,6,75,11.56,,0,0
1210645812,0,1,3,42,11.94,,0,0
1210646712,0,0,9,47,11.56,,0,0
1210647612,0,1,3,164,11.25,,0,0
1210648512,0,1,0,179,10.94,,0,0
1210649412,0,3,0,76,10.69,,0,0
1210650312,0,21,6,157,10.75,,0,0
1210651212,0,88,9,160,10.69,,0,0
1210652112,0,152,12,155,10.56,,0,0
1210653012,0,193,6,90,10.5,,0,0
1210653912,0,214,3,127,10.75,,0,0
1210654812,0,223,3,65,11.13,,0,0
1210655712,0,230,3,107,11.56,,0,0
1210656611,0,236,9,116,12.06,,0,0
1210657511,0,239,6,21,12.81,,0,0
1210658411,0,242,15,49,13.5,,0,0
1210659311,0,243,0,76,14.63,,0,0
1210660211,0,244,24,217,14.56,,0,0
1210661111,0,246,87,1,15.38,,0,0
1210662011,0,247,33,21,16.19,,0,0
1210662911,0,247,27,24,16,,0,0
1210663811,0,247,3,66,18,,0,0
1210664711,0,248,0,30,18.06,,0,0
1210665611,0,248,153,130,18,,0,0
1210666511,0,249,18,20,20.44,,0,0
1210667411,0,248,45,48,19.5,,0,0
1210668311,0,249,102,356,20.06,,0,0
1210669211,0,250,156,4,21.19,,0,0
1210670110,0,250,147,93,20.19,,0,0
1210671010,0,250,168,353,20.88,,0,0
1210671910,0,250,48,322,23.13,,0,0
1210672810,0,250,0,47,23.56,,0,0
1210673710,0,250,18,148,23.88,,0,0
1210674610,0,250,51,226,23.5,,0,0
1210675510,0,250,228,150,24.13,,0,0
1210678210,0,250,312,83,25.06,,0,0
1210679110,0,250,261,136,26.44,,0,0
1210680010,0,250,45,137,26,,0,0
1210680910,0,250,0,11,28.06,,0,0
1210681810,0,250,153,41,26.56,,0,0
1210682710,0,250,126,23,27.56,,0,0
1210683609,0,250,54,110,27.31,,0,0
1210684509,0,250,270,141,26,,0,0
1210685409,0,250,378,109,25.75,,0,0
1210686309,0,250,153,69,26.88,,0,0
1210688109,0,250,60,99,28.38,,0,0
1210689009,0,250,228,161,26.75,,0,0
1210689909,0,249,144,343,27,,0,0
1210690809,0,248,30,296,26.69,,0,0
1210691709,0,248,6,71,27.38,,0,0
1210692609,0,248,183,128,26,,0,0
1210693509,0,248,168,24,26.69,,0,0
1210694409,0,247,249,109,26.5,,0,0
1210696209,0,246,12,14,25.88,,0,0
1210697109,0,246,6,23,26.25,,0,0
1210698009,0,244,51,128,25.25,,0,0
1210698908,0,243,213,137,24.06,,0,0
1210699808,0,241,69,154,23.94,,0,0
1210700708,0,239,135,162,23.25,,0,0
1210701608,0,237,222,337,22.44,,0,0
1210702508,0,234,174,38,21.38,,0,0
1210703408,0,230,141,88,20.63,,0,0
1210704308,0,222,54,311,19.38,,0,0
1210705208,0,216,0,78,18.81,,0,0
1210706108,0,203,27,11,18.31,,0,0
1210707008,0,178,6,99,17.63,,0,0
1210707908,0,130,24,326,17.19,,0,0
1210708808,0,57,24,78,16.44,,0,0
1210709708,0,10,6,72,15.94,,0,0
1210710608,0,1,3,209,15.38,,0,0
1210712408,0,0,0,64,14.25,,0,0
1210714210,0,0,0,75,13.63,,0,0
1210715110,0,0,0,65,13.06,,0,0
1210716010,0,1,3,160,12.63,,0,0
1210716910,0,1,0,113,12.38,,0,0
1210719610,0,0,0,42,12,,0,0
1210720510,0,1,0,258,11.75,,0,0
1210721409,0,1,3,342,11.63,,0,0
1210722309,0,1,3,360,11.19,,0,0
1210723209,0,1,0,93,11.19,,0,0
1210725009,0,0,3,312,10.56,,0,0
1210725909,0,1,3,141,11.13,,0,0
1210726809,0,0,6,18,11,,0,0
1210727709,0,0,0,99,10.75,,0,0
1210728609,0,0,0,68,10.75,,0,0
1210729509,0,0,0,140,10.63,,0,0
1210730409,0,1,0,71,10.81,,0,0
1210731309,0,0,0,191,10.75,,0,0
1210732209,0,1,0,82,11.06,,0,0
1210733109,0,0,3,25,11.06,,0,0
1210734009,0,1,0,42,11.19,,0,0
1210734909,0,1,0,68,11.13,,0,0
1210735809,0,3,0,55,11,,0,0
1210736708,0,21,3,99,10.75,,0,0
1210737608,0,84,3,202,10.25,,0,0
1210738508,0,148,0,90,9.88,,0,0
1210739408,0,189,0,100,10.19,,0,0
1210740308,0,209,3,78,10.13,,0,0
1210741208,0,218,0,92,10.25,,0,0
1210742108,0,221,6,113,10.5,,0,0
1210743908,0,230,0,61,11.19,,0,0
1210745708,0,234,3,318,11.69,,0,0
1210746608,0,234,12,97,12,,0,0
1210747508,0,233,3,72,12.25,,0,0
1210749308,0,226,9,352,12.13,,0,0
1210750208,0,229,9,51,12.38,,0,0
1210751108,0,237,12,96,12.88,,0,0
1210752007,0,242,0,71,14,,0,0
1210752907,0,242,54,102,14.63,,0,0
1210753807,0,242,0,200,14.75,,0,0
1210754707,0,243,0,20,15.38,,0,0
1210755607,0,246,99,18,16.75,,0,0
1210756507,0,250,90,83,19.06,,0,0
1210757407,0,249,0,48,20.5,,0,0
1210758307,0,250,0,328,21.94,,0,0
1210759207,0,244,42,318,18.13,,0,0
1210760107,0,246,234,90,18.81,,0,0
1210761007,0,239,213,100,16.94,,0,0
1210761907,115,241,27,47,15.56,,0,0
1210762807,1,248,108,35,17.25,,0,0
1210763707,1,246,15,226,17.56,,0,0
1210764607,0,247,3,14,18.19,,0,0
1210765507,0,245,54,357,19.38,,0,0
1210766406,0,250,114,31,21.88,,0,0
1210767306,0,250,84,72,22.25,,0,0
1210768206,0,248,24,174,22.5,,0,0
1210769106,0,247,45,359,21.19,,0,0
1210770006,0,250,0,13,26.63,,0,0
1210770906,0,250,96,76,25.81,,0,0
1210771806,0,250,204,138,27.19,,0,0
1210772706,0,250,51,61,24.94,,0,0
1210773606,0,250,231,119,26.56,,0,0
1210774506,0,249,147,107,23.63,,0,0
1210775406,0,249,93,52,25.06,,0,0
1210776306,0,249,120,65,25.19,,0,0
1210777206,0,248,54,89,24.69,,0,0
1210778106,0,248,3,92,24.38,,0,0
1210779005,0,248,267,17,25.38,,0,0
1210779906,0,248,150,30,24.81,,0,0
1210780805,0,247,147,11,23.75,,0,0
1210781705,0,247,75,49,23.94,,0,0
1210782605,0,246,246,182,23.19,,0,0
1210784405,0,244,33,340,23.19,,0,0
1210785305,0,242,141,66,22.25,,0,0
1210786205,0,241,21,320,21.94,,0,0
1210787105,0,240,39,30,22.25,,0,0
1210788005,0,238,84,8,21.06,,0,0
1210788905,0,237,15,95,20.31,,0,0
1210789805,0,234,120,144,19.31,,0,0
1210790705,0,227,21,68,18.19,,0,0
1210791605,0,221,39,47,17.44,,0,0
1210792505,0,211,69,25,16.94,,0,0
1210793405,0,180,30,130,16.19,,0,0
1210794304,0,126,6,24,15.88,,0,0
1210795204,0,56,6,90,15,,0,0
1210796104,0,11,0,271,14.44,,0,0
1210797904,0,1,0,124,14.44,,0,0
1210798804,0,1,3,102,14.5,,0,0
1210799704,0,1,3,167,14.19,,0,0
1210800608,0,1,3,64,13.75,,0,0
1210801507,0,1,0,95,13.75,,0,0
1210802407,0,1,3,171,13.19,,0,0
1210803307,0,1,3,14,12.94,,0,0
1210804207,0,1,0,102,12.69,,0,0
1210805107,0,1,0,99,12.63,,0,0
1210806007,0,1,0,144,12.44,,0,0
1210806907,0,1,0,88,12.25,,0,0
1210807807,1,1,0,28,12.06,,0,0
1210808707,0,1,3,102,11.94,,0,0
1210809607,0,0,0,271,11.63,,0,0
1210810507,0,1,3,56,11.5,,0,0
1210811407,0,1,0,76,11.31,,0,0
1210812307,0,1,3,34,11.38,,0,0
1210813207,0,1,0,155,11.31,,0,0
1210814107,1,1,3,21,11.19,,0,0
1210815007,53,1,0,103,10.63,,0,0
1210815907,81,1,0,54,10.13,,0,0
1210816806,80,1,0,72,10.13,,0,0
1210817706,85,1,0,61,9.88,,0,0
1210818606,66,1,0,59,9.81,,0,0
1210819506,65,1,6,52,9.81,,0,0
1210820406,66,1,0,52,9.81,,0,0
1210821306,97,1,3,52,9.75,,0,0
1210822206,104,2,0,106,9.63,,0,0
1210823106,101,14,3,59,9.5,,0,0
1210824006,77,50,0,72,9.44,,0,0
1210824906,60,110,6,40,9.44,,0,0
1210825806,50,157,0,147,9.63,,0,0
1210826706,35,183,6,28,9.63,,0,0
1210827606,29,192,0,38,9.69,,0,0
1210828506,25,201,3,80,9.81,,0,0
1210829406,19,198,0,55,9.88,,0,0
1210830306,33,193,0,55,9.88,,0,0
1210831206,47,210,3,55,9.94,,0,0
1210832106,75,219,6,158,10,,0,0
1210833005,110,228,3,69,10.13,,0,0
1210833905,121,220,0,119,10,,0,0
1210834805,100,227,3,55,10.13,,0,0
1210835705,97,232,6,59,10.44,,0,0
1210836605,80,234,0,116,10.44,,0,0
1210837505,74,234,3,89,10.75,,0,0
1210838405,86,231,3,66,10.5,,0,0
1210839305,86,226,3,61,10.44,,0,0
1210840205,86,221,0,62,10.38,,0,0
1210841105,41,229,0,62,10.31,,0,0
1210842005,42,233,0,62,10.44,,0,0
1210842905,37,240,0,62,11.19,,0,0
1210843805,33,242,6,62,11.81,,0,0
1210844705,33,242,0,69,12.25,,0,0
1210845605,27,240,0,137,12.38,,0,0
1210846505,35,239,3,61,12.44,,0,0
1210847405,25,242,9,89,12.63,,0,0
1210848304,24,242,12,143,12.94,,0,0
1210849204,32,240,0,93,13.31,,0,0
1210850104,22,242,6,90,13.19,,0,0
1210851004,22,241,0,109,14.06,,0,0
1210851904,21,236,0,59,13.38,,0,0
1210852804,21,234,6,59,13.38,,0,0
1210853704,20,237,9,131,13.44,,0,0
1210854604,17,237,15,62,13.81,,0,0
1210855504,15,238,6,133,14.13,,0,0
1210856404,14,234,15,167,14.25,,0,0
1210857304,14,238,6,56,14.06,,0,0
1210858204,14,238,18,48,14.19,,0,0
1210859104,14,238,3,155,14.13,,0,0
1210860004,15,234,6,134,13.88,,0,0
1210860904,16,244,0,90,15.19,,0,0
1210861803,5,240,30,113,14.94,,0,0
1210862703,4,243,9,123,15,,0,0
1210863604,1,238,6,82,14.88,,0,0
1210864503,0,232,0,66,14.56,,0,0
1210865403,0,232,3,40,14.38,,0,0
1210866306,0,228,9,56,14.38,,0,0
1210867203,0,234,0,110,14.44,,0,0
1210868103,0,230,3,176,14.56,,0,0
1210869003,0,229,0,104,14.5,,0,0
1210869903,0,237,3,114,14.69,,0,0
1210870803,0,221,18,131,14.31,,0,0
1210871704,0,211,0,158,14.06,,0,0
1210872604,0,211,0,93,13.94,,0,0
1210873507,0,203,3,131,13.88,,0,0
1210874404,0,180,0,104,13.75,,0,0
1210875305,0,186,3,136,13.5,,0,0
1210876204,0,190,3,112,13.5,,0,0
1210877104,0,180,9,102,13.44,,0,0
1210878004,0,146,3,96,13.38,,0,0
1210878904,0,105,3,119,13.31,,0,0
1210879804,0,59,0,121,13.19,,0,0
1210880704,0,25,3,110,12.69,,0,0
1210881604,0,11,9,79,12.31,,0,0
1210882504,0,3,6,141,12.06,,0,0
1210883404,0,1,48,147,12,,0,0
1210884304,0,1,3,76,11.69,,0,0
1210885204,0,1,18,97,11.5,,0,0
1210886104,0,1,21,102,11.31,,0,0
1210887004,0,1,3,103,11.25,,0,0
1210887904,0,1,3,89,11.13,,0,0
1210888804,0,1,0,141,11,,0,0
1210889704,0,1,0,66,10.88,,0,0
1210890604,0,1,129,133,10.88,,0,0
1210891507,0,1,0,175,10.94,,0,0
1210892404,0,0,0,126,10.75,,0,0
1210893304,0,1,0,85,11,,0,0
1210894204,0,1,75,107,11.06,,0,0
1210895104,0,1,0,154,10.69,,0,0
1210896003,0,1,24,73,10.69,,0,0
1210896903,0,1,0,17,10.5,,0,0
1210897803,0,1,21,17,10.44,,0,0
1210898703,0,1,69,30,10.38,,0,0
1210899603,0,1,24,51,10.38,,0,0
1210900506,0,1,69,73,10.31,,0,0
1210901403,0,1,75,49,10.25,,0,0
1210902303,0,1,12,95,10.25,,0,0
1210903203,0,1,99,113,10.25,,0,0
1210904103,0,1,12,76,10.19,,0,0
1210905003,0,1,12,168,10.19,,0,0
1210905903,0,1,0,80,10.13,,0,0
1210906803,0,1,21,88,10.13,,0,0
1210907703,0,1,42,61,10.13,,0,0
1210908603,0,1,0,61,10,,0,0
1210909503,0,8,0,61,10,,0,0
1210910403,0,32,0,61,10.06,,0,0
1210911302,0,82,0,62,10,,0,0
1210912202,0,110,0,62,10.06,,0,0
1210913102,0,164,24,62,10.13,,0,0
1210914002,0,197,0,62,10.31,,0,0
1210914902,0,199,0,133,10.25,,0,0
1210915802,0,199,0,90,10.38,,0,0
1210916702,0,201,0,90,10.38,,0,0
1210917605,0,214,0,148,10.5,,0,0
1210918502,0,218,0,144,10.75,,0,0
1210919402,0,220,27,68,10.75,,0,0
1210920302,0,235,48,96,11.5,,0,0
1210921202,0,237,30,109,11.75,,0,0
1210922102,0,226,51,128,11.56,,0,0
1210923002,0,229,102,117,11.63,,0,0
1210923902,0,232,9,117,11.75,,0,0
1210924805,0,233,18,117,12.19,,0,0
1210925702,0,232,6,51,12.19,,0,0
1210926602,0,233,138,51,12.5,,0,0
1210927501,0,235,105,112,11.88,,0,0
1210929301,0,233,162,127,11.81,,0,0
1210930202,0,233,0,181,11.88,,0,0
1210931101,0,238,162,104,12.13,,0,0
1210932002,0,238,66,172,12.25,,0,0
1210932901,0,234,36,137,12,,0,0
1210933801,0,233,132,160,12.13,,0,0
1210934701,0,236,0,138,12.63,,0,0
1210935601,0,240,0,37,12.94,,0,0
1210936501,0,239,30,140,12.88,,0,0
1210937404,0,236,0,165,12.31,,0,0
1210938301,0,233,30,138,12.63,,0,0
1210939201,0,229,39,116,12,,0,0
1210940101,0,234,93,90,12.13,,0,0
1210941001,0,235,6,138,12.25,,0,0
1210941900,0,238,0,124,12.69,,0,0
1210942800,0,239,123,99,12.44,,0,0
1210943700,0,235,9,119,12.5,,0,0
1210944600,0,234,3,93,12.44,,0,0
1210945500,0,234,0,34,12.63,,0,0
1210946400,0,233,0,35,12.88,,0,0
1210947300,0,230,0,35,12.88,,0,0
1210948200,0,222,30,140,12.5,,0,0
1210949100,0,227,6,138,12.56,,0,0
1210950000,0,227,0,133,12.69,,0,0
1210950900,0,229,18,140,12.5,,0,0
1210951800,0,231,9,136,13,,0,0
1210952700,0,234,9,117,13,,0,0
1210953600,0,240,0,143,14,,0,0
1210954500,0,235,0,131,13.88,,0,0
1210955400,0,231,3,136,13.44,,0,0
1210956299,0,234,0,103,13.81,,0,0
1210957199,0,230,0,137,13.5,,0,0
1210958099,0,224,45,90,13.25,,0,0
1210958999,0,219,9,126,13.31,,0,0
1210959899,0,195,3,133,12.88,,0,0
1210960799,0,196,9,75,12.81,,0,0
1210961699,0,196,87,148,12.81,,0,0
1210962599,0,189,81,114,12.69,,0,0
1210963499,0,185,18,128,12.69,,0,0
1210964399,0,179,21,141,12.5,,0,0
1210965299,0,159,0,100,12.44,,0,0
1210966199,0,118,3,169,12.38,,0,0
1210967099,0,82,72,138,12.31,,0,0
1210967999,0,34,102,113,12.31,,0,0
1210968899,0,8,36,167,12.13,,0,0
1210969799,0,2,6,120,12.13,,0,0
1210970699,0,1,102,150,12,,0,0
1210971598,0,1,39,167,12,,0,0
1210972498,0,1,48,155,11.94,,0,0
1210973401,0,1,27,128,11.88,,0,0
1210974301,0,1,0,157,11.75,,0,0
1210975201,0,1,60,64,11.75,,0,0
1210976101,0,1,81,112,11.75,,0,0
1210977001,0,1,78,127,11.69,,0,0
1210977901,0,1,75,107,11.5,,0,0
1210978801,0,1,6,51,11.38,,0,0
1210979701,0,1,9,85,11.31,,0,0
1210980601,0,1,108,136,11.38,,0,0
1210981501,0,1,0,113,11.06,,0,0
1210982401,0,1,3,95,10.94,,0,0
1210983301,0,0,0,119,10.44,,0,0
1210984201,0,0,0,49,9.63,,0,0
1210985101,0,0,3,52,9.69,,0,0
1210986001,0,0,0,140,8.81,,0,0
1210986901,0,0,0,140,8.38,,0,0
1210987801,0,1,0,138,9.56,,0,0
1210988700,0,1,36,116,9.5,,0,0
1210989600,0,1,60,78,9.94,,0,0
1210990500,0,1,6,165,10,,0,0
1210991400,0,1,0,92,10,,0,0
1210992300,0,1,0,126,9.88,,0,0
1210993200,0,1,0,148,9.81,,0,0
1210994100,0,1,36,120,9.81,,0,0
1210995000,0,3,0,114,9.56,,0,0
1210995900,0,18,0,114,9.44,,0,0
1210996800,0,61,0,114,9.44,,0,0
1210997700,0,124,0,113,9.31,,0,0
1210998600,0,166,0,113,9.31,,0,0
1210999500,0,198,0,113,9.56,,0,0
1211000400,0,207,0,113,9.75,,0,0
1211001300,0,213,0,113,9.94,,0,0
1211002200,0,216,0,113,10.19,,0,0
1211003100,0,221,0,113,10.31,,0,0
1211003999,0,222,0,113,10.38,,0,0
1211004899,1,227,12,92,10.63,,0,0
1211005799,0,234,18,45,10.94,,0,0
1211006699,0,236,42,128,11.25,,0,0
1211007599,0,236,0,35,11.75,,0,0
1211008499,0,239,0,35,12,,0,0
1211009399,0,235,33,107,12.06,,0,0
1211010299,0,241,0,106,13.19,,0,0
1211011199,0,229,3,131,12.19,,0,0
1211012099,0,234,90,133,11.69,,0,0
1211012999,1,234,21,147,12,,0,0
1211013899,0,236,0,165,12.19,,0,0
1211014799,3,238,0,83,12,,0,0
1211015699,1,241,0,72,12.69,,0,0
1211016599,9,243,54,85,12.81,,0,0
1211017499,18,242,81,107,12.69,,0,0
1211018399,45,237,87,92,12.25,,0,0
1211019298,44,232,0,117,11.88,,0,0
1211020198,53,238,3,59,12.25,,0,0
1211021098,81,240,39,90,12.06,,0,0
1211021998,117,244,18,95,12.56,,0,0
1211022898,110,244,0,71,13.69,,0,0
1211023798,83,244,0,116,13.19,,0,0
1211024698,81,245,3,72,13.63,,0,0
1211025598,114,239,60,92,12.19,,0,0
1211026498,118,247,168,167,14.06,,0,0
1211027398,28,246,135,155,13.69,,0,0
1211028298,0,246,123,113,14.44,,0,0
1211029198,0,239,249,158,12.94,,0,0
1211030098,1,242,0,168,13.44,,0,0
1211030998,0,246,60,165,14.13,,0,0
1211031898,0,242,246,90,13.25,,0,0
1211032798,0,231,63,161,12.38,,0,0
1211033697,0,231,15,136,12.19,,0,0
1211034597,4,234,0,58,12,,0,0
1211035497,3,232,3,89,11.63,,0,0
1211036397,1,234,63,102,11.63,,0,0
1211037297,5,236,0,71,11.75,,0,0
1211038197,1,234,75,71,11.63,,0,0
1211039097,0,235,138,144,11.5,,0,0
1211039997,0,239,138,144,11.69,,0,0
1211040897,1,237,135,164,11.75,,0,0
1211041817,0,237,267,102,11.69,,0,0
1211042717,4,234,99,127,11.56,,0,0
1211043617,0,231,3,97,11.5,,0,0
1211044517,0,227,27,172,11.5,,0,0
1211045417,0,224,69,85,11.31,,0,0
1211046317,0,224,81,151,11.38,,0,0
1211047217,3,211,129,154,11.25,,0,0
1211048117,13,214,18,90,10.88,,0,0
1211049017,11,202,0,193,10.69,,0,0
1211049916,3,198,96,138,10.75,,0,0
1211050816,3,187,78,82,10.63,,0,0
1211051716,0,169,144,117,10.56,,0,0
1211052616,0,142,117,42,10.5,,0,0
1211053516,0,93,216,117,10.44,,0,0
1211054416,0,37,201,75,10.31,,0,0
1211055316,0,8,0,124,10.25,,0,0
1211056216,0,1,105,147,10.38,,0,0
1211057116,0,1,0,138,10.31,,0,0
1211058016,0,0,66,165,10.25,,0,0
1211058916,0,0,213,134,10.06,,0,0
1211059818,0,1,99,141,10.31,,0,0
1211060718,0,1,111,133,10.31,,0,0
1211061618,0,1,132,38,10.38,,0,0
1211062518,0,1,57,136,10.19,,0,0
1211063418,0,1,126,117,10.19,,0,0
1211064318,0,1,57,150,10.19,,0,0
1211065218,0,1,180,48,10.06,,0,0
1211066118,0,1,36,145,9.88,,0,0
1211067018,0,1,0,75,10,,0,0
1211067918,0,1,54,85,9.81,,0,0
1211068818,0,1,33,176,9.69,,0,0
1211069718,0,1,120,93,9.69,,0,0
1211070618,0,1,48,144,9.5,,0,0
1211071518,0,1,0,113,9.25,,0,0
1211072418,0,1,39,68,8.88,,0,0
1211073318,0,1,90,121,8.94,,0,0
1211074218,0,1,51,52,8.69,,0,0
1211075118,0,1,57,41,8.44,,0,0
1211076017,0,0,3,97,8.5,,0,0
1211076917,0,0,12,66,8,,0,0
1211077817,0,1,18,344,7.88,,0,0
1211078717,0,0,69,45,7.81,,0,0
1211079617,0,1,0,232,7.5,,0,0
1211080517,0,1,0,42,7.25,,0,0
1211081417,0,7,0,69,7.25,,0,0
1211082317,0,40,51,78,7,,0,0
1211083217,0,113,15,80,7.25,,0,0
1211084117,0,168,6,155,6.75,,0,0
1211085017,0,194,42,76,7.75,,0,0
1211085917,0,209,0,38,7.19,,0,0
1211086817,0,222,24,93,7.81,,0,0
1211087717,0,227,99,178,8.38,,0,0
1211088617,0,233,84,49,8.88,,0,0
1211089517,0,242,126,80,10.25,,0,0
1211090417,0,244,93,226,11.69,,0,0
1211091316,0,245,0,130,11.75,,0,0
1211092216,0,246,27,113,12.44,,0,0
1211093116,0,247,72,130,12.25,,0,0
1211094016,0,247,87,112,12.81,,0,0
1211094916,0,247,84,110,14.25,,0,0
1211095816,0,248,243,145,13.44,,0,0
1211096716,0,249,18,48,15.69,,0,0
1211097616,0,249,180,169,15.13,,0,0
1211098516,0,242,0,56,13.13,,0,0
1211099416,0,250,0,49,17.81,,0,0
1211100316,0,250,81,104,17.31,,0,0
1211101216,0,250,192,140,16.69,,0,0
1211102116,0,250,81,340,18.75,,0,0
1211103016,0,245,144,54,15.75,,0,0
1211103916,0,244,108,66,15.06,,0,0
1211104815,0,247,186,21,17.31,,0,0
1211105715,0,246,114,62,15.5,,0,0
1211106615,0,246,114,34,16.13,,0,0
1211107515,0,247,144,106,16.63,,0,0
1211108415,0,251,51,71,19.94,,0,0
1211109315,0,251,222,188,20.44,,0,0
1211110215,0,251,126,172,22.56,,0,0
1211111115,0,243,96,172,16.31,,0,0
1211112015,0,246,189,148,16.44,,0,0
1211112915,0,246,327,134,16.38,,0,0
1211113815,0,245,174,172,17.25,,0,0
1211114715,0,245,72,32,16.94,,0,0
1211115615,0,243,207,152,16.69,,0,0
1211116515,0,245,132,162,17.06,,0,0
1211117415,0,246,141,112,17.06,,0,0
1211118315,0,243,9,30,15.88,,0,0
1211119214,0,246,27,136,16.56,,0,0
1211120114,0,246,39,104,16.63,,0,0
1211121014,0,241,0,203,16.75,,0,0
1211121914,0,244,276,107,15.44,,0,0
1211122814,0,243,177,6,15.81,,0,0
1211123714,0,246,45,35,16.31,,0,0
1211124614,0,246,240,47,16.69,,0,0
1211125514,0,243,3,66,15.69,,0,0
1211126414,0,239,21,145,14.69,,0,0
1211127314,0,226,111,136,13.38,,0,0
1211128214,0,236,84,104,13.5,,0,0
1211129114,0,233,78,85,13.56,,0,0
1211130014,0,222,66,136,13,,0,0
1211130914,0,213,96,150,12.63,,0,0
1211131814,0,224,120,110,12.56,,0,0
1211132714,0,234,150,172,12.81,,0,0
1211133614,0,219,45,169,12.44,,0,0
1211134513,0,200,72,178,12.13,,0,0
1211135413,0,202,12,164,11.88,,0,0
1211136313,0,198,234,161,11.75,,0,0
1211137213,0,206,0,167,11.63,,0,0
1211138113,0,191,210,97,11.25,,0,0
1211139013,0,156,75,85,11.13,,0,0
1211139913,0,101,147,134,11.06,,0,0
1211140813,0,55,33,143,10.81,,0,0
1211141713,0,8,3,150,10.69,,0,0
1211142613,0,1,0,107,10.94,,0,0
1211143513,0,1,15,178,10.69,,0,0
1211144413,0,1,24,79,10.31,,0,0
1211145313,0,1,0,100,10.31,,0,0
1211146215,0,0,3,97,10.06,,0,0
1211147115,0,0,42,80,8.94,,0,0
1211148015,0,0,54,175,8.88,,0,0
1211148915,0,1,24,140,8.06,,0,0
1211149815,0,0,0,73,7.44,,0,0
1211150715,0,0,30,44,7.31,,0,0
1211151615,0,0,81,44,7,,0,0
1211152515,0,0,0,44,6.69,,0,0
1211153415,0,0,6,42,6.63,,0,0
1211154315,0,1,0,42,6.06,,0,0
1211155215,0,0,0,42,5.38,,0,0
1211156115,0,1,0,42,5.31,,0,0
1211157015,0,1,0,42,4.56,,0,0
1211157915,0,0,0,42,4.31,,0,0
1211158815,0,0,0,42,3.56,,0,0
1211159715,0,0,0,42,3.69,,0,0
1211160614,0,1,0,42,2.56,,0,0
1211161514,0,0,0,42,3.25,,0,0
1211162414,0,1,0,42,3.06,,0,0
1211163314,0,0,0,42,2.88,,0,0
1211164214,0,0,0,42,3.25,,0,0
1211165114,0,0,0,42,3.31,,0,0
1211166014,0,1,0,42,2.5,,0,0
1211166914,0,1,0,42,2.38,,0,0
1211167814,1,11,0,42,2.44,,0,0
1211168714,1,53,0,42,2.75,,0,0
1211169614,1,124,0,42,2,,0,0
1211170514,1,175,0,42,2.38,,0,0
1211171414,1,202,0,42,1.19,,0,0
1211172314,1,219,0,42,3.13,,0,0
1211173214,1,229,0,42,4.75,,0,0
1211174114,0,234,0,42,6.25,,0,0
1211175014,0,239,0,42,7.69,,0,0
1211175914,0,241,0,42,8.63,,0,0
1211176814,0,242,3,42,9.94,,0,0
1211177713,0,244,0,116,10.38,,0,0
1211178613,0,245,0,56,11.31,,0,0
1211179513,0,246,0,41,11.19,,0,0
1211180413,0,247,6,126,12.19,,0,0
1211181313,0,247,0,56,13.81,,0,0
1211182213,0,247,21,335,14,,0,0
1211183113,0,248,30,112,14.25,,0,0
1211184013,0,248,138,40,13.19,,0,0
1211184913,0,243,36,83,11.69,,0,0
1211185813,0,243,126,25,13.19,,0,0
1211186713,0,243,183,65,12.88,,0,0
1211187613,0,245,186,114,14.56,,0,0
1211188513,0,250,210,104,17.5,,0,0
1211189413,0,246,69,47,14.25,,0,0
1211190313,0,246,6,85,15.75,,0,0
1211191213,0,244,6,42,14.56,,0,0
1211192112,0,249,66,48,20.63,,0,0
1211193012,0,244,72,347,15.56,,0,0
1211193912,0,246,0,10,18.19,,0,0
1211194812,0,245,120,18,14.88,,0,0
1211195712,0,246,0,172,15.69,,0,0
1211196612,0,251,234,25,16.81,,0,0
1211197512,0,246,66,148,15.06,,0,0
1211198412,0,251,189,169,19.75,,0,0
1211199312,0,244,132,167,15.69,,0,0
1211200212,0,246,63,158,15.06,,0,0
1211201112,0,242,30,80,15.06,,0,0
1211202012,0,236,201,92,14.31,,0,0
1211202912,0,243,42,72,14.5,,0,0
1211203812,0,239,189,145,13.44,,0,0
1211204712,0,239,6,143,13.38,,0,0
1211205612,0,242,9,95,13.38,,0,0
1211206512,0,245,123,144,14.63,,0,0
1211207411,0,242,60,100,14,,0,0
1211208311,0,243,12,141,14.56,,0,0
1211209211,0,244,6,140,15.56,,0,0
1211210111,0,245,150,35,15,,0,0
1211211011,0,230,120,191,13.38,,0,0
1211211911,0,230,162,145,12.69,,0,0
1211212811,0,239,141,143,13.06,,0,0
1211213711,0,242,81,134,13.13,,0,0
1211214611,0,247,0,131,16.13,,0,0
1211215511,0,242,54,133,14.81,,0,0
1211216411,0,235,87,58,13.63,,0,0
1211217311,0,225,33,167,12.69,,0,0
1211218211,0,232,45,155,12.25,,0,0
1211219111,0,235,18,134,12.19,,0,0
1211220011,0,232,93,157,12,,0,0
1211220911,0,231,96,171,11.75,,0,0
1211221811,0,225,120,124,10.94,,0,0
1211222710,0,223,186,134,10.63,,0,0
1211223610,0,218,102,131,10.56,,0,0
1211224510,0,207,156,167,10.31,,0,0
1211225410,0,189,90,172,9.56,,0,0
1211226310,0,146,18,75,9.63,,0,0
1211227210,0,81,69,133,9.19,,0,0
1211228110,0,21,78,145,9.5,,0,0
1211229010,0,4,51,107,9,,0,0
1211229910,0,1,0,184,8.06,,0,0
1211230810,0,0,0,126,7.56,,0,0
1211231710,0,0,0,126,7,,0,0
1211232613,0,1,0,126,5.75,,0,0
1211233513,0,0,0,126,6.5,,0,0
1211234412,0,0,24,126,6.75,,0,0
1211235312,0,0,90,120,6.75,,0,0
1211236212,0,0,6,120,6.63,,0,0
1211237112,0,0,21,128,6.88,,0,0
1211238012,0,0,0,161,6.13,,0,0
1211238912,0,0,0,140,6.19,,0,0
1211239812,0,0,0,140,5.5,,0,0
1211240712,0,0,0,141,5.31,,0,0
1211241612,0,1,0,140,5.38,,0,0
1211242512,0,0,6,140,5.38,,0,0
1211243412,0,0,0,140,4.63,,0,0
1211244312,0,0,0,140,4.31,,0,0
1211245212,0,0,0,140,4,,0,0
1211246112,1,0,0,140,2.13,,0,0
1211247012,1,0,0,140,1.88,,0,0
1211247912,1,0,0,140,3.25,,0,0
1211248812,1,1,0,140,2.69,,0,0
1211249712,1,0,0,140,3.13,,0,0
1211250612,1,0,0,140,2.19,,0,0
1211251512,1,1,0,140,1.56,,0,0
1211252412,1,1,0,140,1.5,,0,0
1211253311,1,2,0,140,1.25,,0,0
1211254211,1,13,0,140,1.75,,0,0
1211255111,1,60,0,140,2,,0,0
1211256011,1,132,0,140,1.88,,0,0
1211256911,1,178,0,140,2.38,,0,0
1211257811,2,204,0,140,2.63,,0,0
1211258711,2,219,0,140,3.44,,0,0
1211259611,2,229,0,140,4.25,,0,0
1211260511,3,234,0,140,5.75,,0,0
1211261411,4,237,0,140,6.75,,0,0
1211262311,2,241,0,140,7.38,,0,0
1211263211,0,242,0,140,8.06,,0,0
1211264111,0,243,0,145,9.44,,0,0
1211265011,0,245,51,172,9.38,,0,0
1211265911,0,246,141,155,10.56,,0,0
1211266811,0,247,162,155,11.94,,0,0
1211267711,0,247,24,41,13.44,,0,0
1211268610,0,247,195,144,13,,0,0
1211269510,0,248,93,75,15.13,,0,0
1211270410,0,248,66,100,16.69,,0,0
1211271310,0,249,180,189,16.81,,0,0
1211272210,0,249,33,198,16.44,,0,0
1211273110,0,247,162,155,13.63,,0,0
1211274010,0,243,153,184,13.75,,0,0
1211274910,0,244,222,89,14.5,,0,0
1211275810,0,244,12,164,14.25,,0,0
1211276710,0,250,81,140,17.06,,0,0
1211277610,0,244,291,119,14.13,,0,0
1211278510,0,247,123,158,16.63,,0,0
1211279410,0,246,111,165,16.31,,0,0
1211280310,0,251,177,162,21.44,,0,0
1211281210,0,246,3,123,16.88,,0,0
1211282110,0,246,174,200,16.25,,0,0
1211283009,0,251,90,167,21.44,,0,0
1211283909,0,245,228,28,16.81,,0,0
1211284809,0,250,54,140,20.88,,0,0
1211285709,0,245,129,121,15.88,,0,0
1211286609,0,246,57,160,16.81,,0,0
1211287509,0,251,18,175,24.06,,0,0
1211288409,0,246,9,13,16.56,,0,0
1211289309,0,250,243,152,20.06,,0,0
1211290209,0,250,117,114,18.56,,0,0
1211291109,0,246,21,16,18.75,,0,0
1211292009,0,243,135,161,17,,0,0
1211292909,0,250,54,76,19.81,,0,0
1211293809,0,250,141,110,20.81,,0,0
1211294709,0,250,213,96,19.31,,0,0
1211295609,0,247,165,78,20.94,,0,0
1211296509,0,243,210,112,16.88,,0,0
1211297408,0,242,3,107,15.5,,0,0
1211298308,0,249,51,88,23.75,,0,0
1211299208,0,244,3,176,17.06,,0,0
1211300108,0,248,93,169,17.56,,0,0
1211301008,0,247,279,110,17.94,,0,0
1211301908,0,240,132,134,14.94,,0,0
1211302808,0,244,81,71,15.63,,0,0
1211303708,0,244,15,76,16.81,,0,0
1211304608,0,232,12,106,14.38,,0,0
1211305508,0,235,198,130,14,,0,0
1211306408,0,235,102,165,14.13,,0,0
1211307308,0,232,84,158,13.38,,0,0
1211308208,0,225,165,106,12.88,,0,0
1211309108,0,217,42,169,12.13,,0,0
1211310008,0,210,111,158,11.63,,0,0
1211310908,0,203,108,99,11.06,,0,0
1211311808,0,188,87,155,10.81,,0,0
1211312708,0,152,114,160,10.25,,0,0
1211313607,0,98,72,141,9.81,,0,0
1211314507,0,31,39,116,9.63,,0,0
1211315407,0,5,105,175,9.19,,0,0
1211316307,0,1,102,138,8.63,,0,0
1211317207,0,0,45,95,9.06,,0,0
1211318107,0,0,0,138,8.38,,0,0
1211319010,0,0,12,171,8.13,,0,0
1211319910,0,0,99,92,8,,0,0
1211320810,0,1,21,136,8.56,,0,0
1211321710,0,1,33,104,8.13,,0,0
1211322610,0,0,87,116,8.13,,0,0
1211323510,0,0,6,109,7.69,,0,0
1211324410,0,0,69,114,7.94,,0,0
1211325309,0,0,0,144,6.88,,0,0
1211326209,0,0,6,82,7.06,,0,0
1211327109,0,0,21,114,7.25,,0,0
1211328009,0,0,27,104,6.75,,0,0
1211328909,0,0,21,106,6.69,,0,0
1211329809,0,0,3,106,6.5,,0,0
1211330709,0,0,42,106,6.38,,0,0
1211331609,0,0,75,106,6.13,,0,0
1211332509,0,0,0,106,5.31,,0,0
1211333409,0,1,0,106,5.19,,0,0
1211334309,1,0,0,106,4.94,,0,0
1211335209,1,0,0,106,4.81,,0,0
1211336109,1,0,0,106,4.5,,0,0
1211337009,1,0,0,106,4.75,,0,0
1211337909,1,0,0,106,4.31,,0,0
1211338809,1,1,0,106,3.81,,0,0
1211339709,1,3,0,106,4,,0,0
1211340609,1,14,0,106,3.88,,0,0
1211341509,1,63,0,106,4,,0,0
1211342409,1,125,0,106,4.06,,0,0
1211343308,2,172,0,106,4.25,,0,0
1211344208,1,203,0,106,4.63,,0,0
1211345108,2,218,0,106,5,,0,0
1211346008,2,225,0,106,5.63,,0,0
1211346908,2,232,0,106,6.19,,0,0
1211347808,3,237,0,106,7.38,,0,0
1211348708,0,240,99,119,8,,0,0
1211349608,0,241,54,117,8.94,,0,0
1211350508,0,242,21,178,9.31,,0,0
1211351408,0,242,18,174,9.75,,0,0
1211352309,0,245,0,124,11.13,,0,0
1211353208,0,246,18,102,12.81,,0,0
1211354108,0,247,108,133,13.69,,0,0
1211355008,0,247,0,71,14.81,,0,0
1211355908,0,248,96,95,15.88,,0,0
1211356808,0,248,87,66,16.81,,0,0
1211357707,0,249,39,121,18,,0,0
1211358608,0,249,0,65,19.31,,0,0
1211359507,0,249,183,120,18.81,,0,0
1211360407,0,247,162,109,16.5,,0,0
1211361307,0,250,108,172,19.69,,0,0
1211362207,0,250,135,161,20.25,,0,0
1211363107,0,250,15,110,20.75,,0,0
1211364007,0,250,15,133,21.88,,0,0
1211364907,0,250,138,186,20.81,,0,0
1211365807,0,248,54,174,20.81,,0,0
1211366707,0,246,246,133,20.81,,0,0
1211367607,0,247,117,107,19.63,,0,0
1211368507,0,250,183,116,22.19,,0,0
1211369407,0,250,372,145,21.94,,0,0
1211370307,0,247,216,202,20.88,,0,0
1211371207,0,247,99,131,21.44,,0,0
1211372106,0,250,0,42,25.19,,0,0
1211373006,0,250,45,119,22.38,,0,0
1211373906,0,251,12,134,25.5,,0,0
1211374806,0,250,6,61,26.81,,0,0
1211375706,0,250,216,188,23.88,,0,0
1211376606,0,250,51,189,25.56,,0,0
1211377506,0,245,42,100,21.25,,0,0
1211378406,0,250,168,78,23.13,,0,0
1211379306,0,250,171,191,23.75,,0,0
1211380206,0,246,210,93,24.63,,0,0
1211381106,0,248,219,90,21.63,,0,0
1211382006,0,249,201,75,22.06,,0,0
1211382906,0,243,30,162,20,,0,0
1211383806,0,248,201,151,21.81,,0,0
1211384706,0,248,144,128,22.81,,0,0
1211385606,0,247,174,127,21.56,,0,0
1211386505,0,247,234,114,20.63,,0,0
1211387405,0,246,255,191,21.19,,0,0
1211388305,0,246,39,92,19.31,,0,0
1211389205,0,244,213,136,20.13,,0,0
1211390105,0,242,168,167,19.06,,0,0
1211391005,0,242,252,162,18.44,,0,0
1211391905,0,240,186,161,18.25,,0,0
1211392805,0,238,228,106,17.56,,0,0
1211393705,0,234,108,278,16.94,,0,0
1211394605,0,228,93,172,15.81,,0,0
1211395505,0,224,84,76,15.06,,0,0
1211396405,0,217,78,191,14.5,,0,0
1211397305,0,205,123,179,14,,0,0
1211398205,0,187,15,150,13.44,,0,0
1211399105,0,152,222,130,12.88,,0,0
1211400005,0,95,27,99,12.25,,0,0
1211400907,0,35,60,175,11.63,,0,0
1211401807,0,5,93,169,11.5,,0,0
1211402707,0,1,141,110,11.31,,0,0
1211403607,0,0,27,109,11.06,,0,0
1211404507,0,0,147,119,11.06,,0,0
1211405407,0,1,93,172,10.5,,0,0
1211406307,0,0,87,175,10.56,,0,0
1211407207,0,1,66,102,10.44,,0,0
1211408107,0,0,36,140,10,,0,0
1211409007,0,0,105,168,10.06,,0,0
1211409907,0,1,57,172,9.81,,0,0
1211410807,0,0,78,175,9.81,,0,0
1211411707,0,0,114,152,9.63,,0,0
1211412607,0,0,0,162,9.31,,0,0
1211413506,0,0,9,147,9.44,,0,0
1211414406,0,0,99,169,9.38,,0,0
1211415306,0,0,0,154,9.19,,0,0
1211416206,0,0,0,128,9,,0,0
1211417106,0,1,45,164,9.06,,0,0
1211418006,0,0,3,178,9.19,,0,0
1211418906,0,0,0,176,8.5,,0,0
1211419806,0,0,0,175,8.38,,0,0
1211420706,0,0,0,175,8.19,,0,0
1211421606,0,0,0,155,8.06,,0,0
1211422506,0,0,0,157,8,,0,0
1211423406,0,0,0,155,6.69,,0,0
1211424306,1,0,0,157,7.44,,0,0
1211425206,0,1,0,155,7.5,,0,0
1211426106,0,3,0,155,7.5,,0,0
1211427006,0,15,0,157,7.25,,0,0
1211427906,0,66,6,145,7.06,,0,0
1211428806,0,138,0,145,6.69,,0,0
1211429705,1,180,0,145,5.13,,0,0
1211430605,1,205,0,144,5.56,,0,0
1211431505,1,220,0,145,6.06,,0,0
1211432405,1,228,0,145,8.19,,0,0
1211433305,0,235,0,144,9.44,,0,0
1211434205,0,238,0,172,10.5,,0,0
1211435105,0,241,0,172,11.63,,0,0
1211436005,0,242,0,169,12.56,,0,0
1211436905,0,243,96,121,12.44,,0,0
1211437805,0,245,12,162,13.5,,0,0
1211438705,0,246,84,100,14.56,,0,0
1211439605,0,247,84,175,15.81,,0,0
1211440505,0,247,0,120,17.19,,0,0
1211441405,0,248,0,167,18.94,,0,0
1211442305,0,248,0,165,22.13,,0,0
1211443204,0,248,0,102,21.81,,0,0
1211444104,0,249,0,102,23.06,,0,0
1211445004,0,249,57,72,24.06,,0,0
1211445904,0,250,93,72,22.81,,0,0
1211446804,0,250,63,172,24.38,,0,0
1211447704,0,250,120,188,23.31,,0,0
1211448604,0,250,255,143,22,,0,0
1211449504,0,250,132,178,24.31,,0,0
1211450404,0,250,93,161,24.63,,0,0
1211451304,0,246,90,148,24.25,,0,0
1211452204,0,250,231,172,25.75,,0,0
1211453104,0,250,279,161,25.19,,0,0
1211454004,0,246,42,164,23.44,,0,0
1211454904,0,245,51,171,22.75,,0,0
1211455804,0,246,162,151,22.75,,0,0
1211456704,0,244,123,167,22.25,,0,0
1211457603,0,246,21,174,22.5,,0,0
1211458503,0,246,99,130,21.88,,0,0
1211459403,0,248,270,160,24.19,,0,0
1211460303,0,246,348,167,22.19,,0,0
1211461203,0,246,147,144,23.31,,0,0
1211462103,0,250,21,178,26.56,,0,0
1211463003,0,248,126,172,27.25,,0,0
1211463903,0,246,132,155,22.56,,0,0
1211464803,0,244,27,172,22.75,,0,0
1211465703,0,244,12,205,22.19,,0,0
1211466603,0,244,57,164,22.56,,0,0
1211467503,0,243,42,174,21.94,,0,0
1211468403,0,242,198,145,21.25,,0,0
1211469303,0,242,27,167,21.5,,0,0
1211470203,0,242,159,162,21.25,,0,0
1211471103,0,244,189,175,21.81,,0,0
1211472003,0,244,201,175,21.44,,0,0
1211472902,0,242,156,172,21.06,,0,0
1211473802,0,240,102,151,20.5,,0,0
1211474702,0,240,96,160,20.31,,0,0
1211475602,0,239,111,145,20.13,,0,0
1211476502,0,239,105,181,20.06,,0,0
1211477402,0,237,102,169,19.63,,0,0
1211478302,0,235,93,152,19.25,,0,0
1211479202,0,232,0,172,18.94,,0,0
1211480102,0,231,48,162,18.5,,0,0
1211481002,0,226,27,151,18.13,,0,0
1211481902,0,224,69,147,17.44,,0,0
1211482802,0,223,42,147,17.19,,0,0
1211483702,0,218,0,147,16.81,,0,0
1211484602,0,202,0,147,16.25,,0,0
1211485502,0,174,0,147,15.5,,0,0
1211486402,0,114,0,147,15.06,,0,0
1211487302,0,47,0,148,14,,0,0
1211488201,0,9,0,148,13.88,,0,0
1211489101,0,1,0,148,13.5,,0,0
1211490001,0,1,57,147,14,,0,0
1211490901,0,0,24,167,13.44,,0,0
1211491805,0,0,45,165,13.38,,0,0
1211492704,0,0,33,167,13.25,,0,0
1211493604,0,0,0,167,12.63,,0,0
1211494504,0,1,0,167,11.63,,0,0
1211495404,0,0,0,167,11.75,,0,0
1211496304,0,0,0,167,11.56,,0,0
1211497204,0,0,0,167,11.63,,0,0
1211498104,0,0,0,151,11.5,,0,0
1211499004,0,0,0,151,12.13,,0,0
1211499904,0,0,63,151,12.06,,0,0
1211500804,0,1,0,151,12.38,,0,0
1211501704,0,0,0,151,12,,0,0
1211502603,0,1,0,151,12.19,,0,0
1211503503,0,0,57,150,12.5,,0,0
1211504403,0,1,36,143,12.5,,0,0
1211505303,0,1,114,141,12.56,,0,0
1211506203,0,1,0,138,12.44,,0,0
1211507103,0,1,36,107,12.38,,0,0
1211508003,0,1,24,107,12.38,,0,0
1211508903,0,1,0,107,12.38,,0,0
1211509803,0,1,0,107,12.31,,0,0
1211510703,0,1,0,171,12.19,,0,0
1211511603,0,1,18,171,12.19,,0,0
1211512503,0,1,0,154,12.25,,0,0
1211513403,0,3,0,144,12.25,,0,0
1211514303,0,17,0,143,12.25,,0,0
1211515203,0,46,69,140,12.31,,0,0
1211516103,0,80,0,140,11.94,,0,0
1211517003,0,138,0,140,12.06,,0,0
1211517903,0,179,0,140,12.31,,0,0
1211518802,0,189,0,140,12.44,,0,0
1211519702,0,186,0,138,12.44,,0,0
1211520602,0,203,87,126,12.56,,0,0
1211521502,0,214,21,119,12.75,,0,0
1211522402,0,210,9,120,12.88,,0,0
1211523302,0,208,0,120,12.81,,0,0
1211524202,0,211,0,120,12.88,,0,0
1211525102,0,218,0,120,12.88,,0,0
1211526002,0,218,0,120,12.94,,0,0
1211526902,0,225,0,120,13.31,,0,0
1211527802,0,236,0,120,14.13,,0,0
1211528702,0,239,18,120,15,,0,0
1211529602,0,241,153,112,15.44,,0,0
1211530502,0,242,0,185,16.19,,0,0
1211531402,0,243,144,127,16.31,,0,0
1211532302,0,242,96,145,16.75,,0,0
1211533201,0,242,9,138,17.25,,0,0
1211534101,0,241,3,117,17.75,,0,0
1211535001,0,243,147,169,17.81,,0,0
1211535901,0,245,30,167,19.13,,0,0
1211536801,0,247,39,162,20.44,,0,0
1211537701,0,247,57,164,22.06,,0,0
1211538601,0,247,93,176,21.38,,0,0
1211539501,0,245,138,169,21.19,,0,0
1211540401,0,247,15,161,22.56,,0,0
1211541301,0,248,114,172,23.44,,0,0
1211542201,0,248,0,171,26.13,,0,0
1211543101,0,242,159,158,22.13,,0,0
1211544001,0,242,129,136,21.31,,0,0
1211544901,0,241,6,164,21.38,,0,0
1211545801,0,244,141,172,21.81,,0,0
1211546702,0,246,0,171,23.75,,0,0
1211547602,0,244,0,237,23.38,,0,0
1211548502,0,244,0,237,22.69,,0,0
1211549402,0,241,18,237,21.56,,0,0
1211550302,0,243,0,237,22.06,,0,0
1211551202,0,248,15,239,24.88,,0,0
1211552102,0,243,51,243,23.5,,0,0
1211553002,0,239,3,121,21,,0,0
1211553902,0,246,12,150,23,,0,0
1211554802,0,243,111,89,21.69,,0,0
1211555702,0,244,48,195,22.19,,0,0
1211556602,0,246,24,160,22.44,,0,0
1211557502,0,244,132,152,21.75,,0,0
1211558401,0,246,39,165,22.63,,0,0
1211559301,0,247,159,182,24.13,,0,0
1211560201,0,244,261,107,22.06,,0,0
1211561101,0,244,171,114,21.44,,0,0
1211562001,0,243,114,130,21,,0,0
1211562901,0,240,138,112,20.38,,0,0
1211563801,0,240,186,175,20.38,,0,0
1211564701,0,238,81,158,20,,0,0
1211565601,0,235,156,116,19.19,,0,0
1211566501,0,228,96,83,18.13,,0,0
1211567401,0,228,102,88,17.75,,0,0
1211568301,0,227,240,164,17.69,,0,0
1211569201,0,222,39,113,17.31,,0,0
1211570101,0,214,177,161,16.94,,0,0
1211571001,0,199,252,96,16.31,,0,0
1211571901,0,172,69,107,16,,0,0
1211572801,0,117,150,121,15.88,,0,0
1211573700,0,47,0,89,15.44,,0,0
1211574600,0,9,75,100,15.44,,0,0
1211575500,0,1,30,110,15.25,,0,0
1211576400,0,1,108,134,15.19,,0,0
1211577300,0,1,222,75,15.25,,0,0
1211578201,0,1,120,85,15.19,,0,0
1211579101,0,1,24,48,14.75,,0,0
1211580001,0,1,162,162,14.88,,0,0
1211580901,0,1,81,134,14.88,,0,0
1211581801,0,1,174,138,14.88,,0,0
1211582701,0,1,138,99,14.81,,0,0
1211583601,0,0,39,147,14.56,,0,0
1211584501,0,1,195,79,14.31,,0,0
1211585401,0,0,54,137,14.13,,0,0
1211586300,0,0,102,181,13.94,,0,0
1211587200,0,0,102,141,13.56,,0,0
1211588100,0,0,159,134,13.44,,0,0
1211589000,0,1,165,104,13.44,,0,0
1211589900,0,0,144,152,13.13,,0,0
1211590800,0,0,270,82,12.81,,0,0
1211591700,0,0,177,150,12.69,,0,0
1211592600,0,0,3,127,12.5,,0,0
1211593500,0,0,99,123,12.19,,0,0
1211594400,0,1,51,116,12.31,,0,0
1211595300,0,0,81,113,11.94,,0,0
1211596200,0,1,57,128,12.44,,0,0
1211597100,0,1,0,96,12.31,,0,0
1211598000,0,1,87,90,12.25,,0,0
1211598900,0,3,48,96,12.06,,0,0
1211599800,0,17,27,143,12.06,,0,0
1211600700,0,66,24,90,11.94,,0,0
1211601600,0,131,42,109,11.81,,0,0
1211602499,0,178,0,136,11.63,,0,0
1211603399,0,202,0,165,11.88,,0,0
1211604299,0,214,12,155,12.06,,0,0
1211605199,0,225,48,110,12,,0,0
1211606099,0,232,180,109,13.31,,0,0
1211606999,0,236,39,51,13.38,,0,0
1211607899,0,241,132,88,14.06,,0,0
1211608799,0,240,0,72,14.63,,0,0
1211609699,0,242,21,138,14.56,,0,0
1211610599,0,243,243,76,15,,0,0
1211611499,0,244,24,184,15.69,,0,0
1211612399,0,246,132,79,16.38,,0,0
1211613299,0,247,114,124,17.13,,0,0
1211614199,0,248,171,340,19.19,,0,0
1211615099,0,248,192,89,18.13,,0,0
1211615998,0,248,183,127,18.75,,0,0
1211616898,0,249,117,172,19.31,,0,0
1211618698,0,248,84,233,20.19,,0,0
1211619598,0,250,168,66,21.94,,0,0
1211620498,0,246,0,65,20.25,,0,0
1211621398,0,247,96,71,20.5,,0,0
1211622298,0,247,147,68,21.19,,0,0
1211623198,0,248,312,141,20.94,,0,0
1211624098,0,248,339,86,22.63,,0,0
1211624998,0,246,96,28,22.69,,0,0
1211625898,0,249,312,154,23.5,,0,0
1211626798,0,249,282,99,23.06,,0,0
1211627698,0,248,264,88,21.94,,0,0
1211628598,0,249,315,198,24.31,,0,0
1211629498,0,250,198,17,25.44,,0,0
1211630397,0,250,207,140,22.06,,0,0
1211631297,0,250,96,137,26.75,,0,0
1211632197,0,250,450,171,24.56,,0,0
1211633097,0,249,204,71,25.19,,0,0
1211633997,0,250,384,64,24.5,,0,0
1211634897,0,246,300,86,22,,0,0
1211635797,0,247,375,7,23.69,,0,0
1211636697,0,245,168,1,25,,0,0
1211637597,0,250,222,71,24.13,,0,0
1211638497,0,245,162,143,23.13,,0,0
1211639397,0,249,204,55,23.63,,0,0
1211640297,0,249,510,151,23.38,,0,0
1211641197,0,246,441,120,22.38,,0,0
1211642097,0,249,297,155,22.44,,0,0
1211642997,0,248,201,158,22.56,,0,0
1211643897,0,248,156,42,24.5,,0,0
1211644796,0,248,192,17,23.56,,0,0
1211645696,0,248,339,150,23.56,,0,0
1211646596,0,247,321,157,22.88,,0,0
1211647496,0,245,243,28,21.75,,0,0
1211648396,0,242,270,167,20.63,,0,0
1211649296,0,242,186,144,20.75,,0,0
1211650196,0,241,39,106,20.56,,0,0
1211651096,0,239,324,117,19.69,,0,0
1211651996,0,238,222,154,19.63,,0,0
1211652896,0,235,234,164,19.44,,0,0
1211653796,0,221,423,165,19,,0,0
1211654696,0,206,60,38,18.5,,0,0
1211655596,0,205,120,148,18.13,,0,0
1211656496,0,196,168,175,17.75,,0,0
1211657396,0,154,99,160,17.38,,0,0
1211658296,0,130,39,40,16.81,,0,0
1211659196,0,100,177,52,16.56,,0,0
1211660095,0,39,84,75,16.19,,0,0
1211660995,0,7,231,25,16.06,,0,0
1211661895,0,1,204,78,15.75,,0,0
1211662795,0,1,45,134,15.5,,0,0
1211663695,0,1,12,192,15.38,,0,0
1211664598,0,1,33,44,15.13,,0,0
1211665498,0,0,84,325,15,,0,0
1211666398,0,1,108,148,15.06,,0,0
1211667298,0,1,114,72,14.81,,0,0
1211668197,0,1,243,130,14.81,,0,0
1211669097,0,1,33,181,14.75,,0,0
1211669997,0,1,204,71,14.69,,0,0
1211670897,0,1,39,6,14.56,,0,0
1211671797,10,1,264,131,14.5,,0,0
1211672697,11,1,33,92,13.69,,0,0
1211673597,17,1,87,99,13.19,,0,0
1211674497,29,1,36,230,12.81,,0,0
1211675397,85,1,132,71,12.5,,0,0
1211676297,104,1,0,143,11.88,,0,0
1211677197,70,1,63,152,11.88,,0,0
1211678097,52,1,51,151,11.63,,0,0
1211678997,41,1,54,179,11.5,,0,0
1211679897,35,1,48,167,11.44,,0,0
1211680797,38,1,225,49,11.5,,0,0
1211681697,31,1,129,127,11.56,,0,0
1211682597,26,1,123,114,11.69,,0,0
1211683497,24,1,81,31,11.75,,0,0
1211684396,24,1,195,138,11.81,,0,0
1211685296,23,1,15,109,11.88,,0,0
1211686196,23,3,60,90,11.94,,0,0
1211687096,22,15,123,136,12.13,,0,0
1211687996,21,38,60,73,12.25,,0,0
1211688896,21,83,0,100,12.25,,0,0
1211689796,27,116,0,78,12.44,,0,0
1211690696,44,154,12,128,12.44,,0,0
1211691596,27,168,48,61,12.44,,0,0
1211692496,37,167,135,76,12.44,,0,0
1211693396,23,177,0,138,12.5,,0,0
1211694296,18,204,21,80,12.56,,0,0
1211695196,17,204,0,116,12.63,,0,0
1211696096,18,211,117,150,12.75,,0,0
1211696996,20,207,0,113,12.94,,0,0
1211697896,20,209,0,147,12.94,,0,0
1211698795,20,163,0,117,12.88,,0,0
1211699695,21,186,0,131,12.94,,0,0
1211700595,32,221,6,130,13.06,,0,0
1211701495,22,224,0,97,13.31,,0,0
1211702395,17,216,0,114,13.44,,0,0
1211703295,20,225,0,114,13.56,,0,0
1211704195,19,226,0,114,13.75,,0,0
1211705095,28,230,0,114,14,,0,0
1211705995,24,240,0,114,14.81,,0,0
1211706895,21,233,0,203,14.75,,0,0
1211707795,20,234,3,123,14.31,,0,0
1211708695,30,248,0,124,16.56,,0,0
1211709595,35,251,0,30,22.69,,0,0
1211710495,35,248,0,30,20.44,,0,0
1211711395,33,241,102,154,17.19,,0,0
1211712295,31,238,6,167,16.5,,0,0
1211713194,25,243,0,152,16.81,,0,0
1211714094,2,250,0,167,22.94,,0,0
1211714994,0,248,0,167,25.13,,0,0
1211715894,0,249,0,158,24.31,,0,0
1211716794,0,250,72,160,22.81,,0,0
1211717694,0,250,36,167,25.38,,0,0
1211718594,0,249,9,164,26.81,,0,0
1211719494,0,250,0,164,31.19,,0,0
1211720394,0,247,0,164,28.31,,0,0
1211721294,0,247,3,66,24.63,,0,0
1211722194,0,246,0,167,24.13,,0,0
1211723094,0,244,0,48,23.13,,0,0
1211723994,0,250,0,48,26.38,,0,0
1211724894,0,246,6,102,26.06,,0,0
1211725794,0,250,0,191,29.63,,0,0
1211726693,0,248,42,51,22.38,,0,0
1211727593,0,245,189,96,21.31,,0,0
1211728493,0,241,159,154,21,,0,0
1211729393,0,242,156,140,19.63,,0,0
1211730293,0,249,135,353,23.5,,0,0
1211731193,0,242,54,28,19.69,,0,0
1211732093,0,243,132,134,19.31,,0,0
1211732993,0,244,12,69,19.69,,0,0
1211733893,0,240,159,150,18.5,,0,0
1211734793,0,235,21,148,17.13,,0,0
1211735693,0,231,0,88,16.44,,0,0
1211736593,0,225,18,59,15.38,,0,0
1211737493,0,224,18,10,15.31,,0,0
1211738393,0,218,117,25,14.81,,0,0
1211739293,0,204,48,13,14.56,,0,0
1211740193,0,194,129,356,14.25,,0,0
1211741093,0,181,24,97,14.06,,0,0
1211741993,0,162,24,48,14.19,,0,0
1211742892,0,144,90,38,14,,0,0
1211743792,0,111,216,213,13.88,,0,0
1211744712,0,69,120,93,13.31,,0,0
1211745612,0,57,42,189,13.31,,0,0
1211746512,0,19,150,137,13.06,,0,0
1211747412,0,4,0,44,13.13,,0,0
1211748312,0,1,39,44,13.25,,0,0
1211749212,0,1,141,114,13.13,,0,0
1211750112,0,1,102,148,13.19,,0,0
1211751015,0,1,135,41,13.19,,0,0
1211751915,0,1,135,73,13.13,,0,0
1211752815,0,1,72,128,12.94,,0,0
1211753715,0,1,291,106,13,,0,0
1211754615,0,1,66,100,13,,0,0
1211755515,0,1,102,106,12.94,,0,0
1211756415,0,1,186,35,13,,0,0
1211757315,0,1,63,145,13,,0,0
1211758215,0,1,3,104,13.06,,0,0
1211759115,0,1,0,263,13,,0,0
1211760015,0,1,189,172,12.88,,0,0
1211760915,0,1,90,59,12.81,,0,0
1211761814,0,1,162,7,12.69,,0,0
1211762714,0,1,264,72,12.69,,0,0
1211763614,0,1,93,48,12.63,,0,0
1211764514,0,1,189,62,12.63,,0,0
1211765414,0,1,66,71,12.63,,0,0
1211766314,1,1,27,106,12.5,,0,0
1211767214,62,1,213,59,12.31,,0,0
1211768114,73,1,159,42,12.38,,0,0
1211769014,76,1,210,150,12.31,,0,0
1211769914,34,1,66,95,12.19,,0,0
1211770814,25,1,177,25,12.25,,0,0
1211771714,24,1,138,157,12.31,,0,0
1211772614,24,3,120,44,12.31,,0,0
1211773514,27,13,159,152,12.31,,0,0
1211774414,21,39,0,119,12.31,,0,0
1211775314,18,87,201,148,12.31,,0,0
1211776213,18,118,75,134,12.31,,0,0
1211777113,19,131,72,141,12.38,,0,0
1211778013,18,148,156,58,12.38,,0,0
1211778913,17,151,135,71,12.44,,0,0
1211779813,15,163,405,191,12.5,,0,0
1211780713,21,161,393,113,12.38,,0,0
1211781613,17,194,189,59,12.25,,0,0
1211782513,15,186,174,175,12.13,,0,0
1211783413,15,177,105,124,12,,0,0
1211784313,15,138,258,86,11.94,,0,0
1211785213,17,192,414,124,11.88,,0,0
1211786113,19,191,336,120,11.81,,0,0
1211787013,19,192,60,120,11.75,,0,0
1211787913,20,192,255,104,11.69,,0,0
1211788813,16,205,141,178,11.63,,0,0
1211789713,16,224,159,80,11.63,,0,0
1211790613,13,226,39,20,11.75,,0,0
1211791512,11,226,105,45,11.75,,0,0
1211792412,12,236,306,130,12,,0,0
1211793312,13,233,147,104,12.06,,0,0
1211794212,16,237,354,152,12.25,,0,0
1211795112,18,238,249,99,12.19,,0,0
1211796012,24,225,84,88,12.06,,0,0
1211796912,25,224,288,131,11.94,,0,0
1211797812,21,234,96,127,12.19,,0,0
1211798712,20,227,258,78,12.25,,0,0
1211799612,27,228,192,85,12.25,,0,0
1211800512,30,226,234,168,12.31,,0,0
1211801412,34,231,87,158,12.31,,0,0
1211802312,30,227,573,104,12.31,,0,0
1211803212,31,229,204,116,12.44,,0,0
1211804112,37,229,390,130,12.44,,0,0
1211805012,68,231,276,141,12.38,,0,0
1211805911,69,232,156,167,12.5,,0,0
1211806811,59,232,318,113,12.38,,0,0
1211807711,56,233,222,78,12.44,,0,0
1211808611,60,230,306,124,12.31,,0,0
1211809511,53,224,150,104,12.31,,0,0
1211810411,37,223,129,184,12.19,,0,0
1211811311,61,221,81,167,12.13,,0,0
1211812211,92,230,444,131,12.19,,0,0
1211813111,81,228,258,128,12.25,,0,0
1211814011,91,230,159,117,12.25,,0,0
1211814911,84,226,225,130,12.19,,0,0
1211815811,90,241,183,141,12.13,,0,0
1211816711,98,244,240,147,12.13,,0,0
1211817611,95,246,138,106,12,,0,0
1211818511,76,246,159,136,11.94,,0,0
1211819410,70,246,96,102,11.94,,0,0
1211820310,149,246,282,96,11.94,,0,0
1211821210,124,246,60,154,11.88,,0,0
1211822110,141,245,132,185,11.81,,0,0
1211823010,148,246,192,95,11.81,,0,0
1211823910,135,246,282,148,11.81,,0,0
1211824810,146,245,96,99,11.88,,0,0
1211825710,150,245,30,35,11.81,,0,0
1211826610,150,244,141,86,11.81,,0,0
1211827510,155,244,201,110,11.81,,0,0
1211828410,156,246,210,172,11.75,,0,0
1211829310,134,246,258,161,11.63,,0,0
1211830210,129,246,204,128,11.5,,0,0
1211831110,112,245,198,161,11.44,,0,0
1211832010,119,246,342,89,11.44,,0,0
1211832910,112,246,192,103,11.5,,0,0
1211833809,115,246,225,41,11.5,,0,0
1211834709,111,246,24,169,11.44,,0,0
1211835609,117,246,162,88,11.5,,0,0
1211836509,91,246,102,150,11.44,,0,0
1211837412,154,246,45,99,11.38,,0,0
1211838312,157,246,177,107,11.31,,0,0
1211839212,150,246,432,140,11.31,,0,0
1211840112,157,246,99,116,11.13,,0,0
1211841012,154,246,216,141,11.06,,0,0
1211841912,156,246,93,100,11,,0,0
1211842812,157,245,21,154,10.88,,0,0
1211843712,152,244,102,158,10.75,,0,0
1211844612,157,244,21,66,10.69,,0,0
1211845512,158,244,147,140,10.69,,0,0
1211846412,130,245,45,37,10.38,,0,0
1211847311,133,246,0,40,10.31,,0,0
1211848211,129,246,21,31,10.19,,0,0
1211849111,112,242,45,47,10.19,,0,0
1211850011,152,243,120,102,10.19,,0,0
1211850911,150,246,27,131,10.25,,0,0
1211851811,154,246,0,38,10.19,,0,0
1211852711,146,247,0,38,10.19,,0,0
1211853611,145,249,0,38,10.13,,0,0
1211854511,143,245,3,38,10.13,,0,0
1211855411,86,245,6,52,10.06,,0,0
1211856311,132,245,0,31,10,,0,0
1211857211,139,243,0,31,10.06,,0,0
1211858111,142,242,0,31,10.06,,0,0
1211859011,146,242,0,31,10,,0,0
1211859911,148,248,0,31,10.06,,0,0
1211860810,146,247,0,31,10.13,,0,0
1211861710,148,246,0,106,10.13,,0,0
1211862610,145,247,0,107,10.19,,0,0
1211863510,140,244,0,106,10.19,,0,0
1211864410,135,243,0,107,10.31,,0,0
1211865310,134,246,0,106,10.44,,0,0
1211866210,134,246,0,106,10.63,,0,0
1211867110,132,245,0,107,10.75,,0,0
1211868010,130,246,0,106,10.75,,0,0
1211868910,131,247,0,106,11.06,,0,0
1211869810,135,247,0,106,11.13,,0,0
1211870710,137,246,0,106,11.38,,0,0
1211871610,137,247,0,107,11.75,,0,0
1211872510,137,246,0,107,11.75,,0,0
1211873410,138,247,0,107,12.44,,0,0
1211874309,138,247,0,107,12.5,,0,0
1211875209,138,246,0,107,13.38,,0,0
1211876109,136,248,0,107,14.06,,0,0
1211877009,131,247,0,107,14.25,,0,0
1211877909,129,247,0,107,14,,0,0
1211878809,131,248,0,107,15.56,,0,0
1211879709,132,247,0,107,15.56,,0,0
1211880609,134,247,0,107,16.5,,0,0
1211881509,59,247,0,107,16.25,,0,0
1211882409,13,246,0,107,15.88,,0,0
1211883309,1,247,0,107,17,,0,0
1211884209,0,247,0,107,18.81,,0,0
1211885109,0,247,0,107,19.56,,0,0
1211886009,0,246,0,107,17.63,,0,0
1211886909,0,247,105,138,18.06,,0,0
1211887808,0,249,0,157,23.06,,0,0
1211888708,0,249,3,175,23,,0,0
1211889608,0,248,87,116,19.94,,0,0
1211890508,0,250,0,171,22.31,,0,0
1211891408,0,246,174,169,20.81,,0,0
1211892308,0,247,0,178,20.44,,0,0
1211893208,0,247,0,158,23.13,,0,0
1211894108,0,247,6,164,22.13,,0,0
1211895008,0,248,0,174,21.88,,0,0
1211895908,0,250,0,161,23.44,,0,0
1211896808,0,249,0,175,23.81,,0,0
1211897708,0,247,66,107,21.94,,0,0
1211898608,0,249,6,160,25.44,,0,0
1211899508,0,247,0,56,22.44,,0,0
1211900408,0,246,9,136,21,,0,0
1211901307,0,244,30,127,20,,0,0
1211902207,0,247,0,145,22,,0,0
1211903107,0,248,30,178,25.31,,0,0
1211904007,0,246,0,71,21.38,,0,0
1211904907,0,244,0,356,21.5,,0,0
1211905807,0,237,111,130,19.38,,0,0
1211906707,0,241,15,21,19.81,,0,0
1211907607,0,234,18,92,18.75,,0,0
1211908507,0,235,39,141,18.75,,0,0
1211912107,0,229,72,85,17.88,,0,0
1211913007,0,228,33,140,17.31,,0,0
1211913907,0,224,27,89,16.88,,0,0
1211914807,0,204,24,155,16.31,,0,0
1211915707,0,205,168,164,16.06,,0,0
1211916607,0,213,75,68,15.56,,0,0
1211917506,0,210,123,140,15.38,,0,0
1211918406,0,238,69,113,15.25,,0,0
1211919306,0,242,192,75,15.25,,0,0
1211920206,0,242,60,100,15.19,,0,0
1211921106,0,242,0,92,14.88,,0,0
1211922006,0,240,36,88,14.75,,0,0
1211922906,0,241,99,95,14.75,,0,0
1211923808,0,242,9,143,14.69,,0,0
1211924709,0,243,0,64,14.56,,0,0
1211925608,0,242,0,64,14.63,,0,0
1211926508,45,243,0,114,14.25,,0,0
1211927408,37,242,0,114,14.19,,0,0
1211928308,53,243,9,137,14.19,,0,0
1211929208,82,243,0,102,14.19,,0,0
1211930108,110,243,0,102,14.19,,0,0
1211931007,112,243,0,102,14.31,,0,0
1211931907,57,245,0,104,14.19,,0,0
1211932807,60,243,0,104,14.25,,0,0
1211933707,36,244,0,104,14.25,,0,0
1211934607,25,246,0,104,14.25,,0,0
1211935507,23,242,0,104,14.31,,0,0
1211936407,21,244,0,83,14.19,,0,0
1211937307,21,240,0,32,14.13,,0,0
1211938207,21,246,0,32,14.19,,0,0
1211939107,20,242,0,64,14.25,,0,0
1211940007,21,243,0,92,14.25,,0,0
1211940907,17,244,12,27,14.25,,0,0
1211941807,15,246,3,68,14.31,,0,0
1211942707,14,245,33,110,14.38,,0,0
1211943607,21,245,150,109,14.5,,0,0
1211944506,25,243,177,90,14.5,,0,0
1211945407,22,242,24,11,14.44,,0,0
1211946306,19,240,27,24,14.31,,0,0
1211947206,17,244,84,24,14.38,,0,0
1211948106,17,246,0,65,14.31,,0,0
1211949006,127,246,0,65,14.31,,0,0
1211949907,131,247,0,65,14.44,,0,0
1211950806,105,244,0,65,14.56,,0,0
1211951706,109,249,96,123,14.5,,0,0
1211952606,84,247,15,141,14.56,,0,0
1211953506,124,246,0,155,14.63,,0,0
1211954406,113,246,3,121,14.81,,0,0
1211955306,101,246,63,34,15.06,,0,0
1211956206,121,248,0,133,15.38,,0,0
1211957106,111,248,108,96,15.31,,0,0
1211958005,121,244,0,96,15.44,,0,0
1211958905,97,246,0,96,15.5,,0,0
1211959805,119,246,0,96,15.44,,0,0
1211960705,126,246,0,96,15.81,,0,0
1211961605,127,247,72,150,16.06,,0,0
1211962505,125,247,3,162,16.75,,0,0
1211963405,121,247,93,167,16.63,,0,0
1211964305,122,246,105,178,16.31,,0,0
1211965205,107,248,57,128,16.63,,0,0
1211966105,5,248,99,181,16.56,,0,0
1211967005,3,246,273,179,16.56,,0,0
1211967905,0,247,48,150,17.13,,0,0
1211968805,0,248,138,172,17.25,,0,0
1211969705,1,248,147,168,17.31,,0,0
1211970605,0,250,237,172,19.81,,0,0
1211971504,0,249,270,152,19.25,,0,0
1211972404,0,247,321,141,19.31,,0,0
1211973304,0,247,129,155,17.75,,0,0
1211974204,0,245,72,174,17.31,,0,0
1211975104,0,244,183,164,16.88,,0,0
1211976004,1,246,255,116,17.13,,0,0
1211976904,0,247,84,151,18.56,,0,0
1211977804,0,247,0,184,19,,0,0
1211978704,0,245,126,167,18.56,,0,0
1211979604,0,245,141,169,18.19,,0,0
1211980504,0,246,39,155,18.56,,0,0
1211981404,0,240,213,158,16.81,,0,0
1211982304,0,242,69,35,16.75,,0,0
1211983204,0,242,3,119,17,,0,0
1211984104,0,235,165,196,16.31,,0,0
1211985004,0,239,72,176,15.75,,0,0
1211985903,0,245,114,178,17.38,,0,0
1211986803,0,241,48,27,16.56,,0,0
1211987703,0,239,3,158,16.5,,0,0
1211988603,0,246,0,168,19.13,,0,0
1211989503,0,244,90,169,19.38,,0,0
1211990403,0,242,156,165,18.31,,0,0
1211991303,0,232,0,85,17.06,,0,0
1211992203,33,231,90,172,15.19,,0,0
1211993103,62,229,45,164,15.19,,0,0
1211994003,73,223,99,165,14.56,,0,0
1211994903,88,228,69,8,14.38,,0,0
1211995803,103,233,93,192,14.13,,0,0
1211996704,119,230,3,150,13.88,,0,0
1211997603,87,214,0,169,13.56,,0,0
1211998503,69,228,81,174,13.75,,0,0
1211999403,60,226,99,127,13.56,,0,0
1212000303,44,229,81,174,13.5,,0,0
1212001203,42,222,129,168,13,,0,0
1212002102,44,222,24,193,12.94,,0,0
1212003002,32,218,30,217,12.81,,0,0
1212003902,22,209,48,191,12.69,,0,0
1212004802,17,193,120,113,12.31,,0,0
1212005702,13,209,33,174,12.06,,0,0
1212006602,13,213,60,189,11.81,,0,0
1212007502,12,219,0,175,11.5,,0,0
1212008402,12,218,3,168,11.31,,0,0
1212009302,11,227,129,172,11.63,,0,0
1212010205,11,225,9,185,11.56,,0,0
1212011104,11,223,0,189,11.25,,0,0
1212012004,11,232,42,223,11.31,,0,0
1212012904,11,228,0,169,10.94,,0,0
1212013804,11,229,0,172,10.69,,0,0
1212014704,11,233,3,199,10.5,,0,0
1212015604,11,234,0,226,10.06,,0,0
1212016504,12,235,0,209,10.13,,0,0
1212017404,11,230,0,209,9.63,,0,0
1212018304,11,233,0,209,9.13,,0,0
1212019204,12,232,0,209,9.13,,0,0
1212020104,12,237,0,209,9,,0,0
1212021004,13,236,0,209,9.44,,0,0
1212021904,13,234,0,209,9.38,,0,0
1212022804,13,235,0,209,9.5,,0,0
1212023704,13,237,0,209,9.75,,0,0
1212024604,13,236,0,209,9.75,,0,0
1212025504,13,236,0,209,9.38,,0,0
1212026404,13,238,0,209,9.69,,0,0
1212027303,13,238,0,209,9.81,,0,0
1212028203,13,236,0,209,9.69,,0,0
1212029103,13,234,0,196,9.5,,0,0
1212030003,13,238,24,196,9.63,,0,0
1212030903,13,242,0,196,9.5,,0,0
1212031803,13,242,0,196,8.56,,0,0
1212032703,15,243,0,196,8.44,,0,0
1212033603,15,243,0,196,7.94,,0,0
1212034503,40,244,0,196,8.5,,0,0
1212035403,57,244,0,196,7.94,,0,0
1212036303,54,244,0,196,7.94,,0,0
1212037203,50,244,0,196,9.19,,0,0
1212038103,61,245,0,196,10,,0,0
1212039003,70,242,0,196,10.38,,0,0
1212039903,78,244,0,203,10.5,,0,0
1212040803,88,244,3,203,10.75,,0,0
1212041703,56,246,0,205,11.5,,0,0
1212042602,62,248,0,203,11.44,,0,0
1212043502,54,249,0,205,12.69,,0,0
1212044402,37,249,0,203,13.25,,0,0
1212045302,53,251,0,203,14.88,,0,0
1212046202,21,251,0,203,16.5,,0,0
1212047102,0,250,39,136,14.88,,0,0
1212048002,0,250,0,133,15.25,,0,0
1212048902,0,250,0,131,16.38,,0,0
1212049802,0,251,0,131,18.81,,0,0
1212050702,0,251,102,103,19.13,,0,0
1212051602,0,251,36,97,21.25,,0,0
1212052502,0,251,0,154,23.25,,0,0
1212053402,0,251,105,45,23.13,,0,0
1212054302,0,252,75,61,25,,0,0
1212055202,0,252,201,171,24.75,,0,0
1212056101,0,252,0,113,26.5,,0,0
1212057001,0,252,0,151,27.94,,0,0
1212057901,0,252,93,133,26.94,,0,0
1212058801,0,252,15,97,27.88,,0,0
1212059701,0,252,54,151,28.44,,0,0
1212060601,0,252,141,161,29.63,,0,0
1212061501,0,252,45,97,29.19,,0,0
1212062401,0,252,183,144,28.56,,0,0
1212063301,0,251,189,120,24.75,,0,0
1212064201,0,250,9,113,23.38,,0,0
1212065101,0,249,6,167,23.5,,0,0
1212066001,0,248,51,172,21.88,,0,0
1212066901,0,248,117,96,20.56,,0,0
1212067801,0,247,159,169,19.94,,0,0
1212068701,0,248,114,175,19.63,,0,0
1212069601,26,247,225,185,17.31,,0,0
1212070500,25,246,75,136,16.25,,0,0
1212071400,25,246,129,124,15.56,,0,0
1212072300,43,246,180,162,15.06,,0,0
1212073200,56,246,9,89,14.44,,0,0
1212074100,41,246,66,112,14.13,,0,0
1212075000,35,246,66,152,14,,0,0
1212075900,31,246,123,120,13.5,,0,0
1212076800,28,246,24,120,13.75,,0,0
1212077700,25,246,96,123,13.81,,0,0
1212078600,22,246,120,157,13.56,,0,0
1212079500,19,245,45,181,13.38,,0,0
1212080400,20,244,123,107,13.19,,0,0
1212081300,15,244,0,140,13.31,,0,0
1212082200,13,244,0,152,13.25,,0,0
1212083100,14,245,6,144,13.38,,0,0
1212084000,15,221,0,144,13.38,,0,0
1212084900,13,224,6,144,13.31,,0,0
1212085799,13,223,0,143,13.31,,0,0
1212086699,13,226,0,143,13.25,,0,0
1212087599,12,222,0,116,13.31,,0,0
1212088499,13,208,0,116,13.25,,0,0
1212089399,11,209,0,116,13.19,,0,0
1212090299,11,204,0,116,13.19,,0,0
1212091199,12,208,0,116,13.06,,0,0
1212092099,11,197,0,116,13,,0,0
1212093019,13,194,0,116,13.31,,0,0
1212093919,13,209,0,116,13.19,,0,0
1212094819,12,226,0,116,13.25,,0,0
1212095719,12,227,0,113,13.19,,0,0
1212096622,12,230,0,66,12.5,,0,0
1212097522,11,233,0,66,12.69,,0,0
1212098422,11,233,0,40,12.63,,0,0
1212099321,11,233,0,40,12.63,,0,0
1212100221,10,234,0,40,12.63,,0,0
1212101121,10,234,0,40,12.63,,0,0
1212102021,9,234,0,40,12.56,,0,0
1212102921,10,234,0,40,12.63,,0,0
1212104721,9,238,0,40,12.44,,0,0
1212105621,9,237,0,40,12.44,,0,0
1212106521,8,235,0,40,12.31,,0,0
1212107421,9,236,0,40,12.25,,0,0
1212108321,8,238,0,40,12.19,,0,0
1212109221,7,239,0,40,12.19,,0,0
1212110121,7,237,3,40,12.19,,0,0
1212111021,7,237,0,40,12.19,,0,0
1212111921,8,235,0,40,12.13,,0,0
1212112821,8,238,0,40,12.13,,0,0
1212113720,8,239,0,40,12.06,,0,0
1212114620,8,237,0,40,12.06,,0,0
1212115520,8,239,0,40,12.06,,0,0
1212116420,8,238,0,40,12,,0,0
1212117320,8,240,0,40,12,,0,0
1212118220,8,237,0,35,12,,0,0
1212119120,8,238,0,35,12,,0,0
1212120020,8,240,0,35,12.06,,0,0
1212120920,8,240,0,35,12.06,,0,0
1212121820,8,242,6,35,12.19,,0,0
1212122720,8,241,0,35,12.25,,0,0
1212123620,8,240,0,35,12.38,,0,0
1212124520,8,241,0,35,12.5,,0,0
1212125420,7,242,18,35,12.75,,0,0
1212126320,7,243,0,35,13,,0,0
1212127220,7,243,0,35,13.06,,0,0
1212128120,8,242,0,28,13.06,,0,0
1212129019,8,240,0,28,13.25,,0,0
1212129919,8,237,0,28,13.25,,0,0
1212130819,8,245,0,28,13.5,,0,0
1212131719,7,246,0,28,13.5,,0,0
1212132619,8,246,0,28,13.75,,0,0
1212133519,8,246,3,28,13.88,,0,0
1212134419,8,248,3,28,13.88,,0,0
1212135319,8,248,0,28,14.06,,0,0
1212136219,10,248,0,28,14.25,,0,0
1212137119,10,249,0,27,14.56,,0,0
1212138019,5,249,6,25,16.44,,0,0
1212138919,4,249,0,25,15.31,,0,0
1212139819,2,249,0,25,16.63,,0,0
1212140719,0,250,0,21,17.13,,0,0
1212141619,0,247,3,357,18.56,,0,0
1212142518,0,249,6,237,20.94,,0,0
1212143419,0,248,0,253,22.69,,0,0
1212144318,0,247,18,250,18.5,,0,0
1212145218,0,248,0,243,19.63,,0,0
1212146118,0,248,6,258,20.25,,0,0
1212147018,0,248,0,258,19.06,,0,0
1212147918,0,248,0,226,19.06,,0,0
1212148818,0,247,6,226,20,,0,0
1212149718,0,246,0,250,18.06,,0,0
1212150618,0,248,6,236,19.63,,0,0
1212151518,0,248,6,244,18.94,,0,0
1212152418,0,248,0,265,20.5,,0,0
1212153318,0,248,0,265,20.25,,0,0
1212154218,0,247,15,250,21,,0,0
1212155118,0,243,0,261,20.06,,0,0
1212156018,0,248,0,270,21.25,,0,0
1212156917,0,247,12,268,22.44,,0,0
1212157817,0,243,0,248,21.75,,0,0
1212158717,0,246,72,253,19.06,,0,0
1212159617,0,246,6,226,19.19,,0,0
1212160517,0,247,0,233,19.56,,0,0
1212161417,0,248,84,226,19.75,,0,0
1212162317,0,248,45,237,20.38,,0,0
1212163217,0,247,12,240,20.31,,0,0
1212164117,0,247,0,241,19.75,,0,0
1212165017,0,246,6,243,19.31,,0,0
1212165917,0,245,0,244,19.13,,0,0
1212166817,0,244,0,246,18.75,,0,0
1212167717,0,244,27,246,18.56,,0,0
1212168617,0,244,3,246,18.56,,0,0
1212169517,0,244,0,246,18.69,,0,0
1212170417,0,244,0,246,18.75,,0,0
1212171316,0,244,0,246,18.81,,0,0
1212172216,0,243,0,246,18.5,,0,0
1212173116,0,243,0,246,18.38,,0,0
1212174016,0,242,0,246,17.5,,0,0
1212174916,0,240,0,246,16.25,,0,0
1212175816,0,239,0,246,15.06,,0,0
1212176716,0,239,0,246,14.44,,0,0
1212177616,0,238,0,246,13.81,,0,0
1212178516,0,237,0,246,14,,0,0
1212179416,0,236,0,246,12.94,,0,0
1212180316,0,236,0,246,12,,0,0
1212181216,0,236,0,246,12,,0,0
1212182116,0,235,0,246,12.5,,0,0
1212183019,1,236,0,246,12.69,,0,0
1212183918,0,235,0,246,13.56,,0,0
1212184818,0,235,0,246,13.56,,0,0
1212185718,0,235,0,246,14.19,,0,0
1212186618,0,235,0,246,13.75,,0,0
1212187518,0,235,0,246,13.81,,0,0
1212188418,0,236,0,246,13.31,,0,0
1212189318,0,236,0,246,14.06,,0,0
1212190218,0,234,0,246,14.25,,0,0
1212191118,0,234,0,246,14.38,,0,0
1212192018,0,234,0,246,14.06,,0,0
1212192918,0,234,0,246,12.94,,0,0
1212193818,1,234,0,246,11.94,,0,0
1212194718,1,234,0,246,11.94,,0,0
1212195618,1,234,0,246,11.75,,0,0
1212196518,1,234,0,246,12.31,,0,0
1212197418,1,235,0,246,12.25,,0,0
1212198317,1,235,0,246,12.19,,0,0
1212199217,1,235,0,246,11.5,,0,0
1212200117,1,236,0,246,11.25,,0,0
1212201017,1,236,0,246,12.25,,0,0
1212201917,1,239,0,246,12.81,,0,0
1212202817,1,238,0,246,13,,0,0
1212203717,1,240,0,246,12.38,,0,0
1212204617,2,241,0,246,12.38,,0,0
1212205517,2,242,0,246,12.88,,0,0
1212206417,3,242,0,246,13,,0,0
1212207317,2,243,0,246,12.06,,0,0
1212208217,3,244,0,246,12.69,,0,0
1212209117,2,244,0,246,13.38,,0,0
1212210017,2,245,0,246,13.75,,0,0
1212210917,2,246,0,246,14.06,,0,0
1212211817,2,246,0,246,14.44,,0,0
1212212716,0,247,0,246,15,,0,0
1212213616,0,247,0,246,15.69,,0,0
1212214516,0,248,0,246,15.88,,0,0
1212215416,0,249,0,246,16.94,,0,0
1212216316,0,250,0,246,17.31,,0,0
1212217216,0,250,0,246,19.5,,0,0
1212218116,0,250,0,246,18.75,,0,0
1212219016,0,251,0,246,22.06,,0,0
1212219916,0,251,0,246,23.69,,0,0
1212220816,0,250,0,246,23.75,,0,0
1212221716,0,251,0,246,23.75,,0,0
1212222616,0,251,0,247,23.94,,0,0
1212223516,0,251,0,247,27.25,,0,0
1212224416,0,251,0,248,25.38,,0,0
1212225316,0,251,0,261,26.56,,0,0
1212226215,0,250,54,260,24.25,,0,0
1212227115,0,250,57,261,24.88,,0,0
1212228015,0,248,0,264,21.56,,0,0
1212228915,0,249,6,226,23.44,,0,0
1212229815,0,250,0,226,24.5,,0,0
1212230715,0,252,0,226,29.56,,0,0
1212231615,0,250,0,239,27.06,,0,0
1212232515,0,249,3,136,22.81,,0,0
1212233415,0,247,12,291,21.13,,0,0
1212234315,0,247,0,285,21.38,,0,0
1212235215,0,248,0,296,22.25,,0,0
1212236115,0,249,6,296,22.44,,0,0
1212237015,0,250,0,79,23.94,,0,0
1212237915,0,250,0,143,24,,0,0
1212238815,0,249,33,121,24.38,,0,0
1212239714,0,250,12,42,25.88,,0,0
1212240614,0,250,3,336,24.69,,0,0
1212241514,0,252,0,254,27.75,,0,0
1212242414,0,250,0,117,27,,0,0
1212243314,0,250,33,96,23.69,,0,0
1212244214,0,249,3,69,24.88,,0,0
1212245114,0,250,54,121,24.75,,0,0
1212246014,0,250,0,145,26.5,,0,0
1212246914,0,249,0,162,24.63,,0,0
1212247814,0,248,0,126,24.25,,0,0
1212248714,0,249,0,117,24.75,,0,0
1212249614,0,247,0,138,22.81,,0,0
1212250514,0,248,15,54,23.31,,0,0
1212251414,0,247,54,134,22.06,,0,0
1212252314,0,244,0,100,21.63,,0,0
1212253214,0,246,0,99,21.56,,0,0
1212254113,0,242,33,99,21.13,,0,0
1212255013,0,237,24,112,20.56,,0,0
1212255913,0,237,0,136,20.19,,0,0
1212256813,0,235,12,134,19.94,,0,0
1212257713,0,235,0,130,19.63,,0,0
1212258613,0,240,0,130,19.44,,0,0
1212259513,0,240,0,130,19.38,,0,0
1212260413,0,238,0,130,19.25,,0,0
1212261313,0,238,0,130,19.13,,0,0
1212262213,0,236,99,147,19.13,,0,0
1212263113,0,236,0,65,18.88,,0,0
1212264013,0,236,18,119,18.56,,0,0
1212264913,0,236,0,123,18.38,,0,0
1212265813,0,235,0,58,18.38,,0,0
1212266713,0,236,93,92,17.25,,0,0
1212267613,0,236,150,167,16.5,,0,0
1212268513,0,236,132,112,15.94,,0,0
1212269415,0,235,123,121,15.56,,0,0
1212270315,0,235,150,113,15.44,,0,0
1212271215,0,235,18,158,15.25,,0,0
1212272115,0,235,0,102,15.13,,0,0
1212273015,0,235,18,121,14.81,,0,0
1212273915,0,235,75,123,14.5,,0,0


File Write End,,,,,,,,
