1212274815,0,235,0,141,14.25,,0,0
1212275715,0,233,0,130,14,,0,0
1212276615,0,233,6,130,13.56,,0,0
1212277515,0,233,0,130,13.19,,0,0
1212278415,0,233,0,130,13.56,,0,0
1212279315,0,233,0,130,13.38,,0,0
1212280214,0,233,0,130,13.5,,0,0
1212281114,0,233,0,130,13.38,,0,0
1212282014,0,233,0,130,13.44,,0,0
1212282914,0,233,0,130,13.75,,0,0
1212283814,0,233,0,130,13.56,,0,0
1212284714,0,233,0,130,13.25,,0,0
1212285614,0,228,0,130,13.25,,0,0
1212286514,0,230,0,130,13.31,,0,0
1212287414,0,229,0,130,13.13,,0,0
1212288314,0,231,0,130,13,,0,0
1212289214,0,227,0,130,13.25,,0,0
1212290114,0,232,0,130,13.13,,0,0
1212291014,1,228,0,130,13.19,,0,0
1212291914,12,230,0,130,13.38,,0,0
1212292814,22,232,0,130,13.44,,0,0
1212293714,18,232,0,130,13.56,,0,0
1212294614,19,237,0,130,13.5,,0,0
1212295513,11,238,0,130,13.75,,0,0
1212296413,3,236,0,130,13.88,,0,0
1212297313,0,238,0,130,13.94,,0,0
1212298213,0,239,0,130,14.25,,0,0
1212299113,0,238,0,130,14.38,,0,0
1212300013,5,239,0,130,14.25,,0,0
1212300913,8,240,0,75,14.19,,0,0
1212301813,33,238,0,75,13.88,,0,0
1212302713,66,239,0,75,14,,0,0
1212303613,65,242,0,75,14.63,,0,0
1212304513,89,243,0,75,14.81,,0,0
1212305413,100,246,0,260,14.94,,0,0
1212306313,82,243,0,230,15.38,,0,0
1212307213,77,242,0,265,15.31,,0,0
1212308113,37,240,0,271,15.19,,0,0
1212309013,5,245,0,271,16.56,,0,0
1212309912,0,247,0,271,17.69,,0,0
1212310812,0,247,114,342,18.31,,0,0
1212311712,0,248,66,7,19.69,,0,0
1212312612,0,248,0,277,20.31,,0,0
1212313512,0,245,0,308,18,,0,0
1212314412,0,249,24,47,20.31,,0,0
1212315312,0,246,0,69,19.81,,0,0
1212316212,0,245,36,326,19.13,,0,0
1212317112,0,248,0,144,20.94,,0,0
1212318012,0,248,0,75,22.31,,0,0
1212318912,0,246,0,107,21.06,,0,0
1212319812,0,241,0,107,19.81,,0,0
1212320712,0,245,0,103,20.25,,0,0
1212321612,0,247,0,359,21.69,,0,0
1212322512,0,247,21,257,22,,0,0
1212323411,0,247,0,237,23,,0,0
1212324311,0,245,0,281,20.75,,0,0
1212325211,0,245,15,305,21.44,,0,0
1212326111,0,242,6,250,19.81,,0,0
1212327011,0,240,0,254,19.69,,0,0
1212327911,0,245,0,254,21.44,,0,0
1212328811,0,242,0,254,20.69,,0,0
1212329711,0,243,0,254,20.94,,0,0
1212330611,0,242,0,254,20.44,,0,0
1212331511,0,241,0,258,19.94,,0,0
1212332411,0,242,0,258,20.56,,0,0
1212333311,0,240,0,258,19.94,,0,0
1212334211,0,238,15,258,19.69,,0,0
1212335111,0,237,0,258,19.25,,0,0
1212336011,0,235,0,258,18.94,,0,0
1212336911,0,238,0,181,19.13,,0,0
1212337811,0,238,30,152,18.63,,0,0
1212338710,0,238,15,126,18.31,,0,0
1212339610,0,245,0,102,20.38,,0,0
1212340510,0,240,84,72,18.88,,0,0
1212341410,0,244,30,41,19.75,,0,0
1212342310,0,241,0,107,18.81,,0,0
1212343210,0,239,0,151,18.19,,0,0
1212344110,0,237,3,144,18.31,,0,0
1212345010,0,236,15,133,18.13,,0,0
1212345910,0,231,102,117,17.69,,0,0
1212346810,0,221,0,158,17.25,,0,0
1212347710,0,220,63,150,16.88,,0,0
1212348610,0,210,60,171,16,,0,0
1212349510,0,195,0,161,15.44,,0,0
1212350410,0,155,0,160,15.56,,0,0
1212351310,0,185,24,151,15.69,,0,0
1212352209,0,204,0,126,15.69,,0,0
1212353109,0,214,153,140,15.69,,0,0
1212354009,0,214,0,141,15.31,,0,0
1212354909,0,214,0,137,15.06,,0,0
1212355813,0,211,0,168,14.75,,0,0
1212356713,0,212,0,164,14.81,,0,0
1212357612,0,213,0,152,14.81,,0,0
1212358512,0,210,24,151,14.75,,0,0
1212359412,0,218,0,171,14.69,,0,0
1212360312,0,148,0,171,13.56,,0,0
1212361212,0,159,0,171,13.19,,0,0
1212362112,0,17,0,171,13.38,,0,0
1212363012,0,161,0,171,12.63,,0,0
1212363912,0,167,0,171,12.88,,0,0
1212364812,0,166,0,171,12.81,,0,0
1212365712,0,165,0,171,12.81,,0,0
1212366612,0,190,0,171,12.5,,0,0
1212367512,0,209,0,171,12.44,,0,0
1212368412,0,193,0,171,12.19,,0,0
1212369312,1,191,0,171,11.56,,0,0
1212370212,1,158,0,171,11.44,,0,0
1212371112,1,158,0,171,11.63,,0,0
1212372012,1,150,0,171,11.19,,0,0
1212372911,1,152,0,171,11,,0,0
1212373811,5,174,0,171,10.75,,0,0
1212374711,9,149,0,171,10.81,,0,0
1212375611,7,201,0,171,10.31,,0,0
1212376511,4,203,0,171,10.38,,0,0
1212377411,3,205,0,171,10.25,,0,0
1212378311,3,205,0,171,10.5,,0,0
1212379211,2,214,0,171,10.5,,0,0
1212380111,2,226,0,171,10.44,,0,0
1212381011,3,228,0,171,9.94,,0,0
1212381911,3,235,0,171,10.75,,0,0
1212382811,3,233,0,171,11.81,,0,0
1212383711,3,239,0,171,12.06,,0,0
1212384611,4,241,21,171,12.44,,0,0
1212385511,1,242,0,171,13.19,,0,0
1212386411,0,241,36,151,13.56,,0,0
1212387311,0,241,21,152,14.13,,0,0
1212388210,0,244,0,148,14.38,,0,0
1212389110,0,240,51,117,14.19,,0,0
1212390010,0,238,30,83,14.25,,0,0
1212390910,0,243,48,167,14.69,,0,0
1212391810,0,246,0,150,16.44,,0,0
1212392710,0,246,57,52,16.56,,0,0
1212393610,0,242,45,54,16.25,,0,0
1212394510,0,240,63,113,15.81,,0,0
1212395410,0,246,0,127,17.69,,0,0
1212396310,0,244,54,148,16.69,,0,0
1212397210,0,245,69,45,17.31,,0,0
1212398110,0,244,198,71,16.5,,0,0
1212399010,0,245,111,119,16.31,,0,0
1212399910,0,246,9,113,17.38,,0,0
1212400810,0,245,57,121,17.31,,0,0
1212401710,0,247,168,136,18.38,,0,0
1212402609,0,246,105,152,18.31,,0,0
1212403509,0,246,69,45,18.06,,0,0
1212404409,0,248,0,51,21,,0,0
1212405309,0,249,171,110,19.19,,0,0
1212406209,0,248,72,89,19.69,,0,0
1212407109,0,248,165,100,19.81,,0,0
1212408009,0,247,0,155,19.94,,0,0
1212408909,0,248,6,162,20.88,,0,0
1212409809,0,247,12,165,20.13,,0,0
1212410709,0,245,33,141,19.44,,0,0
1212411609,0,246,48,121,19.56,,0,0
1212412509,0,243,96,175,18.25,,0,0
1212413409,0,241,39,141,17.25,,0,0
1212414309,8,238,81,144,16.25,,0,0
1212415209,56,244,63,144,16.38,,0,0
1212416109,60,245,0,121,17.5,,0,0
1212417008,62,242,114,178,16.63,,0,0
1212417908,37,241,0,102,16.44,,0,0
1212418808,18,242,168,126,16.38,,0,0
1212419708,1,230,0,143,16.06,,0,0
1212420608,1,233,114,96,15.81,,0,0
1212421508,1,231,0,138,15.75,,0,0
1212422408,0,241,21,141,16.19,,0,0
1212423308,0,243,66,161,16.88,,0,0
1212424208,0,237,54,38,16.56,,0,0
1212425108,0,235,120,121,16.25,,0,0
1212426008,0,235,9,154,16.13,,0,0
1212426908,0,227,180,82,15.5,,0,0
1212427808,0,228,147,117,15.56,,0,0
1212428708,0,229,15,78,15.5,,0,0
1212429608,0,231,21,95,15.31,,0,0
1212430508,0,226,57,110,15.38,,0,0
1212431407,0,219,27,164,15.31,,0,0
1212432307,0,214,72,171,15.13,,0,0
1212433207,0,223,90,147,15.06,,0,0
1212434107,0,192,138,169,14.88,,0,0
1212435007,3,204,198,143,14.69,,0,0
1212435907,10,212,111,126,14.44,,0,0
1212436807,46,202,75,143,14.31,,0,0
1212437707,90,208,81,164,14.19,,0,0
1212438607,118,207,6,168,14.13,,0,0
1212439507,125,207,0,133,14,,0,0
1212440407,136,207,0,133,14.06,,0,0
1212441307,139,206,54,133,13.94,,0,0
1212442210,130,207,0,133,13.94,,0,0
1212443110,98,206,0,116,13.88,,0,0
1212444010,91,206,0,116,13.94,,0,0
1212444909,86,206,0,116,13.88,,0,0
1212445809,83,206,0,116,13.88,,0,0
1212446709,71,206,0,116,13.94,,0,0
1212447609,72,218,0,116,14,,0,0
1212448509,75,215,0,116,13.94,,0,0
1212449409,69,215,0,116,13.94,,0,0
1212450309,69,215,0,116,14,,0,0
1212451209,65,216,0,116,14.06,,0,0
1212452109,59,216,0,116,14.06,,0,0
1212453009,64,215,0,116,14,,0,0
1212453909,76,214,0,116,14.06,,0,0
1212454809,69,209,0,116,14.06,,0,0
1212455709,72,210,0,116,14.06,,0,0
1212456609,63,209,0,116,14.13,,0,0
1212457509,62,209,0,116,14.13,,0,0
1212458409,62,207,0,116,14.13,,0,0
1212459309,60,209,0,116,14.13,,0,0
1212460208,60,194,0,116,14.19,,0,0
1212461108,58,208,0,116,14.19,,0,0
1212462008,62,205,0,116,14.19,,0,0
1212462908,66,211,0,116,14.25,,0,0
1212463808,67,213,0,116,14.13,,0,0
1212464708,69,210,0,116,14,,0,0
1212465608,72,215,0,116,13.88,,0,0
1212466508,65,214,0,116,13.88,,0,0
1212467408,69,218,0,116,13.88,,0,0
1212468308,72,218,0,116,13.88,,0,0
1212469208,72,218,0,116,13.81,,0,0
1212470108,76,221,0,116,13.88,,0,0
1212471008,83,226,0,116,14,,0,0
1212471908,94,224,0,116,14.06,,0,0
1212472808,85,228,0,116,14.13,,0,0
1212473708,83,233,0,116,14.25,,0,0
1212474607,85,233,0,116,14.38,,0,0
1212475507,81,234,0,116,14.44,,0,0
1212476407,82,236,0,116,14.69,,0,0
1212477307,82,238,0,116,14.81,,0,0
1212478207,82,241,0,116,15.38,,0,0
1212479107,82,238,0,116,15.13,,0,0
1212480007,81,240,0,224,15.31,,0,0
1212480907,80,242,0,226,15.5,,0,0
1212481807,81,243,0,226,16,,0,0
1212482707,81,241,0,230,15.69,,0,0
1212483607,81,241,0,232,15.69,,0,0
1212484507,84,245,0,232,16.63,,0,0
1212485407,83,242,0,232,16.81,,0,0
1212486307,80,239,0,234,15.75,,0,0
1212487207,80,239,0,241,15.81,,0,0
1212488106,79,246,6,243,16.63,,0,0
1212489006,81,240,144,274,15.88,,0,0
1212489908,81,236,138,260,14.81,,0,0
1212490807,81,238,0,226,15.13,,0,0
1212491707,80,241,0,226,15.81,,0,0
1212492607,81,236,87,247,15.31,,0,0
1212493507,82,237,30,230,15.31,,0,0
1212494407,81,239,3,239,15.69,,0,0
1212495307,81,244,78,287,16.63,,0,0
1212496207,81,240,0,226,16.13,,0,0
1212497107,81,242,21,285,17.06,,0,0
1212498007,79,228,57,248,15.63,,0,0
1212498907,71,239,63,244,16.19,,0,0
1212499807,5,242,3,243,16.63,,0,0
1212500707,6,234,168,260,16.19,,0,0
1212501607,3,238,255,226,15.25,,0,0
1212502507,20,235,204,230,15.38,,0,0
1212503407,73,233,93,305,15.06,,0,0
1212504307,66,242,255,267,15.13,,0,0
1212505206,71,239,0,241,15.44,,0,0
1212506106,80,238,36,239,15.13,,0,0
1212507006,80,239,12,226,14.81,,0,0
1212507906,76,239,198,277,14.63,,0,0
1212508806,79,236,132,271,14.19,,0,0
1212509706,87,231,75,258,14.13,,0,0
1212510606,88,230,123,247,13.81,,0,0
1212511506,88,228,126,248,13.88,,0,0
1212512406,89,220,66,217,13.69,,0,0
1212513306,95,215,69,267,13.56,,0,0
1212514206,89,230,33,172,13.19,,0,0
1212515106,82,228,3,232,13.25,,0,0
1212516006,80,226,33,217,13.13,,0,0
1212516906,70,224,0,240,13.06,,0,0
1212517806,68,216,6,230,13,,0,0
1212518706,69,213,0,233,13,,0,0
1212519606,57,198,0,239,13,,0,0
1212520505,64,195,0,251,12.94,,0,0
1212521405,60,174,6,227,12.88,,0,0
1212522305,60,199,63,230,12.81,,0,0
1212523205,52,193,99,271,12.25,,0,0
1212524105,49,183,0,330,11.63,,0,0
1212525005,48,177,84,257,11,,0,0
1212525905,51,173,0,271,10.69,,0,0
1212526805,50,173,0,294,10.63,,0,0
1212527705,48,173,0,292,10.63,,0,0
1212528606,50,171,0,294,10.63,,0,0
1212529506,53,169,0,294,10.81,,0,0
1212530406,53,169,0,292,10.88,,0,0
1212531306,54,168,0,292,10.88,,0,0
1212532206,55,168,0,292,11.19,,0,0
1212533106,64,205,0,294,11.69,,0,0
1212534005,64,205,0,292,11.81,,0,0
1212534905,63,205,0,292,11.88,,0,0
1212535805,51,205,0,292,11.94,,0,0
1212536705,53,204,0,294,11.88,,0,0
1212537605,53,206,0,292,11.88,,0,0
1212538505,55,205,0,294,11.88,,0,0
1212539405,55,203,0,292,11.81,,0,0
1212540305,55,203,0,292,11.75,,0,0
1212541205,55,202,21,292,11.81,,0,0
1212542105,56,201,0,294,11.69,,0,0
1212543005,56,198,0,294,11.69,,0,0
1212543905,55,198,0,294,11.69,,0,0
1212544805,54,197,0,294,11.63,,0,0
1212545705,53,197,0,294,11.63,,0,0
1212546605,54,197,0,294,11.63,,0,0
1212547505,54,196,0,292,11.63,,0,0
1212548405,54,196,0,292,11.56,,0,0
1212549304,55,197,0,292,11.56,,0,0
1212550204,59,197,0,294,11.56,,0,0
1212551104,55,200,0,294,11.5,,0,0
1212552004,56,206,0,294,11.44,,0,0
1212552904,59,210,0,294,11.44,,0,0
1212553804,54,218,0,292,11.44,,0,0
1212554704,50,223,0,294,11.5,,0,0
1212555604,46,228,0,292,11.56,,0,0
1212556504,48,234,0,292,11.81,,0,0
1212557404,46,238,0,292,12.06,,0,0
1212558304,46,241,0,292,12.5,,0,0
1212559204,48,243,0,289,12.69,,0,0
1212560104,48,245,0,253,13.38,,0,0
1212561004,51,245,0,261,13.81,,0,0
1212561904,51,248,0,241,16.5,,0,0
1212562804,48,244,0,261,14,,0,0
1212563703,38,247,0,261,14.81,,0,0
1212564603,19,249,0,226,18.56,,0,0
1212565503,9,248,18,244,17.75,,0,0
1212566403,3,249,27,261,19.44,,0,0
1212567303,3,250,42,248,18.88,,0,0
1212568203,4,247,0,318,24.13,,0,0
1212569103,3,245,6,226,17.88,,0,0
1212570003,3,249,33,265,20.75,,0,0
1212570903,2,251,0,268,24,,0,0
1212571803,1,250,90,251,25.94,,0,0
1212572703,1,250,141,258,22.69,,0,0
1212573603,1,250,0,256,24.38,,0,0
1212574503,2,251,18,246,24.38,,0,0
1212575403,1,251,27,167,26.13,,0,0
1212576303,2,251,45,247,24.63,,0,0
1212577202,1,250,9,144,24.44,,0,0
1212578102,1,245,24,267,22.56,,0,0
1212579002,1,244,54,254,20.69,,0,0
1212579902,2,251,0,311,27.5,,0,0
1212580802,1,251,18,226,25.94,,0,0
1212581702,1,247,33,224,23.88,,0,0
1212582602,1,247,72,256,22.69,,0,0
1212583502,1,246,0,191,24.25,,0,0
1212584402,1,246,0,239,23.56,,0,0
1212585302,1,250,3,264,23.63,,0,0
1212586202,1,246,45,250,23.94,,0,0
1212587102,1,250,18,244,24.44,,0,0
1212588002,1,245,0,233,23.69,,0,0
1212588902,1,250,12,185,26.88,,0,0
1212589802,1,244,0,261,23.13,,0,0
1212590702,1,244,0,224,24.38,,0,0
1212591601,1,250,12,199,29.25,,0,0
1212592501,1,249,0,280,28.13,,0,0
1212593401,1,243,36,253,22.63,,0,0
1212594301,1,249,9,102,31.06,,0,0
1212595201,1,248,0,198,29.19,,0,0
1212596101,1,244,0,176,25.63,,0,0
1212597001,1,248,0,148,27.56,,0,0
1212597901,1,247,0,160,26.31,,0,0
1212598801,1,246,0,186,26.06,,0,0
1212599701,1,239,0,258,23,,0,0
1212600601,1,245,72,237,24.69,,0,0
1212601501,1,243,36,263,23.31,,0,0
1212602401,1,242,0,344,22.81,,0,0
1212603301,1,240,0,243,21.88,,0,0
1212604201,1,232,3,301,19.88,,0,0
1212605101,1,226,165,229,18.5,,0,0
1212606001,1,223,12,150,17.5,,0,0
1212606900,2,220,12,199,16.94,,0,0
1212607800,3,210,15,316,16.5,,0,0
1212608700,1,193,33,239,15.94,,0,0
1212609604,2,166,24,275,15.25,,0,0
1212610504,1,120,9,282,14.81,,0,0
1212611404,2,61,0,268,14.31,,0,0
1212612304,2,18,27,272,13.81,,0,0
1212613203,2,5,0,294,13.56,,0,0
1212614103,2,1,15,223,13.31,,0,0
1212615003,2,2,0,227,12.94,,0,0
1212615903,2,1,27,270,12.38,,0,0
1212616803,1,1,0,272,12.31,,0,0
1212617703,1,1,0,274,11.56,,0,0
1212618603,1,15,0,274,11.56,,0,0
1212619503,1,220,0,272,11.13,,0,0
1212620402,1,91,0,312,11.25,,0,0
1212621302,1,231,0,312,10.88,,0,0
1212622202,2,231,0,312,10.69,,0,0
1212623102,3,1,0,312,11.06,,0,0
1212624002,3,98,0,312,11,,0,0
1212624902,3,79,0,312,10.31,,0,0
1212625802,3,226,0,312,10.5,,0,0
1212626702,3,214,0,312,10.81,,0,0
1212627602,3,223,0,312,10.75,,0,0
1212628502,3,213,0,312,10.88,,0,0
1212629402,3,216,0,312,10.56,,0,0
1212630302,3,237,0,312,9.69,,0,0
1212631202,4,229,0,312,9.38,,0,0
1212632102,3,227,0,311,9.06,,0,0
1212633002,3,227,0,311,9.25,,0,0
1212633902,2,221,0,311,9.25,,0,0
1212634802,2,223,0,311,9,,0,0
1212635702,4,218,0,311,8.94,,0,0
1212636601,9,226,0,311,8.69,,0,0
1212637501,8,223,0,311,8.5,,0,0
1212638401,10,230,0,311,8.25,,0,0
1212639301,10,234,0,311,8.56,,0,0
1212640201,11,236,0,311,9.06,,0,0
1212641101,12,240,0,311,10.31,,0,0
1212642001,9,243,0,311,11.19,,0,0
1212642901,5,244,0,311,12.13,,0,0
1212643801,2,246,0,311,13.63,,0,0
1212644701,1,247,0,309,15,,0,0
1212645601,1,247,0,309,16.31,,0,0
1212646501,1,247,0,309,16.25,,0,0
1212647401,1,248,0,309,17.81,,0,0
1212648301,1,248,0,309,18.06,,0,0
1212649201,1,248,0,302,19.06,,0,0
1212650100,1,249,0,288,18.31,,0,0
1212651000,1,249,0,288,21.31,,0,0
1212651900,1,250,0,294,20.13,,0,0
1212652800,1,250,0,292,22.06,,0,0
1212653700,1,250,0,292,23.13,,0,0
1212654600,1,250,0,260,23.94,,0,0
1212655500,1,250,24,241,22.63,,0,0
1212656400,1,250,0,8,24.69,,0,0
1212657300,1,250,0,247,26.13,,0,0
1212658200,1,250,45,202,24.5,,0,0
1212659100,1,250,0,267,26.69,,0,0
1212660000,1,250,0,230,28,,0,0
1212660900,1,251,3,335,28.13,,0,0
1212661800,1,246,84,261,24.63,,0,0
1212662700,1,251,0,172,28.44,,0,0
1212663599,1,251,0,175,30.31,,0,0
1212664499,1,251,87,203,33.31,,0,0
1212665399,1,251,9,233,27.63,,0,0
1212666299,1,251,0,167,33.13,,0,0
1212667199,1,251,42,291,29.19,,0,0
1212668099,1,246,54,178,26.13,,0,0
1212668999,1,248,15,184,25.25,,0,0
1212669899,1,248,66,168,27,,0,0
1212670799,1,251,6,246,30.13,,0,0
1212672599,1,250,0,113,26.88,,0,0
1212673499,1,243,102,110,24.5,,0,0
1212674399,1,246,54,136,24.88,,0,0
1212675299,1,250,0,148,29.94,,0,0
1212676199,1,250,0,247,29.94,,0,0
1212677998,1,249,0,168,28.88,,0,0
1212678898,1,243,0,261,24,,0,0
1212679798,1,248,15,145,28.75,,0,0
1212680698,1,248,0,168,27.94,,0,0
1212681598,1,247,21,284,26.94,,0,0
1212682498,1,247,0,322,27.69,,0,0
1212683398,1,246,3,233,27.94,,0,0
1212684298,1,243,0,165,24.5,,0,0
1212685198,1,245,0,285,29.13,,0,0
1212686098,1,244,0,137,26.13,,0,0
1212686998,1,244,9,356,25.38,,0,0
1212687898,1,243,0,294,24.38,,0,0
1212688798,1,241,0,162,24.63,,0,0
1212689698,1,241,6,186,23.13,,0,0
1212690598,1,234,0,168,21.25,,0,0
1212691498,1,231,39,264,19.69,,0,0
1212692398,1,229,0,157,19.31,,0,0
1212693297,1,227,0,195,18.69,,0,0
1212694197,1,222,21,328,18.31,,0,0
1212695097,1,211,0,209,17.56,,0,0
1212697797,1,193,30,318,15.88,,0,0
1212699597,1,186,0,11,15.19,,0,0
1212700497,1,201,0,145,14.94,,0,0
1212701400,1,202,0,244,15.38,,0,0
1212702300,1,202,3,309,15.44,,0,0
1212704099,1,200,39,226,14.94,,0,0
1212704999,1,199,0,247,14.75,,0,0
1212705899,1,202,15,278,14.56,,0,0
1212706799,1,210,42,226,14.5,,0,0
1212707699,1,209,0,248,14.19,,0,0
1212708599,1,211,9,240,13.63,,0,0
1212709500,1,208,45,284,13.25,,0,0
1212710399,2,208,42,251,12.94,,0,0
1212711299,1,209,21,234,12.88,,0,0
1212713099,1,209,72,258,12.25,,0,0
1212714899,2,209,33,226,11.88,,0,0
1212715799,2,210,0,265,11.44,,0,0
1212716699,2,199,24,320,11.31,,0,0
1212718499,2,202,0,229,10.69,,0,0
1212719398,2,200,15,257,10.38,,0,0
1212720298,3,200,42,261,10.31,,0,0
1212721198,3,201,57,226,10.19,,0,0
1212722098,3,202,18,272,10.06,,0,0
1212723898,3,209,0,256,9.56,,0,0
1212724798,3,217,0,256,9.44,,0,0
1212725698,3,225,0,247,9.56,,0,0
1212726598,3,219,6,224,9.56,,0,0
1212727498,3,222,0,261,9.75,,0,0
1212729298,3,233,66,261,10.19,,0,0
1212731098,3,239,9,265,10.75,,0,0
1212732898,3,243,15,264,12.13,,0,0
1212734697,2,245,0,258,14,,0,0
1212736497,2,246,81,226,14.25,,0,0
1212737397,2,246,144,224,15.94,,0,0
1212738297,1,246,0,244,16.06,,0,0
1212739197,1,249,60,282,19.38,,0,0
1212740097,1,250,57,247,19.63,,0,0
1212741897,1,249,0,265,20.19,,0,0
1212743697,1,248,6,240,21.44,,0,0
1212745497,1,247,6,239,20.38,,0,0
1212747296,1,248,153,217,20.38,,0,0
1212749096,1,246,39,227,20.81,,0,0
1212750896,1,249,0,233,23.13,,0,0
1212752696,1,247,120,6,22.56,,0,0
1212754496,1,247,222,248,21.31,,0,0
1212755396,1,244,189,263,20.69,,0,0
1212756296,1,242,0,267,20.25,,0,0
1212757196,1,243,21,226,20.06,,0,0
1212758096,1,246,54,226,21.19,,0,0
1212759896,1,244,153,191,20.69,,0,0
1212760796,1,240,0,281,19.81,,0,0
1212761696,1,241,27,267,19.63,,0,0
1212762595,1,242,228,230,20.06,,0,0
1212764395,1,243,66,261,20,,0,0
1212765295,1,245,21,181,21.44,,0,0
1212766195,1,246,33,268,22.06,,0,0
1212767995,1,240,222,240,20.44,,0,0
1212769795,1,241,27,292,20.38,,0,0
1212771595,1,212,42,256,18.81,,0,0
1212773395,3,203,33,312,16.94,,0,0
1212774295,2,221,63,162,16.56,,0,0
1212775195,3,216,6,151,16,,0,0
1212776995,31,213,12,88,14.75,,0,0
1212777894,41,212,3,88,14.75,,0,0
1212778794,56,211,0,88,14.69,,0,0
1212779694,64,214,0,88,14.44,,0,0
1212780594,68,216,0,88,14.63,,0,0
1212782394,79,204,0,88,14.44,,0,0
1212783294,78,202,0,88,14.31,,0,0
1212784194,87,201,0,37,14.38,,0,0
1212785994,88,192,0,37,13.69,,0,0
1212787797,89,196,0,37,13.56,,0,0
1212788697,87,202,0,37,13.31,,0,0
1212789597,96,205,0,37,13.69,,0,0
1212791397,110,204,0,37,13.75,,0,0
1212793197,99,199,3,25,13.69,,0,0
1212794997,113,193,0,27,13.31,,0,0
1212796797,101,195,0,25,13.44,,0,0
1212797697,108,188,30,25,13.38,,0,0
1212798597,105,180,0,25,13.25,,0,0
1212799497,100,181,0,27,13.06,,0,0
1212801296,112,177,3,3,12.81,,0,0
1212803096,51,173,0,55,13.13,,0,0
1212803996,36,192,78,267,13.13,,0,0
1212804896,29,198,87,210,12.94,,0,0
1212805796,41,200,0,243,11.94,,0,0
1212806696,50,200,0,241,11.56,,0,0
1212807596,36,201,0,227,11.25,,0,0
1212808496,49,202,0,261,10.88,,0,0
1212809396,44,205,0,260,10.75,,0,0
1212810296,42,211,33,226,10.75,,0,0
1212811196,41,220,30,254,10.44,,0,0
1212812096,37,225,0,246,10.13,,0,0
1212812996,21,229,66,270,10.31,,0,0
1212813896,12,233,0,257,10.31,,0,0
1212814796,15,238,93,236,10.69,,0,0
1212815696,24,239,99,256,10.88,,0,0
1212816595,20,241,36,248,11.69,,0,0
1212817495,24,244,93,263,12.56,,0,0
1212818395,28,245,117,319,13.38,,0,0
1212819295,22,246,33,251,13.81,,0,0
1212820195,27,246,0,267,15.63,,0,0
1212821095,20,248,0,227,15.44,,0,0
1212821995,25,248,75,251,16.94,,0,0
1212822895,21,248,45,239,16.44,,0,0
1212823795,25,249,78,226,16.94,,0,0
1212824695,25,249,57,263,17.38,,0,0
1212825595,1,249,36,247,17.88,,0,0
1212826495,1,250,0,357,19.5,,0,0
1212827395,1,250,60,230,19.06,,0,0
1212828295,1,250,231,261,20.06,,0,0
1212829194,1,250,3,232,21,,0,0
1212830094,1,247,138,237,18.31,,0,0
1212830994,0,250,42,288,22.63,,0,0
1212831894,1,250,0,209,23.13,,0,0
1212832794,1,246,168,224,21,,0,0
1212833694,0,246,0,223,22.13,,0,0
1212834594,1,250,33,223,24.06,,0,0
1212835494,1,250,84,244,21.69,,0,0
1212836394,1,248,0,224,22.69,,0,0
1212837294,0,247,105,294,21.81,,0,0
1212838194,0,247,30,226,21.19,,0,0
1212839094,1,250,27,224,26,,0,0
1212839994,0,246,21,332,21.38,,0,0
1212840894,1,247,27,277,21.13,,0,0
1212841794,1,248,33,217,21.94,,0,0
1212842693,1,247,30,178,21.75,,0,0
1212843593,1,248,0,316,24.63,,0,0
1212844493,1,246,0,278,21.75,,0,0
1212845393,1,244,18,318,21.31,,0,0
1212846293,0,246,90,224,20.94,,0,0
1212847194,1,245,207,258,21.13,,0,0
1212848093,1,244,30,226,20.88,,0,0
1212848993,1,247,24,227,21.56,,0,0
1212849893,1,247,78,330,22.63,,0,0
1212850793,1,246,66,28,21.69,,0,0
1212851693,1,248,81,234,24.06,,0,0
1212852593,1,247,30,226,22.94,,0,0
1212853494,1,247,93,191,24.13,,0,0
1212854393,1,246,102,203,22.75,,0,0
1212855293,1,242,33,264,20.31,,0,0
1212856193,1,243,0,239,20.88,,0,0
1212857093,1,246,123,340,23.19,,0,0
1212857992,2,245,117,328,21.75,,0,0
1212858892,1,244,0,287,23.63,,0,0
1212859792,1,242,15,40,20.88,,0,0
1212860692,1,238,81,234,20.5,,0,0
1212861593,1,236,153,95,19.38,,0,0
1212862492,1,240,84,316,20,,0,0
1212863392,1,237,21,296,19.31,,0,0
1212864292,1,231,0,13,19.06,,0,0
1212865192,1,220,3,337,18.44,,0,0
1212866092,2,201,39,226,18.31,,0,0
1212866992,1,181,51,199,17.88,,0,0
1212867892,1,144,24,51,17.56,,0,0
1212868792,1,121,18,52,17.38,,0,0
1212869692,1,175,0,253,17.38,,0,0
1212870592,1,174,78,333,17.25,,0,0
1212871494,1,165,0,329,16.88,,0,0
1212872391,1,153,0,212,16.63,,0,0
1212873291,1,160,0,226,16,,0,0
1212874194,1,145,0,123,15.63,,0,0
1212875097,1,147,0,85,15.44,,0,0
1212875994,1,130,27,85,15.13,,0,0
1212876894,1,150,0,85,15.38,,0,0
1212877794,1,153,0,85,15.5,,0,0
1212878694,1,168,0,79,15.81,,0,0
1212879595,1,160,0,79,15.94,,0,0
1212880494,1,160,0,79,15.94,,0,0
1212881394,1,123,0,79,15.94,,0,0
1212882294,1,126,0,78,16,,0,0
1212883193,1,95,12,73,15.94,,0,0
1212884093,1,179,0,342,15.88,,0,0
1212884993,1,193,0,254,16.06,,0,0
1212885893,1,193,63,253,16.19,,0,0
1212886793,1,193,0,254,16.19,,0,0
1212887693,1,193,0,257,16.19,,0,0
1212888593,1,190,0,257,15.75,,0,0
1212889493,1,192,0,257,15.63,,0,0
1212890396,1,190,0,257,15.19,,0,0
1212891296,1,120,0,257,15.56,,0,0
1212892193,1,106,48,233,15.31,,0,0
1212893094,1,125,3,272,15.5,,0,0
1212893993,1,175,0,305,15.44,,0,0
1212894893,1,175,30,202,15.38,,0,0
1212895793,1,181,12,219,15.19,,0,0
1212896693,1,186,0,313,15.31,,0,0
1212897593,1,194,3,128,15.19,,0,0
1212898492,1,208,0,298,15.19,,0,0
1212899395,1,220,0,312,15.19,,0,0
1212900292,1,226,0,320,14.69,,0,0
1212901192,1,231,0,322,15.13,,0,0
1212902092,1,235,0,323,15.06,,0,0
1212902993,1,239,0,308,15.38,,0,0
1212903892,1,236,0,318,14.63,,0,0
1212904792,1,238,0,326,15.44,,0,0
1212905692,1,240,39,224,15.63,,0,0
1212906593,1,240,66,244,16.19,,0,0
1212907492,1,240,6,223,16.13,,0,0
1212908392,1,246,12,206,16.88,,0,0
1212909292,1,246,126,69,19.5,,0,0
1212910192,1,247,0,258,20.5,,0,0
1212911092,1,248,0,226,20.63,,0,0
1212911992,1,249,0,185,21.56,,0,0
1212912891,1,250,42,226,21.5,,0,0
1212913794,1,250,3,120,23.25,,0,0
1212914691,1,250,3,284,22.69,,0,0
1212915591,1,250,3,160,24.81,,0,0
1212916494,1,250,6,3,24.5,,0,0
1212917391,1,250,156,25,26,,0,0
1212918292,1,250,0,359,27.31,,0,0
1212919191,1,250,267,20,26.19,,0,0
1212920091,1,250,117,27,27.44,,0,0
1212920991,1,250,78,343,27.06,,0,0
1212921891,1,250,33,239,27.38,,0,0
1212922791,0,250,60,217,28.69,,0,0
1212923694,1,250,12,123,27.94,,0,0
1212924591,1,250,6,350,30.63,,0,0
1212925493,1,250,75,335,29.06,,0,0
1212926390,1,250,6,243,31.13,,0,0
1212927293,1,250,33,104,30.75,,0,0
1212928193,1,250,0,72,32.06,,0,0
1212929090,1,250,87,123,32.44,,0,0
1212929993,1,250,9,49,29.56,,0,0
1212930890,1,250,135,37,32,,0,0
1212931790,1,250,66,68,32.13,,0,0
1212932690,1,250,18,224,33.25,,0,0
1212934490,1,250,216,32,31.56,,0,0
1212935393,0,250,48,48,32.13,,0,0
1212936290,1,249,102,107,33.13,,0,0
1212937190,1,249,0,16,33.31,,0,0
1212938090,1,248,0,8,32.13,,0,0
1212938993,1,248,0,241,32.75,,0,0
1212939889,1,245,279,109,29.56,,0,0
1212940789,1,244,123,76,27.63,,0,0
1212941689,1,248,45,31,32.38,,0,0
1212942589,1,247,0,44,31.5,,0,0
1212943492,1,246,72,44,29.56,,0,0
1212944389,1,245,18,14,30.38,,0,0
1212945292,1,245,99,157,28.88,,0,0
1212946189,1,244,60,127,29.06,,0,0
1212947089,1,240,6,161,26.25,,0,0
1212947989,1,237,21,188,26.13,,0,0
1212949789,1,232,93,38,23.81,,0,0
1212950689,1,226,0,27,23.06,,0,0
1212951589,1,214,6,28,22.25,,0,0
1212953389,0,215,0,86,21.44,,0,0
1212954292,1,210,0,58,21.44,,0,0
1212955189,1,191,0,54,21,,0,0
1212956089,1,135,15,54,20.44,,0,0
1212956988,1,77,0,45,19.38,,0,0
1212957892,1,67,0,45,19.56,,0,0
1212958791,1,183,33,45,19.75,,0,0
1212959688,1,183,0,47,19.13,,0,0
1212960594,1,183,0,47,19,,0,0
1212961491,1,183,0,47,18.56,,0,0
1212962394,1,183,0,47,18.06,,0,0
1212963291,1,185,0,47,18.25,,0,0
1212964194,1,185,0,52,17.94,,0,0
1212965091,1,185,0,52,17.94,,0,0
1212965994,1,185,0,52,17.56,,0,0
1212966891,1,185,0,52,16.13,,0,0
1212967791,1,184,0,52,16.56,,0,0
1212968691,1,183,0,52,16.5,,0,0
1212969590,1,183,0,52,16.38,,0,0
1212970490,1,182,24,56,16.38,,0,0
1212971390,1,183,0,56,15,,0,0
1212972290,1,181,0,56,14,,0,0
1212973190,1,184,0,56,13.19,,0,0
1212974090,1,183,0,56,13.75,,0,0
1212974990,1,183,0,56,12.69,,0,0
1212975890,1,183,0,56,12.38,,0,0
1212976790,2,183,0,56,12.25,,0,0
1212977690,3,183,0,56,12.88,,0,0
1212978590,5,182,0,56,12.56,,0,0
1212979490,5,182,0,56,12,,0,0
1212980390,5,182,0,56,12.25,,0,0
1212981290,5,183,0,56,11.19,,0,0
1212982190,6,189,0,56,11.13,,0,0
1212983090,7,198,0,56,10.81,,0,0
1212983990,7,210,0,56,12.06,,0,0
1212984889,8,218,0,56,11.63,,0,0
1212985789,9,224,0,56,12.31,,0,0
1212986689,9,231,0,56,13.13,,0,0
1212987589,11,235,0,49,12.88,,0,0
1212988489,9,239,0,49,13.81,,0,0
1212989389,8,243,0,49,15.56,,0,0
1212990289,3,245,0,49,17.44,,0,0
1212991189,2,246,0,49,18.81,,0,0
1212992089,2,246,0,49,19.56,,0,0
1212992989,1,246,0,49,20.25,,0,0
1212993889,1,248,0,49,22.5,,0,0
1212994789,1,248,0,48,22.44,,0,0
1212995689,1,244,0,49,21.69,,0,0
1212996589,1,248,0,49,24.38,,0,0
1212997489,1,248,0,49,24.56,,0,0
1212998388,1,249,0,25,25.13,,0,0
1212999288,1,247,24,17,25.75,,0,0
1213000188,1,250,63,141,26.31,,0,0
1213001088,1,250,3,191,31.63,,0,0
1213001988,1,250,69,4,28.88,,0,0
1213002888,1,250,0,102,26.75,,0,0
1213003788,1,250,18,138,31,,0,0
1213004688,1,250,54,127,26.31,,0,0
1213005588,1,250,0,14,31.63,,0,0
1213006488,1,250,21,14,30.13,,0,0
1213007388,1,250,21,131,30.88,,0,0
1213008288,1,250,0,90,31.75,,0,0
1213009188,1,250,75,99,32.81,,0,0
1213010088,1,250,0,92,34.69,,0,0
1213010988,1,250,39,106,33.06,,0,0
1213011887,1,250,75,45,33,,0,0
1213012787,1,250,54,226,33.19,,0,0
1213013687,1,250,3,313,33.88,,0,0
1213014587,1,250,42,93,35.19,,0,0
1213015487,1,250,0,48,37.63,,0,0
1213016387,1,250,24,172,34.81,,0,0
1213017288,1,249,0,59,31.56,,0,0
1213030983,1,239,24,271,26.88,,0,0
1213031883,1,238,69,243,26.44,,0,0
1213032783,1,240,0,274,26.69,,0,0
1213033683,1,240,45,305,27.06,,0,0
1213034583,1,242,3,332,28.19,,0,0
1213035483,1,238,51,8,27.5,,0,0
1213036383,1,233,21,313,25.56,,0,0
1213037283,1,228,0,302,24.63,,0,0
1213038183,1,225,21,318,24.13,,0,0
1213039083,1,220,21,329,23.75,,0,0
1213039983,1,217,78,328,23.38,,0,0
1213040883,1,201,0,328,22.38,,0,0
1213041783,1,178,30,328,22.06,,0,0
1213042682,1,129,0,328,21.38,,0,0
1213043582,1,177,0,328,20.63,,0,0
1213044482,1,53,0,328,20,,0,0
1213045382,1,79,0,328,18.69,,0,0
1213046284,1,177,0,328,18.63,,0,0
1213047184,1,100,0,328,17.44,,0,0
1213048084,1,109,0,328,16.94,,0,0
1213048984,1,96,0,328,16.44,,0,0
1213049884,1,87,0,328,16.31,,0,0
1213050784,1,89,0,328,16.5,,0,0
1213051684,1,88,0,328,16.69,,0,0
1213052584,1,92,0,328,17.19,,0,0
1213053484,1,93,0,328,16,,0,0
1213054384,1,94,0,328,15.38,,0,0
1213055284,1,91,0,328,15.06,,0,0
1213056183,1,92,0,328,16.69,,0,0
1213057083,1,96,0,328,17.19,,0,0
1213057983,1,92,0,328,16.25,,0,0
1213058883,1,97,0,328,16.81,,0,0
1213059783,1,96,0,328,16.94,,0,0
1213060683,1,93,0,328,16.63,,0,0
1213061583,1,92,0,328,16.94,,0,0
1213062483,1,94,6,328,16.44,,0,0
1213063383,1,95,0,328,16.38,,0,0
1213064283,1,85,0,328,16.06,,0,0
1213065183,1,96,0,328,16.06,,0,0
1213066083,1,105,0,326,16.63,,0,0
1213066983,1,123,18,326,16.25,,0,0
1213067883,1,149,0,326,15.56,,0,0
1213068783,1,174,0,326,15.13,,0,0
1213069683,1,193,0,326,14.88,,0,0
1213070582,1,206,0,326,14.38,,0,0
1213071482,1,218,0,326,14.81,,0,0
1213072382,1,227,0,326,15.75,,0,0
1213073282,1,235,0,326,16.69,,0,0
1213074182,1,240,0,326,18.13,,0,0
1213075082,1,242,0,326,18.94,,0,0
1213075982,1,242,0,326,18.69,,0,0
1213076882,1,239,0,326,17.31,,0,0
1213077782,1,244,0,326,19.56,,0,0
1213078682,1,246,0,326,21,,0,0
1213079582,1,247,105,175,21,,0,0
1213080482,1,248,0,298,21.38,,0,0
1213081382,1,248,87,248,22.44,,0,0
1213082282,1,248,0,278,23.81,,0,0
1213083182,1,249,63,226,23.06,,0,0
1213084081,1,250,33,289,24.56,,0,0
1213084981,1,248,54,270,25.31,,0,0
1213085883,1,246,0,224,24.13,,0,0
1213086781,1,246,114,263,22.25,,0,0
1213087681,1,247,87,336,24.19,,0,0
1213088581,1,248,9,192,25.44,,0,0
1213089481,1,246,54,349,25.38,,0,0
1213090381,1,244,21,88,23.38,,0,0
1213091281,1,250,78,226,25.94,,0,0
1213092181,1,247,0,298,25.38,,0,0
1213093081,1,247,0,301,25.38,,0,0
1213093981,1,246,0,295,25.06,,0,0
1213094881,1,246,18,342,24,,0,0
1213095781,1,246,69,277,24.06,,0,0
1213096681,1,250,6,237,25.69,,0,0
1213097581,1,249,6,239,28.88,,0,0
1213098340,1,251,246,296,26.69,,0,0
1213099240,1,247,0,240,26.13,,0,0
1213100140,1,250,3,347,28.31,,0,0
1213101040,1,251,57,258,28.81,,0,0
1213101940,1,251,75,226,30.25,,0,0
1213102840,1,251,45,320,28.75,,0,0
1213103740,1,250,186,232,28.25,,0,0
1213104640,1,250,174,282,28.63,,0,0
1213105540,1,250,51,64,29.44,,0,0
1213106440,1,250,87,230,32.25,,0,0
1213107340,1,246,6,203,28.5,,0,0
1213108240,1,250,105,294,29.25,,0,0
1213109140,1,250,111,193,30.69,,0,0
1213110040,1,249,66,299,27.5,,0,0
1213110940,1,248,231,260,28.44,,0,0
1213111840,1,249,111,263,28.38,,0,0
1213112739,1,248,57,175,29.13,,0,0
1213113639,1,248,30,250,29.31,,0,0
1213114539,1,247,54,193,28.81,,0,0
1213115439,1,246,75,224,30.38,,0,0
1213116339,1,245,54,196,28,,0,0
1213117239,1,244,9,232,27.88,,0,0
1213118139,1,244,39,315,26.25,,0,0
1213119039,1,242,66,195,26.69,,0,0
1213119939,1,240,90,265,25.44,,0,0
1213120839,1,238,57,267,24.69,,0,0
1213121739,1,237,18,89,24.81,,0,0
1213122639,1,230,21,18,22.69,,0,0
1213123539,1,224,33,178,21.75,,0,0
1213124439,1,221,33,186,21.19,,0,0
1213125339,1,218,87,284,20.81,,0,0
1213126239,1,217,18,337,20.44,,0,0
1213127139,1,200,93,179,19.38,,0,0
1213128038,1,181,0,89,18.81,,0,0
1213128938,1,141,90,150,18.75,,0,0
1213129838,1,69,48,288,18.13,,0,0
1213130738,1,19,48,299,17.63,,0,0
1213131638,1,4,30,284,17.38,,0,0
1213132542,1,1,0,271,16.56,,0,0
1213133441,1,1,0,254,16.5,,0,0
1213134341,1,1,57,224,16.25,,0,0
1213135241,1,1,3,288,15.75,,0,0
1213136141,1,1,63,239,15.81,,0,0
1213137041,1,1,39,226,15.44,,0,0
1213137941,1,4,39,267,14.94,,0,0
1213138841,1,4,0,275,14.94,,0,0
1213139741,1,5,0,42,14,,0,0
1213140641,1,14,0,322,14.25,,0,0
1213141541,1,189,0,229,13.81,,0,0
1213142441,1,106,0,232,13.38,,0,0
1213143341,1,71,0,306,13.06,,0,0
1213144241,1,51,0,306,12.69,,0,0
1213145141,1,44,3,306,12.44,,0,0
1213146041,1,44,0,306,12.75,,0,0
1213146941,1,44,0,278,12.56,,0,0
1213147841,1,42,0,282,11.88,,0,0
1213148740,1,41,0,281,12.13,,0,0
1213149640,1,41,0,281,11.63,,0,0
1213150540,1,40,45,265,12.63,,0,0
1213151440,1,41,0,265,12,,0,0
1213152340,1,39,12,265,10.63,,0,0
1213153240,1,46,39,263,11.88,,0,0
1213154140,1,65,0,260,11.19,,0,0
1213155040,1,115,0,258,11.25,,0,0
1213155940,1,166,0,258,11.31,,0,0
1213156840,1,195,0,260,11.38,,0,0
1213157740,1,210,0,260,10.81,,0,0
1213158640,1,223,0,260,12.06,,0,0
1213159540,1,236,0,277,13.13,,0,0
1213160440,1,239,6,236,13.94,,0,0
1213161340,1,241,0,247,14.38,,0,0
1213162240,1,239,0,247,14.44,,0,0
1213163139,1,245,3,332,16.31,,0,0
1213164039,1,246,12,305,16.56,,0,0
1213164939,1,246,51,308,17,,0,0
1213165839,1,247,12,241,18.44,,0,0
1213166739,1,248,129,322,18.81,,0,0
1213167639,1,248,21,270,18.75,,0,0
1213168539,1,248,45,267,20.75,,0,0
1213169439,1,250,57,339,20.75,,0,0
1213170339,1,245,114,220,18.19,,0,0
1213171239,1,246,87,175,18.31,,0,0
1213172139,1,246,63,226,19.06,,0,0
1213173039,1,247,87,224,20,,0,0
1213173939,1,245,159,250,19.19,,0,0
1213175739,1,238,90,224,17.38,,0,0
1213176638,1,243,87,227,18.88,,0,0
1213177538,1,243,108,296,18.31,,0,0
1213178438,1,240,36,224,18.5,,0,0
1213179338,1,250,6,306,19.75,,0,0
1213180238,1,244,39,199,20.5,,0,0
1213181138,1,245,12,241,19.75,,0,0
1213182038,1,246,195,263,20,,0,0
1213182938,1,248,72,224,23.88,,0,0
1213183838,1,246,39,280,20.31,,0,0
1213184738,1,251,24,220,23.38,,0,0
1213185638,1,244,123,234,20.25,,0,0
1213186538,1,251,0,217,26.31,,0,0
1213187438,1,250,162,257,23.69,,0,0
1213188338,1,244,216,265,21.69,,0,0
1213189238,1,250,90,209,23.69,,0,0
1213190137,1,242,15,217,21,,0,0
1213191037,1,250,132,304,23.19,,0,0
1213191937,1,250,183,236,24.56,,0,0
1213192837,1,250,57,261,24.19,,0,0
1213193737,1,245,30,337,22.44,,0,0
1213194637,1,245,153,281,21.44,,0,0
1213195537,1,246,174,271,21.31,,0,0
1213196437,1,238,81,264,20.63,,0,0
1213197337,1,249,0,241,22.25,,0,0
1213198237,1,243,30,296,21.81,,0,0
1213199137,1,244,0,241,22.25,,0,0
1213200037,1,247,63,342,25.38,,0,0
1213200937,1,235,141,282,20.19,,0,0
1213201837,1,242,24,270,21.19,,0,0
1213202737,1,242,108,253,21.19,,0,0
1213203637,1,242,159,267,20.94,,0,0
1213204537,1,237,120,226,20.06,,0,0
1213205436,0,230,180,277,19.25,,0,0
1213206336,1,231,0,347,19.19,,0,0
1213207236,1,204,36,325,18.63,,0,0
1213208136,0,202,93,233,18.63,,0,0
1213209036,1,208,21,309,18.44,,0,0
1213209936,1,187,12,267,18.31,,0,0
1213210836,1,190,84,56,18,,0,0
1213211736,1,185,9,292,17.75,,0,0
1213212636,1,126,159,302,17.56,,0,0
1213213536,1,166,21,260,17.31,,0,0
1213214436,1,156,24,227,17.19,,0,0
1213215336,1,100,36,237,17.19,,0,0
1213216236,1,47,12,305,17,,0,0
1213217136,1,9,0,66,16.94,,0,0
1213218036,1,2,36,264,16.81,,0,0
1213218938,1,2,0,274,16.5,,0,0
1213219838,1,1,0,226,16.38,,0,0
1213220738,1,2,0,229,16.25,,0,0
1213221638,1,2,0,240,16.13,,0,0
1213222538,1,17,0,278,16,,0,0
1213223438,1,43,0,278,15.75,,0,0
1213224338,1,57,0,278,15.75,,0,0
1213225238,1,61,0,278,15.69,,0,0
1213226138,1,105,48,278,15.63,,0,0
1213227038,2,130,48,244,14.25,,0,0
1213227938,42,28,39,278,13,,0,0
1213228838,39,47,0,164,12.25,,0,0
1213229738,76,5,3,203,11.88,,0,0
1213231538,21,26,0,275,11.5,,0,0
1213232438,28,4,0,275,11.25,,0,0
1213233338,26,7,84,275,11.38,,0,0
1213234237,25,7,0,275,11.38,,0,0
1213235137,32,8,0,256,11.06,,0,0
1213236037,39,11,0,284,11,,0,0
1213236937,33,8,0,288,10.94,,0,0
1213237837,33,8,18,281,10.88,,0,0
1213238737,38,10,0,281,10.94,,0,0
1213239637,35,9,15,289,11.06,,0,0
1213240537,35,19,0,289,10.81,,0,0
1213241437,40,31,0,289,11,,0,0
1213242337,41,46,48,270,10.81,,0,0
1213243237,32,111,0,282,10.69,,0,0
1213244137,31,100,0,278,10.75,,0,0
1213245037,29,140,0,244,10.63,,0,0
1213245937,41,184,0,256,10.69,,0,0
1213246837,39,207,3,232,10.56,,0,0
1213247737,36,220,18,227,10.88,,0,0
1213248637,37,228,51,244,11,,0,0
1213249537,40,224,30,268,10.81,,0,0
1213250436,41,234,0,282,10.81,,0,0
1213251337,48,243,57,289,12.56,,0,0
1213252236,49,243,108,265,12.56,,0,0
1213253136,49,249,63,243,15,,0,0
1213254036,51,242,33,217,12.69,,0,0
1213254936,47,236,0,344,11.94,,0,0
1213255836,49,242,39,272,13.63,,0,0
1213256736,47,242,27,287,12.94,,0,0
1213258536,23,242,0,332,13.06,,0,0
1213259436,19,243,45,244,14.19,,0,0
1213260336,22,242,153,219,13.44,,0,0
1213262136,17,249,87,223,16.5,,0,0
1213263035,16,251,15,212,19.94,,0,0
1213263935,13,242,108,220,17.19,,0,0
1213264835,17,243,0,346,14.75,,0,0
1213265735,15,235,12,195,14.56,,0,0
1213266635,9,251,105,284,19.63,,0,0
1213267535,8,245,12,44,15.69,,0,0
1213268435,5,250,15,226,17.81,,0,0
1213270235,5,246,60,263,17.5,,0,0
1213272035,5,248,90,32,19.56,,0,0
1213272935,5,244,51,167,17.44,,0,0
1213273835,5,241,36,319,15.88,,0,0
1213274735,4,235,12,353,15.75,,0,0
1213275635,4,228,54,195,14.63,,0,0
1213276535,5,242,0,107,15.44,,0,0
1213278335,13,210,15,14,13.19,,0,0
1213280134,14,244,0,319,14.75,,0,0
1213281034,10,245,78,184,16.31,,0,0
1213284634,37,218,12,48,11.94,,0,0
1213285534,36,245,9,48,14.44,,0,0
1213286434,17,244,18,48,15.31,,0,0
1213287334,15,242,0,181,14.94,,0,0
1213288234,15,242,96,346,15.38,,0,0
1213290034,15,218,0,344,14.19,,0,0
1213291834,12,215,0,256,13.69,,0,0
1213293633,5,235,6,248,14.38,,0,0
1213295433,5,228,0,306,14.38,,0,0
1213297233,5,202,57,304,13.81,,0,0
1213299033,5,215,0,329,13.38,,0,0
1213300833,5,154,30,227,13.19,,0,0
1213302633,5,77,9,313,12.13,,0,0
1213303533,5,24,0,313,11.25,,0,0
1213304433,5,6,0,313,10.75,,0,0
1213306235,5,1,0,313,9.94,,0,0
1213308035,5,2,0,313,10.69,,0,0
1213308935,5,3,0,313,11.25,,0,0
1213309835,5,1,0,344,10.88,,0,0
1213311635,3,3,6,344,10.56,,0,0
1213313435,4,202,0,344,9,,0,0
1213315235,4,202,0,346,7.25,,0,0
1213316135,4,202,0,346,6.31,,0,0
1213317035,5,202,0,344,7,,0,0
1213317935,6,202,0,344,7,,0,0
1213318835,7,201,0,344,7.31,,0,0
1213319735,8,203,0,344,8.56,,0,0
1213320635,8,202,0,344,9.19,,0,0
1213321536,7,204,0,344,9.25,,0,0
1213323335,7,204,0,344,8.94,,0,0
1213325135,7,203,0,344,9,,0,0
1213326935,7,204,0,344,8.69,,0,0
1213327835,7,206,0,344,8.88,,0,0
1213328735,7,211,0,346,9.06,,0,0
1213329635,6,219,0,344,7.38,,0,0
1213330535,6,224,0,344,7.63,,0,0
1213332335,7,234,0,346,9.19,,0,0
1213333235,6,237,0,344,8.56,,0,0
1213334135,6,242,0,344,10.69,,0,0
1213335035,6,232,0,344,10.69,,0,0
1213335935,6,236,0,344,11.13,,0,0
1213337734,5,240,30,274,10.94,,0,0
1213338634,5,240,30,288,11.94,,0,0
1213339534,5,242,33,275,13,,0,0
1213341334,5,241,0,253,13.06,,0,0
1213342234,5,246,0,268,15.25,,0,0
1213343134,5,244,0,268,14.63,,0,0
1213344034,6,246,0,264,16.19,,0,0
1213344934,6,249,198,229,16.56,,0,0
1213345834,5,245,0,274,15.25,,0,0
1213346734,5,245,57,258,21.19,,0,0
1213348534,4,249,126,281,16.5,,0,0
1213349434,4,242,126,284,15.56,,0,0
1213352133,5,247,15,256,17.88,,0,0
1213353933,5,244,36,247,16.94,,0,0
1213355733,6,248,195,282,20.44,,0,0
1213357533,3,247,15,232,20.31,,0,0
1213358433,3,247,42,226,19.13,,0,0
1213359333,4,250,171,318,22.31,,0,0
1213360233,4,247,3,270,20.38,,0,0
1213361133,4,246,159,232,18.69,,0,0
1213362933,4,246,39,168,20.56,,0,0
1213363833,4,247,144,239,22.69,,0,0
1213364733,4,245,42,226,17.75,,0,0
1213365632,4,250,33,256,22.19,,0,0
1213366532,4,250,144,227,21.5,,0,0
1213367432,4,246,165,239,20.06,,0,0
1213368332,4,246,168,271,20,,0,0
1213369232,4,244,144,234,19.19,,0,0
1213370132,3,246,90,282,19.38,,0,0
1213371032,4,246,198,241,18.56,,0,0
1213371932,4,244,0,336,20,,0,0
1213372832,4,242,27,251,17.81,,0,0
1213373732,7,241,0,247,17.38,,0,0
1213374632,7,240,18,247,17.31,,0,0
1213375532,7,245,9,226,18.5,,0,0
1213376432,8,244,237,264,19.31,,0,0
1213377332,8,240,78,226,18.38,,0,0
1213378232,8,238,0,246,17.88,,0,0
1213379132,8,232,144,272,16.31,,0,0
1213380031,7,225,108,226,15.94,,0,0
1213380931,7,214,0,241,15.56,,0,0
1213381831,7,206,0,243,15.19,,0,0
1213382731,7,208,36,230,15,,0,0
1213383631,7,206,3,28,14.69,,0,0
1213384531,7,203,0,315,14.5,,0,0
1213385431,7,194,45,268,14.31,,0,0
1213386331,7,176,105,268,14.06,,0,0
1213387231,7,120,66,236,13.94,,0,0
1213388131,7,90,9,251,13.69,,0,0
1213389031,7,41,63,226,13.56,,0,0
1213389931,7,24,9,226,13.44,,0,0
1213390831,7,193,0,230,13.25,,0,0
1213391732,7,193,21,212,13.19,,0,0
1213392632,7,193,99,237,13.13,,0,0
1213393532,6,193,0,229,12.69,,0,0
1213394432,7,193,0,230,12.38,,0,0
1213395332,7,192,0,232,12.44,,0,0
1213396232,7,190,0,237,12.13,,0,0
1213397132,7,190,0,227,12.38,,0,0
1213398032,6,190,0,250,12.13,,0,0
1213398932,7,36,0,251,12.31,,0,0
1213399831,7,172,6,232,12.44,,0,0
1213400734,7,171,0,226,12.25,,0,0
1213401631,7,170,0,226,11.75,,0,0
1213402531,6,172,0,226,11.5,,0,0
1213403431,6,171,0,226,11.38,,0,0
1213404331,6,2,0,229,11.31,,0,0
1213405231,6,3,0,229,11.13,,0,0
1213406131,6,3,24,230,11.31,,0,0
1213407032,5,26,0,230,11,,0,0
1213407931,7,38,21,226,11.5,,0,0
1213408831,7,36,3,250,11.44,,0,0
1213409731,7,82,114,226,11.25,,0,0
1213410631,7,57,18,226,11.06,,0,0
1213411531,7,60,0,230,10.69,,0,0
1213412431,7,69,3,230,10.88,,0,0
1213413331,7,71,0,230,10.94,,0,0
1213414231,7,93,0,260,10.81,,0,0
1213415131,7,146,144,232,10.88,,0,0
1213416031,7,188,0,226,10.75,,0,0
1213416930,7,209,6,226,10.56,,0,0
1213417830,7,220,0,261,10.44,,0,0
1213418730,7,228,48,256,10.94,,0,0
1213419630,7,233,42,233,10.94,,0,0
1213420530,7,235,0,226,11.25,,0,0
1213421430,7,240,108,232,11.88,,0,0
1213422330,7,240,54,229,12.5,,0,0
1213423230,8,244,78,230,12.75,,0,0
1213424130,8,242,0,230,13.44,,0,0
1213425030,7,241,12,257,12.81,,0,0
1213425930,7,242,12,253,12.94,,0,0
1213426830,8,244,78,224,13.38,,0,0
1213427730,8,247,0,226,15.06,,0,0
1213428630,8,246,93,229,15.69,,0,0
1213429530,8,245,0,226,16.44,,0,0
1213430429,9,250,12,277,17.5,,0,0
1213431329,9,249,15,328,18.63,,0,0
1213432229,9,248,18,284,18.19,,0,0
1213433129,8,244,0,256,16.06,,0,0
1213434029,9,244,228,323,17,,0,0
1213434929,9,246,198,287,19.38,,0,0
1213435829,4,244,285,267,17.38,,0,0
1213436732,4,250,180,250,20.75,,0,0
1213437629,4,250,0,263,21.56,,0,0
1213438529,4,250,60,250,22.44,,0,0
1213439429,5,250,57,265,24.56,,0,0
1213440329,5,250,6,246,21.19,,0,0
1213441229,5,250,84,226,24.06,,0,0
1213442129,4,245,75,265,21.81,,0,0
1213443029,4,250,21,250,26.56,,0,0
1213443928,5,250,30,243,26.69,,0,0
1213444828,4,242,3,200,19.63,,0,0
1213445728,5,250,258,229,22.94,,0,0
1213446628,5,250,36,203,25.63,,0,0
1213447528,4,243,198,275,22.25,,0,0
1213448431,5,250,0,227,27.25,,0,0
1213449328,5,250,99,226,26.19,,0,0
1213450229,4,246,0,268,23.75,,0,0
1213451128,4,250,24,265,23,,0,0
1213452028,5,250,15,258,23.31,,0,0
1213452929,4,244,117,250,20.75,,0,0
1213453828,4,241,54,243,19.06,,0,0
1213454731,4,238,0,250,19.44,,0,0
1213455628,4,240,0,306,19.63,,0,0
1213456528,4,243,0,267,21.13,,0,0
1213457429,4,238,138,254,19.31,,0,0
1213458327,4,242,18,102,20.38,,0,0
1213459230,5,248,72,99,24.25,,0,0
1213460127,5,247,96,200,25.75,,0,0
1213461027,4,242,93,224,20.94,,0,0
1213461927,4,238,90,233,19.5,,0,0
1213462827,4,239,0,256,19.31,,0,0
1213463730,4,238,84,155,19.56,,0,0
1213464627,4,234,0,320,18.88,,0,0
1213465527,4,229,99,267,18.06,,0,0
1213466427,4,231,0,227,17.94,,0,0
1213467327,4,224,141,243,17.5,,0,0
1213468227,4,214,0,263,17.38,,0,0
1213469130,4,201,78,304,16.81,,0,0
1213470027,18,168,30,258,14.88,,0,0
1213470927,43,188,102,248,13.94,,0,0
1213471828,28,197,0,250,13.5,,0,0
1213472727,22,175,0,133,13.44,,0,0
1213473627,22,148,0,226,13.13,,0,0
1213474527,29,114,0,79,13.5,,0,0
1213475426,17,63,0,188,13.25,,0,0
1213476326,10,20,0,206,13,,0,0
1213477226,5,5,18,171,13.06,,0,0
1213478132,5,3,0,233,12.94,,0,0
1213479029,5,2,24,244,13.38,,0,0
1213479930,4,3,72,294,13,,0,0
1213480829,4,9,0,68,13.13,,0,0
1213481729,4,9,3,226,12.75,,0,0
1213482629,4,18,0,284,12.94,,0,0
1213483530,4,19,0,275,12.63,,0,0
1213484429,4,11,45,229,13.06,,0,0
1213485332,5,20,81,254,13.13,,0,0
1213486229,5,27,51,244,13.06,,0,0
1213487129,4,19,0,233,12.63,,0,0
1213488029,5,18,0,226,12.75,,0,0
1213488929,5,16,0,272,12.5,,0,0
1213489829,5,17,0,272,12.5,,0,0
1213490729,5,15,6,272,12.38,,0,0
1213491630,5,15,0,272,12.25,,0,0
1213492529,5,16,0,271,11.75,,0,0
1213493431,5,24,0,233,11.88,,0,0
1213494328,5,19,0,237,11.81,,0,0
1213495231,5,59,0,237,11.69,,0,0
1213496128,5,36,0,237,11.5,,0,0
1213497028,5,17,0,239,11.81,,0,0
1213497928,5,7,0,318,11.69,,0,0
1213498828,4,27,0,226,10.56,,0,0
1213499728,4,55,0,278,10.25,,0,0
1213500631,4,101,0,280,9.25,,0,0
1213501528,5,155,0,280,9.63,,0,0
1213502428,4,188,0,280,8.94,,0,0
1213503328,4,208,0,280,9.56,,0,0
1213504228,5,216,0,280,10.81,,0,0
1213505128,5,221,0,280,9.44,,0,0
1213506028,5,237,0,280,11.94,,0,0
1213506928,5,240,0,280,12.94,,0,0
1213507828,5,242,0,280,14.63,,0,0
1213508728,5,238,0,226,12.44,,0,0
1213509630,5,246,18,325,14.81,,0,0
1213510527,5,238,0,227,12.31,,0,0
1213511430,5,247,6,226,15.69,,0,0
1213512327,5,247,96,226,15.5,,0,0
1213513227,6,248,0,233,16.5,,0,0
1213514127,6,248,0,282,17.44,,0,0
1213515027,7,248,36,247,18.19,,0,0
1213515927,7,249,0,248,17,,0,0
1213516830,7,249,0,237,19.75,,0,0
1213517727,6,249,78,270,18.94,,0,0
1213518630,7,250,12,226,20.06,,0,0
1213519527,7,250,0,215,22.31,,0,0
1213520430,7,250,114,284,20.56,,0,0
1213521327,7,250,246,230,20.81,,0,0
1213522227,8,250,6,236,21.75,,0,0
1213523126,7,250,93,257,20.63,,0,0
1213524026,8,250,45,236,23.75,,0,0
1213524929,9,250,3,250,24.38,,0,0
1213525826,8,251,111,224,22.63,,0,0
1213527626,7,245,129,261,21.5,,0,0
1213528529,8,246,0,233,23.06,,0,0
1213529426,6,242,33,226,19.06,,0,0
1213530326,7,243,30,236,19.5,,0,0
1213531226,7,242,39,289,18.81,,0,0
1213532126,9,250,3,226,25.88,,0,0
1213533026,7,241,117,316,18.94,,0,0
1213533926,7,244,57,256,19.88,,0,0
1213534826,7,244,201,285,18.75,,0,0
1213535726,7,243,81,284,18.5,,0,0
1213536626,7,244,3,184,19.31,,0,0
1213537525,8,247,18,226,19.75,,0,0
1213538425,9,250,123,226,21.63,,0,0
1213539325,9,245,0,226,24.81,,0,0
1213540225,8,243,15,224,22.31,,0,0
1213541125,9,250,0,261,26.06,,0,0
1213542025,8,243,96,278,21.5,,0,0
1213542925,8,241,36,212,19.5,,0,0
1213543825,8,244,0,248,20.63,,0,0
1213544725,9,248,96,224,21.94,,0,0
1213545625,9,244,0,265,20.94,,0,0
1213546525,9,245,6,294,23.63,,0,0
1213547425,9,246,141,226,20.31,,0,0
1213548326,9,243,0,210,23.88,,0,0
1213549225,9,243,6,226,22.69,,0,0
1213550125,9,239,12,275,20.38,,0,0
1213551024,9,243,0,224,20.75,,0,0
1213551924,9,241,84,226,20.56,,0,0
1213552826,9,232,24,232,18.44,,0,0
1213553726,9,232,21,175,18,,0,0
1213554626,9,219,60,326,17.56,,0,0
1213555526,10,228,30,323,17.38,,0,0
1213556426,9,215,0,226,16.88,,0,0
1213557326,9,214,36,277,16.5,,0,0
1213558226,10,206,42,226,16.38,,0,0
1213559126,9,184,18,239,16,,0,0
1213560025,9,140,15,224,15.75,,0,0
1213560925,10,96,0,322,15.56,,0,0
1213561825,10,37,81,322,15.44,,0,0
1213562725,10,11,0,227,15.56,,0,0
1213563625,10,3,84,264,14.75,,0,0
1213564526,10,1,0,265,13.75,,0,0
1213565426,3,1,0,265,13.19,,0,0
1213566326,4,1,12,161,14.25,,0,0
1213567225,3,1,30,128,13.75,,0,0
1213568125,4,1,24,130,13.63,,0,0
1213569025,8,1,15,175,12.81,,0,0
1213569925,9,0,0,158,12.75,,0,0
1213570825,9,0,0,158,11.19,,0,0
1213571725,9,1,36,160,10.88,,0,0
1213572625,9,0,0,158,10.63,,0,0
1213573525,9,1,0,160,10.5,,0,0
1213574425,9,1,0,160,9.5,,0,0
1213575326,10,0,0,160,10.38,,0,0
1213576225,10,1,0,160,10,,0,0
1213577125,9,0,0,158,9.69,,0,0
1213578025,10,0,0,158,9.56,,0,0
1213578925,10,1,0,158,8.75,,0,0
1213579825,11,1,0,160,8.63,,0,0
1213580725,11,1,0,160,8.44,,0,0
1213581625,10,0,0,158,8.38,,0,0
1213582525,12,1,0,158,8.13,,0,0
1213583424,12,1,0,160,8,,0,0
1213584324,12,1,0,158,8.25,,0,0
1213585225,12,7,0,158,8.13,,0,0
1213586124,13,32,0,160,7.63,,0,0
1213587024,13,92,0,160,7.94,,0,0
1213587924,13,147,0,160,7.5,,0,0
1213588824,15,186,3,160,7.69,,0,0
1213589724,16,203,0,158,7.94,,0,0
1213590624,16,216,0,158,8.94,,0,0
1213591524,16,230,6,158,9.38,,0,0
1213592424,15,235,0,157,10,,0,0
1213593324,14,240,60,150,11.38,,0,0
1213594224,13,243,6,151,12.81,,0,0
1213595124,10,243,51,123,12.75,,0,0
1213596024,11,246,0,112,15,,0,0
1213596924,10,246,60,107,13.94,,0,0
1213597824,10,246,12,124,15.63,,0,0
1213598723,5,247,186,116,15.88,,0,0
1213599623,5,248,0,119,16.75,,0,0
1213600523,9,248,57,82,18.75,,0,0
1213601423,9,249,72,102,19.06,,0,0
1213602323,9,246,27,79,16.56,,0,0
1213603223,10,249,0,97,20.88,,0,0
1213604123,9,249,24,112,20.06,,0,0
1213605023,11,250,18,131,24.38,,0,0
1213605923,9,243,129,169,17.94,,0,0
1213606823,9,244,0,150,21.56,,0,0
1213607723,11,250,9,131,24.94,,0,0
1213608623,9,246,108,92,20.13,,0,0
1213609523,10,250,66,113,23.63,,0,0
1213610423,9,245,39,208,20.94,,0,0
1213611323,9,244,0,224,22.06,,0,0
1213612222,9,243,0,28,20,,0,0
1213613122,9,246,12,257,19.38,,0,0
1213614022,12,251,150,99,26.75,,0,0
1213614922,10,244,30,154,22.19,,0,0
1213615822,10,242,0,224,19.63,,0,0
1213619422,13,250,69,86,30,,0,0
1213620322,13,250,165,302,29.75,,0,0
1213621222,11,246,177,120,22.69,,0,0
1213622122,11,243,0,217,20.94,,0,0
1213623022,11,242,0,117,20.19,,0,0
1213623922,11,241,0,325,20.31,,0,0
1213624822,11,230,78,95,18.5,,0,0
1213625722,11,224,141,79,17.56,,0,0
1213626622,9,225,3,110,17.06,,0,0
1213627521,12,230,9,116,17.38,,0,0
1213628421,12,236,0,154,17.75,,0,0
1213629324,13,244,201,161,18.88,,0,0
1213630221,12,248,174,172,22.5,,0,0
1213631121,12,247,51,119,21.75,,0,0
1213636521,11,235,207,185,16.25,,128,5
1213637421,11,232,105,130,15.44,,128,5
1213638321,12,230,60,182,15.63,,128,5
1213639221,12,240,0,178,18.06,,128,5
1213640121,13,239,15,141,19.38,,128,5
1213641021,12,232,0,171,17,,128,5
1213641920,12,225,0,206,15.75,,128,5
1213642820,12,226,0,202,15.81,,128,5
1213643720,12,222,0,203,15.5,,128,5
1213644620,12,204,0,117,14.63,,128,5
1213645520,12,178,0,117,14.19,,128,5
1213646420,12,145,0,119,14.25,,128,5
1213647320,12,101,42,169,14.25,,128,5
1213648220,12,49,0,151,14.38,,128,5
1213649120,12,18,0,161,13.81,,128,5
1213650020,12,3,3,147,12.81,,128,5
1213650923,12,1,0,150,12.75,,128,5
1213651823,12,0,27,164,12.19,,128,5.02
1213652722,12,0,75,155,12,,128,5.02
1213653622,13,0,60,161,11.56,,128,5.02
1213654522,13,1,27,172,11.63,,128,5.02
1213655422,12,0,21,174,11.31,,128,5.02
1213656322,12,0,87,165,11.44,,128,5.02
1213657222,12,0,18,167,11.25,,128,5.02
1213658122,12,0,9,164,11.19,,128,5.02
1213659022,12,0,30,158,11.19,,128,5.02
1213659922,12,0,24,144,11.63,,128,5.02
1213660822,12,0,72,160,11.69,,128,5.02
1213661722,12,1,15,179,11.44,,128,5.02
1213662622,12,1,21,179,11.63,,128,5.02
1213663522,12,0,0,178,11.75,,128,5.02
1213664422,13,1,9,168,11.88,,128,5.02
1213665322,13,1,156,186,11.88,,128,5.02
1213666222,13,0,72,179,11.81,,128,5.02
1213667122,13,1,0,179,11.69,,128,5.02
1213668021,13,1,0,179,11.44,,128,5.02
1213668921,13,1,0,120,11.63,,128,5.02
1213669821,13,1,0,120,11.38,,128,5.02
1213670721,12,1,0,120,10.63,,128,5.02
1213671621,13,4,0,120,10.63,,128,5.02
1213672521,13,21,0,169,10.69,,128,5.02
1213673421,12,72,0,158,10.38,,128,5.02
1213674321,12,126,0,161,10,,128,5.02
1213675221,12,174,0,161,9.56,,128,5.02
1213676121,12,205,0,161,8.94,,128,5.02
1213677021,14,214,0,161,9.81,,128,5.02
1213677921,13,220,0,161,9.5,,128,5.02
1213678821,13,226,0,161,9.69,,128,5.02
1213679721,14,236,0,162,11.75,,128,5.02
1213680621,15,243,0,162,14.5,,128,5.02
1213681521,15,239,0,143,14.81,,128,5.02
1213682421,14,239,0,143,13.25,,128,5.02
1213683320,13,245,0,161,16.69,,128,5.02
1213684220,13,246,6,155,18.25,,128,5.02
1213685120,13,247,0,158,19.25,,128,5.02
1213686020,13,247,0,179,19.06,,128,5.02
1213686920,13,247,0,155,19.13,,128,5.02
1213687820,13,248,0,182,21.38,,128,5.02
1213688720,13,249,0,167,22.25,,128,5.02
1213689620,13,249,6,226,21.06,,128,5.02
1213690520,13,249,3,138,23,,128,5.02
1213691420,15,249,0,196,23.81,,128,5.02
1213692320,15,249,24,140,24.19,,128,5.02
1213693220,15,249,0,168,23.88,,128,5.02
1213694120,16,250,57,169,25.13,,128,5.02
1213695020,15,250,75,192,23.13,,128,5.02
1213695920,15,250,0,158,24.63,,128,5.02
1213696819,16,250,48,181,26.25,,128,5.02
1213697719,15,250,60,178,25.56,,128,5.02
1213698619,15,250,36,203,25,,128,5.02
1213699519,15,246,0,256,22.63,,128,5.02
1213700419,17,249,135,28,26.06,,128,5.02
1213701319,15,246,0,178,24.19,,128,5.02
1213702219,16,247,0,268,23.63,,128,5.02
1213703119,17,248,24,167,25.44,,128,5.02
1213704019,16,246,0,224,24.44,,128,5.02
1213704919,18,250,0,172,27.25,,128,5.02
1213705819,17,250,27,342,25.63,,128,5.02
1213706719,19,250,0,131,29.44,,128,5.02
1213707619,18,250,0,92,27.38,,128,5.02
1213708519,17,250,60,171,28.5,,128,5.02
1213709419,16,250,93,185,28.38,,128,5.02
1213710318,17,250,111,167,30.38,,128,5.02
1213711218,17,250,48,219,30.25,,128,5.02
1213712118,16,250,48,171,28.5,,128,5.02
1213713018,15,249,15,198,27.19,,128,5.02
1213713919,3,240,15,164,23.75,,128,5.02
1213714818,3,239,6,179,22.44,,128,5.02
1213715718,3,243,27,147,26.06,,128,5.02
1213716618,3,249,27,191,22.81,,128,5.02
1213717518,4,243,39,233,26,,128,5.02
1213718418,14,248,12,141,26.19,,128,5.02
1213719318,13,238,30,181,22.25,,128,5.02
1213720218,13,243,0,145,23.75,,128,5.02
1213721118,15,246,3,154,25.19,,128,5.02
1213722018,14,244,30,164,24.06,,128,5.02
1213722918,14,242,0,168,22.88,,128,5.02
1213723818,14,242,3,184,22.38,,128,5.02
1213724718,15,241,24,48,23.31,,128,5.02
1213725617,15,239,6,302,22.06,,128,5.02
1213726517,14,235,174,161,20.88,,128,5.02
1213727417,14,229,0,85,18.5,,128,5.02
1213728317,14,221,48,155,17.31,,128,5.02
1213729217,13,212,3,185,16.69,,128,5.02
1213730117,14,203,6,110,16.81,,128,5.02
1213731017,14,176,0,209,16.75,,128,5.02
1213731917,14,159,0,326,16.63,,128,5.02
1213732817,14,173,12,256,15.88,,128,5.02
1213733717,14,130,36,270,14.81,,128,5.02
1213734617,13,75,0,261,14.19,,128,5.02
1213735517,13,24,0,261,13.88,,128,5.02
1213736417,13,5,0,272,13.94,,128,5.02
1213737320,13,1,0,264,13.69,,128,5.02
1213738219,13,1,0,350,13.25,,128,5.02
1213739119,13,0,0,350,12.75,,128,5.02
1213740019,14,0,3,1,12.38,,128,5.02
1213741819,14,0,0,27,12.19,,128,5.02
1213742719,14,1,0,141,11.94,,128,5.02
1213743619,14,0,0,212,12.06,,128,5.02
1213744519,13,1,33,174,12.06,,128,5.02
1213745419,14,0,6,182,11.81,,128,5.02
1213746319,14,0,48,176,11.94,,128,5.02
1213747219,15,0,0,158,11.75,,128,5.02
1213748119,15,1,9,162,11.5,,128,5.02
1213749020,14,0,72,167,11.38,,128,5.02
1213750819,14,0,6,151,11.13,,128,5.02
1213751721,14,0,0,212,11,,128,5.02
1213752619,15,0,0,8,11.19,,128,5.02
1213753518,15,0,0,339,10.94,,128,5.02
1213754418,15,0,18,349,11.25,,128,5.02
1213755318,15,0,3,82,11.31,,128,5.02
1213756218,17,0,0,161,11.13,,128,5.02
1213757118,17,1,15,165,10.94,,128,5.02
1213758018,17,5,21,150,10.94,,128,5.02
1213758918,17,28,0,178,11.25,,128,5.02
1213759818,17,77,9,148,11.81,,128,5.02
1213760718,17,128,0,140,12.06,,128,5.02
1213761618,17,176,42,175,12.31,,128,5.02
1213762518,17,195,42,226,12.56,,128,5.02
1213763418,17,207,6,164,12.56,,128,5.02
1213764318,17,221,0,168,12.75,,128,5.02
1213765218,17,230,6,195,13.06,,128,5.02
1213766118,17,235,60,172,13.44,,128,5.02
1213767018,17,232,0,178,13.63,,128,5.02
1213767917,17,236,78,181,14.31,,128,5.02
1213768817,17,235,0,226,14.75,,128,5.02
1213769717,17,235,0,110,14.94,,128,5.02
1213770617,17,235,0,224,14.88,,128,5.02
1213771517,17,235,51,59,15.13,,128,5.02
1213772417,17,238,3,107,15.75,,128,5.02
1213773317,17,240,0,203,16.25,,128,5.02
1213774217,17,242,0,167,16.63,,128,5.02
1213775117,17,243,0,178,17.75,,128,5.02
1213776017,17,236,3,203,16.75,,128,5.02
1213776917,16,244,135,339,17.88,,128,5.02
1213777817,16,245,117,128,18.06,,128,5.02
1213778717,16,243,3,155,18.69,,128,5.02
1213779617,16,242,36,220,17.81,,128,5.02
1213780517,16,241,9,157,17.94,,128,5.02
1213781416,18,240,42,226,17.5,,128,5.02
1213782316,15,243,6,112,17.81,,128,5.02
1213783216,14,247,0,167,20.06,,128,5.02
1213784116,15,243,33,11,18.63,,128,5.02
1213785017,15,245,30,203,19.25,,128,5.02
1213785916,14,246,90,340,19.63,,128,5.02
1213786816,15,246,0,38,21.06,,128,5.02
1213787716,15,245,78,167,21,,128,5.02
1213788616,14,246,57,179,19.38,,128,5.02
1213789516,14,245,18,195,20.06,,128,5.02
1213790416,14,249,168,158,21.81,,128,5.02
1213791316,13,241,0,168,20.38,,128,5.02
1213792216,14,247,171,109,22.44,,128,5.02
1213793116,13,245,21,144,19.63,,128,5.02
1213794016,13,240,132,143,17.94,,128,5.02
1213794916,13,245,27,189,19.19,,128,5.02
1213795815,13,243,27,160,19.94,,128,5.02
1213796715,14,246,33,3,20.13,,128,5.02
1213797615,14,245,39,212,19.63,,128,5.02
1213798515,13,243,24,93,18.69,,128,5.02
1213799415,13,243,27,150,18.94,,128,5.02
1213800315,15,246,84,175,21.13,,128,5.02
1213801215,15,246,93,155,20.5,,128,5.02
1213802115,14,244,30,296,19.94,,128,5.02
1213803015,15,243,12,178,19.88,,128,5.02
1213803915,14,242,132,11,19.06,,128,5.02
1213804815,14,241,0,167,18.81,,128,5.02
1213805715,14,236,6,233,18.56,,128,5.02
1213806615,14,237,12,329,17.88,,128,5.02
1213807515,14,238,9,168,17.69,,128,5.02
1213808415,14,237,24,24,17.69,,128,5.02
1213809315,14,236,42,1,17.44,,128,5.02
1213810215,14,235,60,184,17.06,,128,5.02
1213811114,14,235,0,174,17.13,,128,5.02
1213812014,14,230,3,342,16.94,,128,5.02
1213812914,14,226,0,356,16.69,,128,5.02
1213813814,14,226,27,192,16.56,,128,5.02
1213814714,14,225,30,175,16.5,,128,5.02
1213815614,13,222,0,224,16.31,,128,5.02
1213816514,14,215,153,174,16.25,,128,5.02
1213817414,14,204,0,164,16.06,,128,5.02
1213818314,14,168,15,175,15.81,,128,5.02
1213819214,15,140,21,181,15.63,,128,5.02
1213820114,15,93,0,172,15.44,,128,5.02
1213821014,15,40,27,171,15.31,,128,5.02
1213821914,15,10,21,198,15.38,,128,5.02
1213822814,15,4,0,240,15.13,,128,5.02
1213823714,15,1,99,172,14.81,,128,5.02
1213824617,15,1,3,168,14.75,,128,5.02
1213825517,15,1,60,174,14.81,,128,5.02
1213826417,15,1,135,158,14.38,,128,5.02
1213827317,15,1,12,162,14.44,,128,5.02
1213828217,15,0,87,158,14.13,,128,5.02
1213829117,15,0,9,210,14.06,,128,5.02
1213830017,15,0,48,172,14.38,,128,5.02
1213830916,15,0,93,11,14.44,,128,5.02
1213831816,15,0,21,157,14.69,,128,5.02
1213832716,15,0,0,93,14.38,,128,5.02
1213833616,15,1,99,208,14.5,,128,5.02
1213834516,20,1,48,224,13.81,,128,5.02
1213835416,7,1,30,189,14.25,,128,5.02
1213836316,7,1,15,148,14.25,,128,5.02
1213837216,6,1,93,215,13.81,,128,5.02
1213838116,15,0,111,133,13,,128,5.02
1213839016,13,0,84,182,13.25,,128,5.02
1213839916,13,1,135,154,13.44,,128,5.02
1213840816,13,1,108,178,13.06,,128,5.02
1213841716,23,1,120,167,13.13,,128,5.02
1213842616,24,1,15,179,13.13,,128,5.02
1213843516,25,1,252,318,13.25,,128,5.02
1213844416,28,2,57,212,13.31,,128,5.02
1213845316,26,11,99,288,13.44,,128,5.02
1213846215,20,41,6,75,13.56,,128,5.02
1213847115,25,72,54,226,13.75,,128,5.02
1213848015,29,99,27,171,13.88,,128,5.02
1213848915,33,151,12,116,14.06,,128,5.02
1213849815,36,188,9,198,14.19,,128,5.02
1213850715,64,203,30,168,14.19,,128,5.02
1213851615,67,200,45,198,14.25,,128,5.02
1213852515,68,226,0,267,14.44,,128,5.02
1213853415,67,226,0,254,14.38,,128,5.02
1213854315,5,241,0,277,16,,128,5.02
1213855215,1,247,183,306,18.38,,128,5.02
1213856115,1,241,108,233,16.38,,128,5.02
1213857015,1,241,75,233,16.06,,128,5.02
1213857915,1,248,27,226,18.63,,128,5.02
1213858815,1,246,156,224,17.75,,128,5.02
1213859715,1,246,87,294,18.38,,128,5.02
1213860614,1,249,219,359,19.13,,128,5.02
1213861514,2,249,234,270,18.94,,128,5.02
1213862414,2,249,423,244,20.44,,128,5.02
1213863314,2,240,87,265,17.44,,128,5.02
1213864214,2,244,69,325,19.19,,128,5.02
1213865114,3,250,162,256,21.38,,128,5.02
1213866014,2,246,117,337,19.75,,128,5.02
1213866914,3,250,165,230,20.56,,128,5.02
1213867814,2,244,135,254,18.81,,128,5.02
1213868714,3,250,315,302,20.94,,128,5.02
1213869614,3,244,240,247,21.19,,128,5.02
1213870514,4,250,12,224,22,,128,5.02
1213871414,3,242,72,220,19.06,,128,5.02
1213872314,4,251,15,212,22.94,,128,5.02
1213873214,4,250,117,260,23.81,,128,5.02
1213874113,4,249,261,174,22.81,,128,5.02
1213875013,2,250,240,289,23.31,,128,5.02
1213875913,2,250,51,188,26.38,,128,5.02
1213948098,0,154,0,164,21.25,,0,5.03
1213948423,0,148,0,80,21.31,,0,5.03
1213948563,0,150,0,80,21.31,,0,4.99
1213948703,0,147,0,350,21.31,,0,4.99
1213948893,0,150,0,350,21.38,,0,4.99
1213949422,0,145,0,350,21.38,,0,5.03
1213949450,0,154,0,164,21.25,,0,5.03
1213949480,0,154,0,164,21.25,,50,5.03
1213949499,0,154,0,164,21.25,,50,5.03
1213949509,0,154,0,164,21.25,,50,5.03
1213949539,0,154,0,164,21.25,,250,5.03
1213949831,0,153,0,350,21.44,,0,5.03
1213950394,0,135,0,11,21.5,,0,5.03
1213950599,0,133,0,11,21.5,,0,5.03
1213950826,0,144,0,11,21.44,,0,4.99
1213951066,0,144,0,11,21.5,,0,5.03
1213951491,0,162,0,49,21.63,,0,4.99
1213951923,0,182,0,49,21.63,,0,5.03
1213953300,0,148,0,65,21.88,,0,5.03
1213953671,0,189,0,66,21.75,,0,5.03
1213954584,0,185,0,66,21.75,,0,4.99
1213955469,0,187,0,66,21.75,,0,5.03
1213956372,0,187,0,66,21.81,,0,4.99
1214208416,0,248,78,275,20.5,,2,4.9
1214209528,0,247,78,265,20.88,,1,4.9
1214209826,0,247,0,270,20.56,,1,4.9
1214210010,0,248,0,256,22.38,,0,4.9
1214210275,0,248,0,226,20.06,,0,4.9
1214216325,0,241,78,227,23.69,,1,4.9
1214216514,0,248,33,226,22.25,,0,4.9
1214217430,0,248,6,270,24.44,,0,4.82
1214218314,0,248,204,229,21.63,,0,4.86
1214219230,0,248,51,261,23.63,,0,4.82
1214220114,0,246,171,212,21.81,,0,4.82
1214221030,0,247,66,215,23.69,,0,4.86
1214226917,0,242,0,226,23.13,,0,4.9
1214227313,0,249,0,251,28.19,,0,4.9
1214228229,0,249,0,267,30.38,,0,4.9
1214229113,0,248,0,280,29.31,,0,4.9
1214230013,0,242,63,229,23.75,,0,5
1214231813,0,248,45,313,27.25,,0,5
1214232713,0,248,0,244,29.63,,0,5
1214233613,0,247,255,268,28.75,,0,5
1214234513,0,241,108,292,28.06,,0,5
1214235430,0,240,0,288,23.44,,0,5
1214236313,0,244,0,239,26.81,,0,5
1214237231,0,242,6,239,25.5,,0,5
1214238113,0,246,96,250,27.94,,0,5
1214239030,0,245,213,240,26,,0,5
1214239913,0,232,0,246,21.94,,0,5
1214240828,0,243,0,220,29.13,,0,5
1214241713,0,243,0,240,26.44,,0,5
1214243513,0,236,0,333,22.44,,0,5
1214244417,0,234,0,227,21.06,,0,5
1214245313,0,232,0,263,20.81,,0,5
1214246216,0,230,0,263,20.81,,0,5
1214247129,0,218,0,263,20.25,,0,5
1214248013,0,218,0,250,19.94,,0,5
1214248917,0,216,0,265,19.5,,1,5
1214249828,0,209,0,250,19.38,,1,5
1214250713,0,179,189,241,18.63,,6,5
1214251615,0,143,0,288,18.31,,9,5
1214252517,0,94,0,189,17.63,,7,5
1214253429,0,48,0,232,17,,9,5
1214254313,0,12,0,224,16.63,,11,5
1214255214,0,2,0,224,15.69,,10,5
1214256119,0,0,0,224,14.5,,9,5
1214257020,0,0,15,224,14.75,,12,5
1214257931,0,0,0,224,13.88,,12,5
1214258816,0,0,0,164,13.69,,13,5
1214259717,0,0,0,165,13.19,,13,5
1214260617,0,0,0,251,13.75,,17,5
1214261518,0,0,0,251,12.69,,14,5
1214262419,0,0,0,251,12.56,,15,5
1214263319,0,0,0,251,12.56,,16,5
1214264219,0,0,0,251,12.63,,17,5
1214265120,0,0,0,226,12.69,,20,5
1214266020,0,0,0,224,12.25,,23,5
1214266921,0,0,0,224,12.88,,27,5
1214267831,0,0,0,224,11.5,,20,5
1214268716,0,0,0,224,11.75,,20,5
1214269616,0,0,0,224,12.19,,31,5
1214270516,0,0,0,224,11.94,,28,5
1214271416,0,0,0,161,10.56,,25,5
1214272317,0,0,0,161,10.63,,24,5
1214273217,0,0,0,161,10.56,,24,5
1214274117,0,0,0,161,10.88,,27,5
1214275017,0,0,0,161,10.94,,32,5
1214275917,0,1,0,161,10.81,,44,5
1214276817,0,9,0,161,10.25,,47,5
1214277717,0,40,0,161,10.25,,49,5
1214278617,0,98,0,161,9.88,,44,5
1214279518,0,155,135,182,10.75,,48,5
1214280418,0,185,84,191,11.31,,33,5
1214281318,0,204,0,160,10.94,,28,5
1214282218,0,223,42,162,12.19,,25,5
1214283118,0,230,0,176,12.56,,21,5
1214284019,0,237,0,161,13.94,,12,5
1214284920,0,234,42,161,14.31,,6,5
1214286716,0,237,3,161,15.63,,3,5
1214287616,0,239,48,161,15.81,,2,5
1214288518,0,242,213,208,16.88,,0,5
1214289420,0,240,57,133,16.56,,0,5
1214290332,0,239,156,157,16.75,,0,5
1214291215,0,247,24,167,20.69,,0,5
1214292118,0,247,39,113,19.88,,0,5
1214293031,0,247,192,185,20.19,,0,5
1214298415,0,248,54,97,23.94,,0,5
1214316414,0,243,57,148,24.81,,0,5
1214320015,0,242,252,172,23.88,,0,5
1214320929,0,244,201,134,23.13,,0,5
1214321814,0,245,165,157,26.19,,0,5
1214322730,0,245,159,61,24.63,,0,5
1214323614,0,246,327,160,25.81,,0,5
1214324530,0,243,207,161,22.88,,0,5
1214325414,0,243,93,90,22.5,,0,5
1214327214,0,243,183,157,24.13,,0,5
1214329014,0,238,189,178,21.06,,0,5
1214329917,0,238,201,121,21.06,,0,5
1214330831,0,237,78,99,20.56,,0,5
1214331714,0,232,111,152,20,,0,5
1214332617,0,230,114,189,19.56,,0,5
1214333529,0,228,117,138,19.38,,0,5
1214334414,0,223,81,184,18.69,,0,5
1214335316,0,212,0,127,18.44,,0,5
1214336221,0,202,207,169,18.31,,0,5
1214337133,0,171,105,109,18.06,,0,5
1214338015,0,143,216,155,17.81,,0,5
1214338917,0,97,228,158,17.5,,0,5
1214339819,0,47,21,155,17.25,,0,5
1214340731,0,11,51,158,17,1017.793651,1,5
1214341615,0,2,54,186,16.5,1018.111111,1,5
1214342518,0,0,15,171,16.19,1018.150794,2,5
1214343419,0,0,24,113,16.06,1018.190476,4,5
1214344320,0,0,36,143,15.94,1017.753968,5,5
1214345232,0,0,3,171,15.38,1017.47619,7,5
1214346119,0,0,0,138,15.06,1017.714286,8,5
1214347017,0,0,3,161,15.19,1017.753968,8,5
1214347918,0,0,12,152,14.94,1017.674603,8,5
1214348820,0,0,0,152,14,1017.515873,9,5
1214349722,0,0,0,152,14.06,1017.357143,13,5
1214350623,0,0,0,152,13.38,1017.396825,14,5
1214351531,0,0,0,152,12.88,1017.436508,14,5
1214352416,0,0,0,152,13.19,1017.436508,16,5
1214353317,0,0,0,151,11.44,1017.436508,9,5
1214354217,0,0,0,152,12.75,1017.119048,12,5
1214355120,0,0,24,158,13.44,1016.880952,19,5
1214356018,0,0,9,158,12.25,1016.960317,14,5
1214356918,0,0,0,158,12.38,1016.68254,16,5
1214357819,0,0,0,158,11.94,1016.68254,11,5
1214358719,0,0,0,158,11.94,1016.444444,10,5
1214359621,0,0,0,158,13.06,1016.484127,11,5
1214360521,0,0,0,212,13.19,1016.444444,11,5
1214361421,0,0,0,212,13.5,1016.325397,9,5
1214362333,0,0,0,260,14.38,1016.285714,10,5
1214363217,0,5,0,263,14.19,1016.126984,9,5
1214364116,0,21,0,215,14.81,1015.888889,10,5
1214365017,0,61,0,162,15,1016.126984,10,5
1214365919,0,102,0,145,14.94,1015.769841,9,5
1214366820,0,132,0,145,15.13,1015.888889,8,5
1214367720,0,138,0,167,15.19,1016.007937,8,5
1214368632,0,183,0,157,15.44,1016.126984,7,5
1214369515,0,174,0,230,15.5,1016.047619,6,5
1214370417,0,193,3,226,15.69,1016.166667,5,5
1214371318,0,212,18,148,15.94,1015.849206,4,5
1214372221,0,226,0,158,16.25,1015.849206,5,5
1214373131,0,236,0,240,16.63,1015.809524,6,5
1214374016,0,243,3,151,19.13,1015.650794,3,5
1214374918,0,244,0,224,19.56,1015.690476,1,5
1214375830,0,246,3,150,20.75,1015.571429,0,5
1214376715,0,241,0,344,19.06,1015.968254,0,5
1214377618,0,246,60,222,20.13,1015.888889,0,5
1214378532,0,237,153,285,19,1016.007937,0,5
1214381234,0,247,12,248,21.63,1016.365079,0,5
1214385715,0,243,303,230,20.56,1016.325397,0,5
1214388430,0,249,51,261,25.56,1016.365079,0,5
1214555472,0,248,153,284,22.44,1020.214286,1,5
