1217545313,5,0,141,154,19.5,1009.57936508,3,4.96,20,0,0
1217546213,4,0,96,220,19.25,1009.5,3,5,20,0,0
1217547113,4,0,12,182,19.5,1009.46031746,4,5,20,0,0
1217548013,5,0,69,182,19.75,1009.5,3,5,20,0,0
1217548913,5,0,9,162,19.63,1009.61904762,3,5,20,0,0
1217549813,5,0,78,130,18.88,1009.53968254,3,5,19.94,0,0
1217550713,5,0,33,175,19.69,1009.65873016,3,5,20.06,0,0
1217551612,5,0,72,216,19.44,1009.65873016,3,5,19.94,0,0
1217552512,5,0,30,188,19.5,1009.61904762,3,5,19.88,0,0
1217553412,5,0,39,203,18.94,1009.61904762,3,5,19.5,0,0
1217554312,4,0,0,294,19.06,1010.05555556,3,5,19.44,0,0
1217555212,4,0,96,209,18.44,1010.05555556,2,5,18.81,0,0
1217556112,4,0,0,198,17.81,1010.61111111,3,5,18.44,0,0
1217557012,3,0,15,240,17.19,1011.20634921,2,5,17.81,0,0
1217557912,3,0,111,308,16.38,1011.28571429,2,5,17.25,0,0
1217558812,3,0,36,282,15.94,1011.56349206,2,4.96,16.81,0,0
1217559712,3,0,0,223,15.06,1011.32539683,2,5,16.63,0,0
1217560613,3,0,6,220,15.13,1011.8015873,3,5,16.5,0,0
1217561512,3,0,0,202,15.38,1011.84126984,3,5,16.38,0,0
1217562412,3,3,0,319,14.69,1011.76190476,3,5,16.06,0,0
1217566912,3,214,0,171,16,1011.92063492,3,5,16.44,0,0
1217568712,3,227,6,145,16.06,1011.88095238,2,5,16.38,0,0
1217569612,3,227,0,230,16.81,1012.15873016,2,5,16.81,0,0
1217570512,4,233,39,133,16.5,1012.23809524,2,5,16.75,0,0
1217571412,4,240,33,147,19,1012.07936508,1,5,17.31,0,0
1217572312,4,236,6,200,17.69,1012.23809524,1,5,17.38,0,0
1217573212,4,243,3,136,19.63,1012.11904762,0,5,17.69,0,0
1217574112,4,244,237,215,19.94,1012.23809524,0,5,17.75,0,0
1217575012,4,245,63,288,21.31,1012.51587302,0,5,18.56,0,0
1217575912,3,245,189,167,21.56,1012.31746032,0,5,18.75,0,0
1217576812,4,246,45,130,24.19,1012.55555556,0,5,20,0,0
1217577712,3,237,0,97,19.25,1012.95238095,0,5,18.88,0,0
1217578612,3,248,9,140,23.81,1012.91269841,0,4.96,20.19,0,0
1217579512,3,248,0,16,24.63,1013.03174603,0,5,20.88,0,0
1217580412,2,247,12,213,25.06,1012.75396825,0,5,21,0,0
1217581311,1,240,102,234,21,1013.03174603,0,5,20.31,0,0
1217584011,1,246,6,226,25,1013.07142857,0,5,22.25,0,0
1217590311,1,244,30,313,25.75,1013.42857143,0,5,23.81,0,0
1217591211,1,246,69,93,24.44,1013.23015873,0,5,23.63,0,0
1217592111,1,245,21,104,23.5,1013.42857143,0,5,23.19,0,0
1217593011,1,248,123,178,27.38,1013.34920635,0,5,24.19,0,0
1217593911,1,249,36,80,28.06,1013.70634921,0,5,25.88,0,0
1217594811,1,249,90,223,25.88,1013.82539683,0,4.96,24.63,0,0
1217595711,1,249,27,350,27.25,1013.78571429,0,5,25.75,0,0
1217596611,1,245,66,336,24.31,1014.14285714,0,5,25.13,0,0
1217597511,1,243,57,1,24,1014.22222222,0,5,25.19,0,0
1217598411,1,249,48,109,28.44,1014.18253968,0,5,32,0,0
1217599311,1,248,90,179,26.31,1014.22222222,0,5,27.94,0,0
1217600211,1,247,84,219,25.88,1014.26190476,0,5,26,0,0
1217601111,1,245,12,198,24.31,1014.73809524,0,5,24.44,0,0
1217602011,1,248,33,224,24.75,1014.5,0,5,25.13,0,0
1217602911,1,244,33,172,26.19,1014.73809524,0,5,26.88,0,0
1217603811,0,240,63,109,22.5,1014.8968254,0,5,23,0,0
1217604711,1,248,60,160,28.31,1014.38095238,0,5,28.19,0,0
1217605611,0,241,96,185,22.5,1014.93650794,0,5,23.38,0,0
1217606511,1,248,6,178,27.13,1014.77777778,0,5,25.44,0,0
1217607411,0,244,147,171,24.38,1014.61904762,0,5,24.19,0,0
1217608311,0,247,15,188,26.75,1014.5,0,5,25.13,0,0
1217609211,0,246,102,172,22.94,1014.6984127,0,5,22.06,0,0
1217610111,0,246,60,182,24.75,1014.73809524,0,5,23.19,0,0
1217611011,0,246,6,220,23.38,1014.93650794,0,5,22.38,0,0
1217611911,0,241,114,148,22.19,1015.21428571,0,5,21.94,0,0
1217612810,0,244,108,206,22.88,1014.8968254,0,5,21.63,0,0
1217613710,0,232,12,165,21.06,1015.13492063,0,5,21.19,0,0
1217614610,1,228,6,116,19.25,1015.37301587,0,5,20.75,0,0
1217615510,1,231,90,220,19.38,1015.57142857,0,5,20.25,0,0
1217616410,1,218,9,353,18.38,1015.76984127,0,5,19.94,0,0
1217617310,1,219,57,168,18.31,1015.73015873,0,4.96,19.5,0,0
1217618210,1,212,12,42,17.81,1016.04761905,1,5,19.19,0,0
1217619110,1,199,0,320,17.38,1015.92857143,1,5,18.75,0,0
1217620010,1,166,0,96,16.5,1015.92857143,2,5,18.44,0,0
1217620910,1,105,12,167,16.19,1016.04761905,2,5,18.31,0,0
1217621810,1,25,6,117,15.81,1016.24603175,2,5,17.94,0,0
1217622710,1,2,0,172,15.75,1016.48412698,2,5,17.75,0,0
1217623610,1,0,0,179,15.81,1016.96031746,2,5,17.44,0,0
1217624510,1,0,0,192,16.25,1016.88095238,2,5,17.31,0,0
1217625410,1,0,24,141,15.25,1016.72222222,2,5,17.31,0,0
1217626312,1,0,0,152,15.5,1016.76190476,3,5,17,0,0
1217627212,1,0,0,162,15.25,1017.03968254,3,5,17,0,0
1217628112,1,0,21,157,15.06,1016.72222222,3,5,16.88,0,0
1217629012,1,0,0,169,14.31,1016.64285714,3,5,16.69,0,0
1217629912,1,0,0,160,15,1016.56349206,3,5,16.63,0,0
1217630812,1,0,0,174,15.5,1016.4047619,3,5,16.75,0,0
1217631712,1,0,0,103,15.75,1016.48412698,3,5,16.88,0,0
1217632612,1,0,0,200,16.13,1016.36507937,3,5,17.06,0,0
1217633512,2,0,0,196,15.81,1016.28571429,3,5,16.94,0,0
1217634412,2,0,9,167,15.88,1016.12698413,3,5,16.94,0,0
1217635312,1,0,0,90,16,1016.20634921,4,5,17,0,0
1217636212,1,0,45,181,16.25,1016.00793651,3,5,17.06,0,0
1217637112,2,0,0,206,16.44,1015.96825397,3,5,17.13,0,0
1217638012,1,0,0,198,16.69,1015.76984127,3,5,17.25,0,0
1217638912,2,0,30,165,16.88,1015.69047619,3,5,17.38,0,0
1217639812,1,0,18,164,16.81,1015.45238095,3,5,17.31,0,0
1217640712,1,0,114,208,17,1015.69047619,3,5,17.38,0,0
1217641612,1,0,0,216,16.75,1015.57142857,3,5,17.38,0,0
1217642512,1,0,0,199,16.81,1015.53174603,3,5,17.25,0,0
1217643412,1,0,54,164,16.69,1015.57142857,3,5,17.06,0,0
1217644312,1,0,0,181,16.81,1015.69047619,3,5,17.19,0,0
1217645212,1,0,15,158,16.69,1015.49206349,3,5,17.13,0,0
1217646112,1,0,12,161,16.06,1015.37301587,3,5,16.81,0,0
1217647012,2,0,24,174,16.06,1015.45238095,3,5,16.75,0,0
1217647912,2,0,0,171,16.31,1015.41269841,3,5,16.88,0,0
1217648812,1,1,3,100,16.63,1015.0952381,3,5,17.06,0,0
1217649711,1,16,33,199,16.5,1015.0952381,3,5,17,0,0
1217650611,1,39,90,165,16.56,1014.85714286,3,5,17,0,0
1217651511,41,116,0,171,16.31,1014.81746032,3,5,16.94,0,0
1217652411,1,175,0,209,16.5,1014.53968254,3,5,17,0,0
1217653311,39,147,111,102,16.69,1014.5,3,5,17,0,0
1217654211,172,158,0,179,16.31,1014.57936508,3,5,16.81,0,0
1217655111,194,214,9,160,16.44,1014.38095238,4,5,16.94,0,0
1217656011,191,216,15,181,16.56,1014.26190476,3,5,17.06,0,0
1217656911,0,206,0,164,16.81,1014.3015873,2,5,17.19,0,0
1217657811,0,213,9,224,16.94,1014.3015873,2,4.96,17.25,0,0
1217658711,12,226,0,209,17,1014.57936508,2,5,17.25,0,0
1217659611,0,223,18,179,17.44,1014.38095238,2,5,17.44,0,0
1217660511,118,230,63,185,17.31,1014.22222222,2,5,17.5,0,0
1217661411,189,231,192,160,16.94,1014.34126984,3,4.96,17.06,0,0
1217662311,188,228,12,175,16.81,1014.26190476,4,5,17.19,0,0
1217663211,191,228,75,168,16.94,1014.3015873,4,5,17.25,0,0
1217664111,194,232,51,161,16.69,1014.1031746,4,5,16.94,0,0
1217665011,197,241,33,224,17.38,1014.1031746,5,4.96,17.56,0,0
1217665911,202,242,0,169,18.06,1013.94444444,4,5,18.13,0,0
1217666811,189,244,21,185,18.69,1013.98412698,3,5,18.5,0,0
1217667711,39,239,9,171,18.31,1013.98412698,2,5,18.38,0,0
1217668611,0,236,0,96,18,1014.1031746,2,5,18.31,0,0
1217669511,0,243,81,144,18.56,1013.98412698,2,5,18.5,0,0
1217670411,0,242,0,202,19.06,1013.9047619,2,5,18.88,0,0
1217671311,0,241,27,164,19.38,1013.66666667,1,5,19,0,0
1217672211,0,245,63,203,21.63,1013.66666667,1,5,20.13,0,0
1217673111,0,246,168,167,20.63,1013.50793651,1,5,19.56,0,0
1217674011,0,244,36,175,20.5,1013.54761905,1,5,19.63,0,0
1217674911,0,244,42,167,19.31,1013.62698413,1,5,18.94,0,0
1217675811,0,247,0,157,21.5,1013.11111111,1,5,20.06,0,0
1217676711,0,246,87,137,22.81,1012.91269841,0,5,21,0,0
1217677611,0,245,6,49,22.31,1013.23015873,0,5,20.69,0,0
1217678511,0,246,0,155,24,1012.99206349,0,5,21.5,0,0
1217679411,0,244,0,127,23.06,1013.11111111,0,5,21.31,0,0
1217680311,0,247,45,157,24.13,1013.07142857,0,5,22,0,0
1217681211,0,244,0,172,21.5,1012.95238095,0,5,20.81,0,0
1217682110,0,245,0,168,22.38,1012.99206349,0,5,21.25,0,0
1217683010,0,246,0,182,24.88,1012.75396825,0,5,22.38,0,0
1217683910,0,249,0,257,29.69,1012.55555556,0,5,30.25,0,0
1217684810,0,246,0,174,26.44,1012.67460317,0,5,25.25,0,0
1217685710,0,242,39,299,23.38,1012.67460317,0,5,23.06,0,0
1217686610,74,242,45,263,18.69,1013.50793651,4,4.96,18.94,0,0
1217687510,72,248,0,260,20.5,1013.15079365,4,4.96,20.94,0,0
1217688410,1,242,0,253,22.69,1012.91269841,3,5,22.56,0,0
1217689310,1,248,132,267,21,1012.95238095,2,5,20.5,0,0
1217690210,0,238,0,244,20.94,1013.11111111,2,5,20.44,0,0
1217691110,1,245,6,253,23.94,1012.75396825,2,5,22.94,0,0
1217692010,0,243,150,250,23.31,1012.83333333,1,5,21.75,0,0
1217692910,0,241,12,247,22.63,1012.91269841,1,5,21.38,0,0
1217693810,0,247,15,299,24,1012.5952381,0,5,22.94,0,0
1217694710,0,246,0,288,25.31,1012.71428571,0,4.96,24.06,0,0
1217695610,0,241,51,257,23.06,1013.30952381,0,5,22.88,0,0
1217696510,0,244,60,281,24,1013.23015873,0,5,23.06,0,0
1217697410,0,245,0,302,25.25,1013.30952381,0,5,23.69,0,0
1217698310,0,245,216,248,24,1013.50793651,0,5,22.88,0,0
1217699210,0,245,93,226,24,1013.58730159,0,5,22.88,0,0
1217700110,0,243,87,246,23.63,1013.9047619,0,5,22.69,0,0
1217701010,0,241,87,265,24.44,1013.82539683,0,5,22.81,0,0
1217701910,0,239,105,243,23.13,1014.02380952,0,5,22,0,0
1217702810,0,224,45,234,20.56,1014.42063492,0,5,21.63,0,0
1217703710,0,218,78,244,20.56,1014.46031746,0,5,21.31,0,0
1217704610,0,211,177,267,20.13,1014.5,0,5,20.81,0,0
1217705510,0,194,24,224,19.06,1014.42063492,0,5,20.5,0,0
1217706410,0,152,12,260,18.88,1014.57936508,0,5,20.06,0,0
1217707310,0,69,6,260,19.25,1014.97619048,0,5,20.06,0,0
1217708210,0,13,3,171,18.88,1015.17460317,0,5,20,0,0
1217709109,0,1,0,199,18.5,1015.33333333,1,5,19.69,0,0
1217710010,0,0,0,181,18.38,1015.41269841,2,5,19.38,0,0
1217710909,0,0,18,346,18.19,1015.37301587,2,5,19.31,0,0
1217711810,0,0,0,224,18.31,1015.49206349,2,4.96,19.25,0,0
1217712713,0,0,0,144,18.13,1015.21428571,2,5,19.06,0,0
1217713613,0,0,0,241,17.75,1015.49206349,2,5,18.75,0,0
1217714512,0,0,0,234,17.69,1015.53174603,2,5,18.56,0,0
1217715412,0,0,0,224,16.69,1015.73015873,2,5,18.19,0,0
1217716312,0,0,0,224,16.81,1015.92857143,3,5,18.13,0,0
1217717212,0,0,0,335,16.38,1015.76984127,3,5,17.88,0,0
1217718112,0,0,0,241,17.25,1016.16666667,3,5,18,0,0
1217719012,0,0,12,332,17.25,1015.76984127,3,5,17.94,0,0
1217719912,0,0,0,130,16.88,1015.80952381,3,5,17.81,0,0
1217720812,0,0,0,141,17,1015.88888889,3,5,17.69,0,0
1217721712,0,0,0,352,16.94,1015.53174603,3,5,17.69,0,0
1217722612,0,0,0,350,16.69,1015.65079365,3,5,17.56,0,0
1217723512,0,0,0,34,16.75,1015.57142857,3,5,17.5,0,0
1217724412,2,0,24,161,16.81,1015.49206349,3,5,17.56,0,0
1217725312,0,0,6,131,16.06,1015.84920635,3,5,17.19,0,0
1217726212,0,0,0,167,16.25,1015.45238095,3,5,17.13,0,0
1217727112,0,0,3,137,16.38,1015.53174603,3,5,17.19,0,0
1217728012,0,0,3,147,16.56,1015.37301587,3,5,17.19,0,0
1217728912,0,0,0,193,16.5,1015.37301587,3,5,17.25,0,0
1217729812,0,0,0,229,16.38,1015.29365079,3,5,17.25,0,0
1217730712,0,0,0,205,16.63,1015.05555556,3,5,17.31,0,0
1217731612,0,0,6,181,16.69,1014.73809524,3,5,17.25,0,0
1217732512,55,0,0,168,16.19,1014.8968254,3,5,17,0,0
1217733412,107,0,0,168,16,1014.57936508,4,5,16.81,0,0
1217734312,98,0,0,258,15.88,1014.3015873,4,5,16.69,0,0
1217735212,81,2,30,203,16.13,1014.18253968,5,5,16.75,0,0
1217736112,0,17,0,169,16.25,1014.06349206,4,5,16.69,0,0
1217737012,0,100,9,133,16.25,1013.82539683,4,5,16.75,0,0
1217737912,0,151,9,222,16.44,1013.62698413,4,5,16.75,0,0
1217738812,0,181,0,172,16.56,1013.58730159,4,5,16.81,0,0
1217739712,0,211,90,176,16.69,1013.11111111,4,5,16.81,0,0
1217740612,0,224,0,169,16.88,1013.34920635,4,5,16.94,0,0
1217741511,0,222,0,164,17.19,1013.03174603,3,4.96,17.19,0,0
1217742411,0,214,3,188,17.19,1013.07142857,3,5,17.19,0,0
1217743311,0,205,6,167,17.19,1013.03174603,3,5,17.19,0,0
1217744211,0,221,0,171,17.38,1012.91269841,3,5,17.38,0,0
1217745111,0,223,0,169,17.31,1013.07142857,3,5,17.5,0,0
1217746011,24,235,0,181,17.63,1013.03174603,4,5,17.63,0,0
1217746911,0,243,0,1,19.5,1012.67460317,4,5,18.69,0,0
1217747811,0,239,0,165,19.13,1012.79365079,2,5,18.75,0,0
1217748711,0,240,0,169,20.31,1012.67460317,2,5,19.31,0,0
1217749611,0,241,0,130,20.63,1012.5952381,2,5,19.75,0,0
1217750511,0,245,21,250,21.81,1012.63492063,1,5,20.5,0,0
1217751411,0,244,0,3,21.88,1012.75396825,1,4.96,20.44,0,0
1217752311,0,242,150,223,21.13,1012.67460317,1,5,20.31,0,0
1217753211,0,246,9,95,21.94,1012.63492063,1,5,20.81,0,0
1217754111,0,244,39,268,24.56,1012.55555556,0,5,22.31,0,0
1217755011,0,246,6,247,23.63,1012.67460317,0,5,22.5,0,0
1217755911,0,247,0,298,23.75,1012.5952381,0,5,22.75,0,0
1217756811,0,246,36,168,25.44,1012.27777778,0,5,23.38,0,0
1217757711,0,246,78,89,25.63,1012.1984127,0,5,23.56,0,0
1217758611,0,246,15,223,25.44,1011.92063492,0,5,23.5,0,0
1217759511,0,244,39,271,22.38,1012.23809524,0,5,21.81,0,0
1217760411,0,241,6,226,23.81,1012.11904762,0,5,22.56,0,0
1217761311,3,239,60,226,21.69,1012.23809524,0,5,21.56,0,0
1217762211,0,242,9,130,21.88,1012.1984127,0,5,21.56,0,0
1217763112,0,242,9,99,21.63,1012.43650794,0,5,21.38,0,0
1217764011,0,240,15,167,21,1012.47619048,0,5,21,0,0
1217764911,0,246,0,224,23.56,1011.84126984,0,4.96,22.38,0,0
1217765811,0,244,84,270,23.06,1011.92063492,0,5,22.06,0,0
1217766711,0,239,99,320,21.06,1012.27777778,0,5,21.13,0,0
1217767611,87,241,3,265,19.63,1012.15873016,2,5,19.38,0,0
1217768511,136,243,9,281,19.69,1011.84126984,3,5,19.69,0,0
1217769411,162,243,0,309,19.75,1011.68253968,3,5,19.75,0,0
1217770311,50,246,39,186,20.75,1011.4047619,3,5,20.69,0,0
1217771210,0,245,6,88,21.13,1011.08730159,2,5,20.94,0,0
1217772110,0,240,18,192,20.56,1011.08730159,2,4.96,20.75,0,0
1217773010,0,232,3,340,19.69,1011.4047619,2,5,20.31,0,0
1217773910,140,245,0,267,20.25,1011.00793651,3,5,19.94,0,0
1217774810,0,245,27,226,20.5,1010.84920635,2,4.96,20.81,0,0
1217775710,0,244,18,265,20.88,1010.92857143,1,4.96,20.88,0,0
1217776610,0,220,0,226,19.5,1011.00793651,1,5,20.13,0,0
1217777510,0,240,0,227,19.5,1010.80952381,1,5,19.81,0,0
1217778410,0,244,63,76,20.88,1010.53174603,0,5,20.69,0,0
1217779310,0,243,42,226,20.94,1009.97619048,0,5,20.69,0,0
1217780210,0,239,12,172,20.31,1010.01587302,0,5,20.44,0,0
1217781110,0,236,48,188,20.06,1009.81746032,0,5,20.19,0,0
1217782010,0,224,18,277,19.38,1010.05555556,0,5,19.75,0,0
1217782910,86,228,9,175,17.94,1010.13492063,2,4.96,18.56,0,0
1217783810,214,228,0,226,17.44,1010.05555556,3,4.96,18,0,0
1217784710,180,217,0,243,16.94,1009.77777778,5,5,17.75,0,0
1217785610,194,212,0,299,16.63,1009.8968254,6,4.96,17.13,0,0
1217786510,195,210,0,209,16.19,1009.85714286,7,5,16.69,0,0
1217787410,187,215,42,123,16.31,1009.61904762,10,5,16.69,0,0
1217788310,181,213,0,226,16.19,1009.38095238,13,4.96,16.44,0,0
1217789210,188,204,0,239,16.13,1008.66666667,14,4.96,16.56,0,0
1217790110,187,205,0,234,15.94,1008.78571429,14,4.96,16.44,0,0
1217791010,139,219,0,239,16.06,1008.74603175,13,4.96,16.31,0,0
1217791910,95,180,0,241,16.25,1009.02380952,12,5,16.56,0,0
1217792810,100,90,0,246,16.06,1009.06349206,13,5,16.38,0,0
1217793710,98,32,66,224,15.56,1009.5,14,5,15.75,0,0
1217794610,96,2,9,229,15.38,1009.57936508,13,5,15.56,0,0
1217795510,169,0,225,287,15.25,1009.61904762,14,5,15.31,0,0
1217796410,183,0,27,263,14.63,1009.73809524,12,4.96,14.56,0,0
1217797310,177,0,3,274,14.25,1009.77777778,12,5,14.25,0,0
1217798210,166,0,51,236,13.88,1009.97619048,11,5,14,0,0
1217799112,129,0,0,244,13.88,1009.81746032,10,5,14.13,0,0
1217800012,106,0,0,284,13.63,1009.6984127,10,4.96,14.06,0,0
1217800912,98,0,0,267,13.56,1009.81746032,10,5,14.13,0,0
1217801812,93,0,0,280,13.81,1009.85714286,11,5,14.06,0,0
1217802711,89,0,126,277,13.75,1009.93650794,12,4.96,14.13,0,0
1217803611,68,0,15,268,13.5,1009.81746032,12,5,13.88,0,0
1217804511,50,0,30,284,13.38,1010.25396825,11,5,13.81,0,0
1217805411,47,0,6,244,13.06,1010.21428571,11,5,13.63,0,0
1217806311,45,0,0,270,12.94,1010.45238095,10,5,13.38,0,0
1217807211,43,0,0,272,12.56,1010.17460317,10,5,13.25,0,0
1217808111,50,0,0,257,12.56,1010.17460317,10,5,13.13,0,0
1217809011,51,0,3,240,12.25,1010.29365079,10,5,13.06,0,0
1217809911,61,0,0,248,12.38,1010.33333333,10,5,12.94,0,0
1217810811,71,0,0,261,12.13,1010.13492063,10,5,12.81,0,0
1217811711,76,0,0,241,12.13,1010.41269841,10,5,12.75,0,0
1217812611,77,0,0,278,11.94,1010.41269841,10,5,12.63,0,0
1217813511,78,0,0,253,12,1010.49206349,10,5,12.5,0,0
1217814411,87,0,0,308,11.69,1010.76984127,10,5,12.38,0,0
1217815311,84,0,42,263,11.56,1010.96825397,10,5,12.25,0,0
1217816211,89,0,0,229,11.69,1011.00793651,10,5,12.19,0,0
1217817111,86,0,0,335,11.56,1011.20634921,10,4.96,12.19,0,0
1217818011,85,0,21,264,11.31,1011.24603175,10,5,12.13,0,0
1217818911,93,0,0,268,11.13,1011.36507937,10,5,12.13,0,0
1217819811,85,0,0,241,11.5,1011.28571429,10,5,12.13,0,0
1217820711,84,0,0,265,11.56,1011.44444444,11,5,12.06,0,0
1217821611,88,1,3,264,11.5,1011.28571429,11,5,12.13,0,0
1217822511,89,20,0,277,11.44,1011.36507937,11,5,12,0,0
1217823411,94,94,0,291,11.5,1011.4047619,11,4.96,12,0,0
1217824311,93,161,0,248,11.5,1011.68253968,11,5,12,0,0
1217825211,94,195,12,265,11.5,1011.44444444,11,5,11.94,0,0
1217826111,91,216,0,274,11.94,1011.44444444,10,5,12.06,0,0
1217827011,89,219,48,251,12,1011.44444444,9,5,12.25,0,0
1217827911,97,223,24,257,12.31,1011.84126984,9,5,12.38,0,0
1217828811,91,230,78,257,12.38,1012,10,5,12.44,0,0
1217829711,84,233,6,250,13.13,1011.8015873,6,5,12.75,0,0
1217830611,71,236,3,281,13.5,1011.68253968,5,5,13.06,0,0
1217831510,60,233,0,250,14.31,1012.15873016,2,4.96,13.25,0,0
1217832410,24,241,87,241,15.75,1012.15873016,1,5,13.69,0,0
1217833310,9,244,0,299,17,1011.96031746,0,4.96,14.13,0,0
1217834210,3,245,36,217,17.75,1012.11904762,1,5,14.69,0,0
1217835110,0,245,0,241,18.31,1012.1984127,0,5,15.06,0,0
1217836010,0,244,123,258,18.81,1012,0,5,15.44,0,0
1217836910,0,247,0,287,18.88,1012.27777778,0,5,15.81,0,0
1217837810,0,247,102,292,20.75,1012.1984127,0,5,16.44,0,0
1217838710,0,247,48,243,20.5,1012.27777778,0,5,16.94,0,0
1217839610,0,247,3,250,23.19,1012.1984127,0,5,17.25,0,0
1217840510,0,238,117,277,20.13,1012.27777778,0,5,17.44,0,0
1217841410,0,248,0,234,23.31,1012.23809524,0,5,23.5,0,0
1217842310,0,242,102,257,19.81,1012.51587302,0,5,18.38,0,0
1217843210,0,249,12,243,24.69,1012.35714286,0,5,21.25,0,0
1217844110,0,246,33,10,22.63,1012.55555556,0,5,20.38,0,0
1217845010,0,240,234,254,19.88,1012.63492063,0,5,19.5,0,0
1217845910,0,245,3,176,23.06,1012.5952381,0,5,20.81,0,0
1217846810,0,241,93,246,20.19,1012.71428571,0,5,19.94,0,0
1217847710,0,248,147,275,22.75,1012.75396825,0,5,20.44,0,0
1217848610,0,246,87,223,23.13,1012.55555556,0,5,22.13,0,0
1217849510,0,244,21,224,21.44,1012.91269841,0,4.96,20.69,0,0
1217850410,0,238,111,313,20.94,1012.99206349,0,5,20.44,0,0
1217852210,0,241,6,304,20.5,1013.23015873,0,5,20.25,0,0
1217853110,57,243,27,236,18.69,1013.46825397,0,4.96,18.81,0,0
1217854010,0,246,87,271,21.75,1013.11111111,0,5,21.13,0,0
1217854910,0,249,186,224,24.56,1012.79365079,0,5,22.44,0,0
1217855810,0,245,45,284,23.31,1013.07142857,0,5,22.44,0,0
1217856710,0,244,3,226,23,1013.11111111,0,5,22.06,0,0
1217858511,117,228,192,254,17.94,1013.94444444,0,5,17.81,0,0
1217859413,97,246,6,243,19.56,1014.02380952,0,5,19.38,0,0
1217861210,5,240,84,233,18.94,1014.14285714,0,5,19.19,0,0
1217862109,5,243,12,264,19.81,1013.98412698,0,5,19.69,0,0
1217863009,6,245,0,289,20.81,1013.82539683,0,5,20.19,0,0
1217863909,5,248,0,277,25.06,1013.30952381,0,5,22.88,0,0
1217864809,5,246,66,246,22.25,1013.38888889,0,4.96,21.69,0,0
1217865709,4,242,0,295,21.5,1013.62698413,0,5,21.75,0,0
1217866609,4,247,15,299,23.88,1013.30952381,0,5,22.44,0,0
1217867509,4,242,147,254,21,1013.62698413,0,5,21.06,0,0
1217868409,4,239,30,354,20.88,1013.58730159,0,5,20.94,0,0
1217869309,3,242,12,202,21.25,1013.74603175,0,5,21.06,0,0
1217870209,3,239,42,254,20.75,1013.58730159,0,5,20.81,0,0
1217871109,3,242,102,248,21.06,1013.58730159,0,5,20.94,0,0
1217872009,3,231,120,222,20.31,1013.70634921,0,5,20.5,0,0
1217872909,2,230,18,267,19.88,1014.02380952,0,5,20.13,0,0
1217873809,2,233,6,210,19.56,1013.9047619,0,5,19.94,0,0
1217874709,2,233,84,251,19.31,1014.1031746,0,4.96,19.75,0,0
1217875609,2,229,78,312,18.81,1014.18253968,0,5,19.56,0,0
1217876509,1,222,0,272,18.25,1014.53968254,0,5,19.13,0,0
1217877409,2,211,0,216,17.88,1014.6984127,0,5,18.94,0,0
1217878309,2,177,6,322,17.44,1015.05555556,0,5,18.63,0,0
1217879209,1,123,0,230,16.81,1015.37301587,0,5,18.25,0,0
1217880109,1,55,18,260,17.06,1015.61111111,0,5,18,0,0
1217881009,1,9,18,257,16.88,1015.80952381,0,5,17.88,0,0
1217881909,1,1,12,346,16.56,1016.00793651,0,5,17.56,0,0
1217882809,1,0,0,280,15.88,1016.00793651,0,5,17.31,0,0
1217883709,1,0,3,271,15.69,1016.20634921,0,5,17,0,0
1217884609,1,0,0,288,15.31,1016.32539683,0,5,16.69,0,0
1217885475,1,0,6,320,15.44,1016.16666667,0,5,16.63,0,0
1217886375,1,0,0,275,15.06,1016.36507937,0,5,16.38,0,0
1217888175,1,0,0,352,14.94,1016.56349206,0,5,16.25,0,0
1217889075,1,0,0,244,15.19,1016.52380952,0,5,16.25,0,0
1217889975,1,0,45,274,14.88,1016.64285714,0,5,16.25,0,0
1217890875,0,0,0,212,15.06,1016.48412698,0,5,16,0,0
1217891775,0,0,9,243,14.88,1016.4047619,0,5,15.88,0,0
1217892675,0,0,0,260,14.63,1016.64285714,0,5,15.75,0,0
1217893575,0,0,0,261,14.38,1016.8015873,0,5,15.56,0,0
1217894475,0,0,12,277,13.88,1016.68253968,0,5,15.44,0,0
1217895375,0,0,0,215,13.38,1016.48412698,0,5,15.25,0,0
1217896275,0,0,0,332,13.31,1016.48412698,0,5,15.13,0,0
1217897175,0,0,0,332,13.44,1016.8015873,1,5,14.94,0,0
1217898075,0,0,0,223,13.38,1016.44444444,1,5,15,0,0
1217898975,0,0,0,296,13.25,1016.56349206,1,5,14.81,0,0
1217899875,0,0,0,299,13.5,1016.8015873,1,4.96,14.88,0,0
1217900775,0,0,0,148,12.94,1017.07936508,1,5,14.69,0,0
1217901675,0,0,0,224,13.31,1016.92063492,1,5,14.63,0,0
1217902575,0,0,0,224,13.06,1016.76190476,1,5,14.56,0,0
1217903475,0,0,0,181,13.13,1016.72222222,1,5,14.5,0,0
1217904376,0,0,0,169,13,1016.92063492,1,5,14.44,0,0
1217905275,0,0,0,169,12.75,1016.92063492,1,5,14.25,0,0
1217906175,0,0,15,195,13.63,1016.56349206,2,5,14.5,0,0
1217907075,0,0,6,158,13.69,1016.52380952,2,5,14.63,0,0
1217907974,0,1,0,171,14.06,1016.32539683,1,5,14.75,0,0
1217908874,0,10,0,157,14.31,1016.56349206,1,5,14.88,0,0
1217909774,0,72,0,313,14.5,1016.16666667,0,4.96,15,0,0
1217910674,0,156,0,196,14.75,1016.16666667,0,5,15.13,0,0
1217911574,0,184,0,265,14.94,1016.16666667,0,5,15.31,0,0
1217912474,0,198,0,264,15,1016.24603175,0,5,15.38,0,0
1217913374,0,216,0,120,15.13,1015.88888889,0,5,15.44,0,0
1217914274,0,225,0,121,15.5,1016.04761905,0,5,15.63,0,0
1217915174,0,218,0,322,15.75,1016.36507937,0,5,15.81,0,0
1217916074,0,236,0,322,16.5,1016.08730159,0,5,16.19,0,0
1217916974,6,236,0,188,16.81,1016.28571429,0,4.96,16.38,0,0
1217917874,0,236,0,258,16.69,1016.32539683,0,5,16.38,0,0
1217918774,124,230,3,256,15.75,1016.28571429,0,5,15.81,0,0
1217919674,152,239,0,205,15.25,1016.28571429,1,4.96,15.06,0,0
1217920574,88,237,0,205,15.5,1016.4047619,1,5,15.5,0,0
1217921474,65,239,3,193,15.88,1016.36507937,2,5,15.88,0,0
1217922374,66,241,21,172,16.31,1016.32539683,2,5,16.19,0,0
1217923274,121,236,0,181,15.69,1016.48412698,2,5,15.88,0,0
1217924174,140,239,36,175,15.81,1016.16666667,3,5,15.81,0,0
1217925074,136,242,0,202,17,1016.16666667,4,5,16.56,0,0
1217925974,132,238,0,171,16.56,1016.32539683,4,5,16.38,0,0
1217926874,121,239,6,169,16.19,1016.20634921,4,5,16.13,0,0
1217927774,122,237,0,181,15.94,1016.44444444,5,5,16,0,0
1217928674,105,241,0,160,16.19,1016.32539683,5,4.96,16,0,0
1217929574,87,240,0,167,16.31,1016.4047619,6,4.96,16.06,0,0
1217930474,104,238,12,168,15.94,1016.44444444,5,5,15.81,0,0
1217931374,108,242,0,282,16.56,1016.4047619,5,5,16.06,0,0
1217932274,86,241,21,92,17,1016.28571429,4,4.96,16.38,0,0
1217933174,90,241,51,172,16.81,1016.16666667,4,5,16.56,0,0
1217934074,63,238,0,138,16.75,1016.32539683,4,5,16.63,0,0
1217934974,61,240,42,161,17,1016.20634921,7,5,16.88,0,0
1217935874,84,244,54,169,17.81,1016.08730159,7,5,17.31,0,0
1217936774,65,242,42,200,17.31,1016.08730159,8,5,17.13,0,0
1217937673,64,244,0,172,18.06,1016.04761905,6,5,17.56,0,0
1217938573,82,244,15,99,17.63,1015.96825397,3,5,17.44,0,0
1217939473,66,241,0,144,17.69,1016.16666667,3,5,17.56,0,0
1217940373,66,243,87,181,18.44,1015.69047619,3,5,18.06,0,0
1217941273,65,245,3,172,18.44,1015.65079365,2,5,18,0,0
1217942173,74,246,0,215,20.56,1015.69047619,2,5,19.25,0,0
1217943073,56,244,0,124,19.13,1015.73015873,2,5,18.69,0,0
1217943973,0,244,0,164,19.5,1015.61111111,2,5,19.06,0,0
1217944873,0,244,144,189,19.38,1015.76984127,1,5,19.13,0,0
1217946673,0,246,0,223,20.69,1015.69047619,1,5,20,0,0
1217947573,0,239,3,198,19.75,1015.57142857,0,5,19.69,0,0
1217948473,0,243,0,160,20.13,1015.45238095,0,5,19.81,0,0
1217949373,0,240,0,171,19.56,1015.73015873,0,5,19.56,0,0
1217950273,0,240,0,302,20,1015.76984127,0,5,19.69,0,0
1217951173,0,238,3,250,19.38,1015.76984127,0,5,19.31,0,0
1217952073,0,237,0,224,19.75,1015.65079365,0,5,19.56,0,0
1217952973,0,238,0,169,20.19,1015.65079365,0,5,19.81,0,0
1217953873,0,238,0,126,19.69,1015.57142857,0,5,19.56,0,0
1217954773,0,238,27,205,19.88,1015.41269841,0,5,19.69,0,0
1217955673,0,230,0,186,19.31,1015.49206349,0,5,19.44,0,0
1217956573,0,234,0,162,19.44,1015.05555556,0,5,19.5,0,0
1217957473,0,234,0,226,19.5,1015.41269841,0,5,19.56,0,0
1217958373,0,233,0,97,19.5,1015.29365079,0,5,19.56,0,0
1217959273,0,233,6,160,19.38,1015.17460317,0,5,19.56,0,0
1217960173,0,229,0,10,19.13,1015.05555556,0,5,19.44,0,0
1217961073,0,220,24,161,19.13,1015.41269841,0,4.96,19.31,0,0
1217961973,0,217,0,189,19,1015.33333333,0,5,19.25,0,0
1217962873,0,201,24,136,18.88,1015.21428571,0,5,19.13,0,0
1217963773,0,175,0,239,18.69,1015.49206349,0,5,19.06,0,0
1217964673,0,156,0,109,18.56,1015.49206349,0,5,18.94,0,0
1217965573,0,106,36,174,18.19,1015.37301587,0,5,18.69,0,0
1217966472,0,22,0,181,18.19,1015.65079365,1,5,18.56,0,0
1217967372,0,4,0,171,17.81,1015.61111111,1,5,18.44,0,0
1217968272,0,18,33,181,18.06,1015.92857143,1,5,18.38,0,0
1217969172,35,39,0,200,17.5,1015.80952381,1,5,18.25,0,0
1217970072,28,44,0,158,17.38,1016.08730159,2,5,18.06,0,0
1217970972,0,31,3,184,17.38,1015.92857143,2,5,18.06,0,0
1217971913,0,52,9,270,17.19,1015.61111111,2,5,18,0,0
1217972813,0,45,39,172,17.44,1015.61111111,2,5,17.94,0,0
1217973713,0,66,0,178,17.31,1015.84920635,3,5,17.88,0,0
1217974613,0,58,0,167,17.63,1015.65079365,3,5,18,0,0
1217975513,0,68,0,161,17.69,1015.76984127,2,5,18,0,0
1217976413,0,61,0,208,17.69,1015.76984127,2,5,18,0,0
1217977313,0,51,3,208,17.75,1015.92857143,2,5,18,0,0
1217978213,0,48,42,143,17.81,1015.84920635,2,5,18,0,0
1217979113,0,49,0,27,17.75,1015.33333333,2,5,18,0,0
1217980012,0,47,0,151,17.75,1015.65079365,2,5,17.94,0,0
1217980912,0,46,0,185,17.75,1015.69047619,2,5,17.94,0,0
1217981812,0,47,0,174,17.75,1015.45238095,2,5,17.94,0,0
1217982712,0,42,0,165,17.63,1015.61111111,2,5,17.81,0,0
1217983612,0,46,0,134,17.56,1015.53174603,2,5,17.81,0,0
1217984512,0,40,0,71,17.63,1015.45238095,2,5,17.81,0,0
1217985412,0,33,6,178,17.56,1015.53174603,2,5,17.69,0,0
1217986312,0,44,0,178,17.44,1015.37301587,2,5,17.56,0,0
1217987212,0,22,33,309,17.38,1015.45238095,2,5,17.56,0,0
1217988112,0,53,0,164,17.5,1015.57142857,2,5,17.63,0,0
1217989012,0,43,0,189,17.56,1015.49206349,2,5,17.69,0,0
1217989912,0,46,0,189,17.63,1015.37301587,2,5,17.75,0,0
1217990812,0,29,0,203,17.63,1015.25396825,2,5,17.75,0,0
1217991712,0,35,3,313,17.69,1015.21428571,2,5,17.81,0,0
1217992612,0,36,0,313,17.69,1015.25396825,2,5,17.81,0,0
1217993512,0,35,0,230,17.75,1015.13492063,2,5,17.81,0,0
1217994412,0,31,3,217,17.69,1014.77777778,2,5,17.81,0,0
1217995312,0,4,0,241,17.75,1014.81746032,2,5,17.88,0,0
1217996212,0,45,0,267,17.81,1014.97619048,2,5,17.94,0,0
1217997112,0,89,0,188,17.81,1015.01587302,2,5,17.94,0,0
1217998012,0,131,9,107,17.81,1014.73809524,2,5,17.88,0,0
1217998912,0,180,0,184,17.81,1014.65873016,3,5,17.94,0,0
1217999812,0,196,0,171,17.81,1014.53968254,2,5,17.81,0,0
1218000712,0,229,0,172,17.94,1014.42063492,2,5,17.94,0,0
1218001612,0,225,0,171,18.38,1014.3015873,1,5,18.13,0,0
1218002512,0,227,0,172,18.56,1014.34126984,1,5,18.31,0,0
1218003412,0,235,0,120,19,1014.14285714,1,5,18.56,0,0
1218004312,0,238,0,127,19.5,1013.94444444,0,5,18.81,0,0
1218005212,0,239,0,157,19.75,1013.78571429,0,5,19,0,0
1218006112,0,241,0,168,19.88,1013.86507937,0,5,19.19,0,0
1218007012,0,241,60,168,20.25,1013.94444444,0,5,19.44,0,0
1218007912,0,241,48,168,20.56,1013.98412698,0,5,19.69,0,0
1218008812,0,242,33,213,20.56,1014.34126984,0,5,19.81,0,0
1218009711,0,243,0,167,21.31,1014.26190476,0,5,20.25,0,0
1218010611,0,243,111,181,21.31,1014.18253968,0,5,20.25,0,0
1218011511,0,241,6,175,21.25,1014.38095238,0,5,20.38,0,0
1218012411,0,244,18,160,22.19,1014.22222222,0,5,20.75,0,0
1218013311,0,245,12,107,23.94,1014.22222222,0,5,21.75,0,0
1218014211,0,246,0,155,26.06,1014.38095238,0,5,22.69,0,0
1218015111,0,246,3,182,25.19,1014.42063492,0,5,22.81,0,0
1218016911,0,246,12,192,24.44,1014.5,0,5,22.63,0,0
1218017811,0,246,3,144,27,1014.34126984,0,5,23.94,0,0
1218018711,0,249,0,167,27.94,1014.3015873,0,5,24.44,0,0
1218019611,0,249,45,193,29.31,1014.22222222,0,5,25.38,0,0
1218020511,0,245,33,182,29.44,1014.02380952,0,5,25.75,0,0
1218021411,0,246,0,253,26.19,1014.22222222,0,5,24.5,0,0
1218022311,0,249,6,178,32.31,1014.06349206,0,5,26.56,0,0
1218023211,0,243,6,224,26.13,1014.34126984,0,5,25.25,0,0
1218024111,0,246,6,356,25.94,1014.22222222,0,5,25,0,0
1218025011,0,247,84,191,28.75,1013.58730159,0,5,26.31,0,0
1218025911,0,245,0,172,26.88,1012.67460317,0,5,25.5,0,0
1218026811,0,246,144,158,25.56,1012.5952381,0,5,24.56,0,0
1218027711,0,248,57,178,30.94,1012.43650794,0,5,27.81,0,0
1218028611,0,249,6,171,34,1012.75396825,0,5,34.31,0,0
1218029511,0,248,69,143,28.5,1013.03174603,0,5,29.44,0,0
1218030411,0,246,0,175,26.44,1012.99206349,0,5,26.13,0,0
1218031311,0,249,12,178,30.25,1012.3968254,0,5,31.38,0,0
1218032211,0,247,123,184,27.63,1012.31746032,0,5,27.94,0,0
1218033111,0,248,69,188,29.44,1012.11904762,0,5,29.75,0,0
1218034011,0,247,216,212,28.25,1012.11904762,0,5,28.13,0,0
1218034911,0,245,255,143,26,1012.03968254,0,5,26,0,0
1218035811,0,246,18,160,30.25,1011.88095238,0,5,29.13,0,0
1218036710,0,248,0,155,30.56,1011.72222222,0,5,28.06,0,0
1218037610,0,248,3,157,29,1011.76190476,0,5,27.88,0,0
1218038510,0,246,132,178,27.63,1011.64285714,0,5,26.88,0,0
1218039410,0,244,132,175,27,1011.68253968,0,5,26.63,0,0
1218040310,0,246,0,175,28.56,1011.36507937,0,5,27.75,0,0
1218041210,0,245,111,184,27.19,1011.08730159,0,5,26.63,0,0
1218042110,0,245,0,282,27.31,1011.36507937,0,5,26.88,0,0
1218043010,0,241,6,23,26,1011.28571429,0,5,26.56,0,0
1218043910,0,239,6,92,25.44,1011.32539683,0,5,25.69,0,0
1218044810,0,237,0,49,25,1011.36507937,0,5,25.69,0,0
1218045710,0,232,0,318,24.19,1011.20634921,0,5,24.88,0,0
1218046610,0,232,0,294,24,1011.04761905,1,5,25.06,0,0
1218047510,0,223,0,292,23.38,1011.12698413,1,5,24.5,0,0
1218048410,0,215,0,247,22.94,1011.4047619,1,5,24.13,0,0
1218049310,0,193,0,315,22.75,1011.4047619,1,5,23.88,0,0
1218050210,0,156,0,313,22.25,1011.4047619,1,5,23.56,0,0
1218051110,0,118,0,313,21.94,1011.64285714,1,5,23.63,0,0
1218052010,118,43,0,311,20.88,1011.68253968,1,5,22.69,0,0
1218052910,74,8,0,198,20.63,1012.03968254,1,5,22.44,0,0
1218053810,5,2,0,198,20.38,1011.84126984,1,5,22.38,0,0
1218054710,4,0,0,198,19.94,1011.44444444,1,5,22.06,0,0
1218055610,6,0,0,188,20.25,1011.6031746,1,5,21.63,0,0
1218056510,5,0,3,182,19.88,1011.88095238,1,5,21.44,0,0
1218057410,5,0,0,181,20.06,1011.36507937,1,5,20.94,0,0
1218058312,4,0,0,181,19.75,1011.28571429,1,5,20.69,0,0
1218059212,4,0,6,161,19.38,1011.12698413,1,5,20.5,0,0
1218060112,3,0,0,184,19.06,1010.65079365,1,5,20.31,0,0
1218061012,3,0,0,174,19.25,1010.69047619,1,5,20.13,0,0
1218061912,3,0,0,174,18.75,1010.80952381,1,5,20,0,0
1218062812,2,0,0,172,18.31,1010.96825397,1,5,20.06,0,0
1218063712,2,0,0,152,18.44,1010.92857143,1,5,19.81,0,0
1218064612,2,0,0,274,18.38,1010.73015873,1,5,19.63,0,0
1218065512,2,0,0,272,18.06,1010.41269841,1,5,19.44,0,0
1218066412,2,0,0,272,17.88,1010.29365079,1,5,19.25,0,0
1218067312,2,0,0,272,16.5,1010.25396825,1,5,19.06,0,0
1218068212,2,0,0,274,16.88,1010.37301587,1,5,18.81,0,0
1218069112,1,0,0,267,17.06,1010.0952381,1,5,18.44,0,0
1218070012,0,0,0,271,16.88,1009.73809524,2,5,18.38,0,0
1218070912,0,0,0,271,17.06,1009.65873016,2,5,18.5,0,0
1218071812,0,0,0,271,17.06,1009.42063492,2,5,18.44,0,0
1218072712,0,0,0,271,16.88,1009.22222222,2,5,18.56,0,0
1218073611,0,0,0,271,16.81,1008.74603175,2,5,18.31,0,0
1218074511,0,0,0,268,17.25,1008.42857143,2,5,18.13,0,0
1218075411,0,0,0,178,17.31,1008.26984127,3,5,18,0,0
1218076311,0,0,0,178,16.88,1008.54761905,2,5,18.25,0,0
1218077211,0,0,6,253,17.25,1008.78571429,2,5,17.94,0,0
1218078111,0,0,0,256,16.88,1008.9047619,3,5,17.88,0,0
1218079011,0,0,0,256,16.88,1008.66666667,2,5,17.75,0,0
1218079911,0,0,0,256,16.63,1008.78571429,2,5,17.88,0,0
1218080811,0,0,0,213,16.75,1008.9047619,3,5,17.81,0,0
1218081711,100,2,0,178,16.81,1008.74603175,5,5,17.56,0,0
1218082611,62,29,0,178,16.31,1008.50793651,4,5,17.75,0,0
1218083511,15,106,0,178,16.31,1008.82539683,3,5,17.69,0,0
1218084411,3,161,0,178,15.88,1008.46825397,3,4.96,17.56,0,0
1218085311,1,200,0,178,16.13,1007.95238095,3,5,17.56,0,0
1218086211,0,207,0,224,16.06,1007.79365079,3,5,17.44,0,0
1218087111,0,211,0,224,16.75,1007.79365079,3,5,17.69,0,0
1218088011,0,224,0,287,17.31,1007.79365079,2,5,17.81,0,0
1218088911,0,232,0,257,17,1007.71428571,1,5,17.81,0,0
1218089811,0,234,0,257,17.25,1007.79365079,1,5,18,0,0
1218090711,0,237,0,258,17.75,1007.83333333,1,5,18.25,0,0
1218091611,0,238,0,258,18.13,1007.99206349,1,5,18.25,0,0
1218092511,0,232,0,258,18.56,1007.99206349,1,5,18.63,0,0
1218093411,0,231,0,253,18.06,1008.15079365,0,5,18.25,0,0
1218094311,0,229,0,253,18.19,1008.34920635,0,5,18.5,0,0
1218095211,156,238,0,253,18.38,1008.26984127,2,5,18.63,0,0
1218096111,5,243,15,254,20.06,1008.03174603,1,5,19.31,0,0
1218097011,2,242,0,251,19.75,1007.91269841,0,5,19.38,0,0
1218097911,2,244,0,251,20.75,1007.67460317,0,4.96,20,0,0
1218098811,1,245,0,88,23.63,1007.1984127,0,5,21,0,0
1218099711,0,244,33,289,21.25,1007.55555556,0,5,20.44,0,0
1218100611,0,246,0,208,24.63,1007.43650794,0,5,22.69,0,0
1218101510,0,246,9,165,24.75,1007.43650794,0,5,22.44,0,0
1218102410,0,246,0,167,25.81,1007.03968254,0,5,23.31,0,0
1218103310,0,242,0,168,23.44,1007.27777778,0,5,22,0,0
1218104210,184,238,0,155,19.19,1007.27777778,1,5,19.63,0,0
1218105110,199,244,3,167,19.81,1006.96031746,1,5,19.81,0,0
1218106010,168,244,0,164,20.69,1007,1,5,20.56,0,0
1218106910,5,247,0,161,23.25,1006.96031746,1,5,22.63,0,0
1218107810,0,249,0,168,28.94,1006.48412698,1,5,23.94,0,0
1218108710,113,237,0,217,17.44,1007.03968254,5,5,17.94,0,0
1218109610,61,245,0,258,20.63,1006.20634921,12,4.96,19.69,0,0
1218110510,2,245,9,246,20.81,1005.88888889,7,4.96,20.56,0,0
1218111410,2,247,0,241,23.13,1005.73015873,5,4.96,21.31,0,0
1218112310,0,245,0,281,20.5,1006.4047619,3,5,20.31,0,0
1218113210,0,250,24,90,23.38,1006.36507937,0,5,21.44,0,0
1218114110,0,250,12,202,22.94,1006.24603175,0,5,21.69,0,0
1218115010,0,250,0,172,23.81,1006.08730159,0,4.96,24.63,0,0
1218115910,0,247,0,278,26.25,1005.96825397,0,5,23.13,0,0
1218116810,0,249,33,244,26.94,1006.12698413,0,5,24.56,0,0
1218117710,0,246,27,175,25.69,1005.96825397,0,5,23.25,0,0
1218118610,0,249,12,215,28.38,1005.80952381,0,5,26.69,0,0
1218119510,0,248,3,224,29.63,1005.76984127,0,5,26.88,0,0
1218120410,0,249,24,182,29.31,1005.65079365,0,5,26.5,0,0
1218121310,0,249,0,291,28,1005.80952381,0,5,26.63,0,0
1218122210,0,239,0,188,23.88,1005.88888889,0,5,24.69,0,0
1218123110,0,249,0,167,29,1005.57142857,0,5,26.56,0,0
1218124010,0,248,9,107,25.75,1005.61111111,0,5,25.06,0,0
1218124910,0,248,0,223,29.38,1005.61111111,0,5,26.31,0,0
1218125810,0,242,0,102,24.63,1005.96825397,0,5,24.81,0,0
1218126710,0,241,237,271,23.5,1006.04761905,0,5,24.13,0,0
1218127610,0,247,0,37,26.63,1005.65079365,0,5,24.63,0,0
1218128510,0,246,141,260,26,1005.73015873,0,5,24.38,0,0
1218129410,0,240,105,263,23,1006.04761905,0,5,23.25,0,0
1218130310,0,233,48,254,21.88,1005.92857143,0,5,22.44,0,0
1218131210,0,229,6,236,21.25,1006.16666667,0,5,22.06,0,0
1218132109,0,208,27,224,20.81,1006.36507937,0,5,21.75,0,0
1218133009,0,209,96,251,20.31,1006.68253968,0,5,20.94,0,0
1218133909,0,216,60,258,19.5,1006.64285714,1,5,20.31,0,0
1218134809,0,208,87,184,19.13,1006.88095238,1,5,19.75,0,0
1218135709,0,206,15,233,18.63,1006.92063492,0,5,19.38,0,0
1218136609,88,191,66,257,17.88,1006.96031746,0,5,18.81,0,0
1218137509,0,151,63,256,17.94,1007.35714286,0,5,18.88,0,0
1218138409,0,113,6,253,17.5,1007.35714286,0,5,18.88,0,0
1218139309,0,29,21,277,17.44,1007.71428571,0,5,18.69,0,0
1218140209,0,3,0,277,17.31,1007.79365079,0,5,18.81,0,0
1218141109,0,0,9,271,17.31,1007.75396825,0,5,18.44,0,0
1218142009,0,0,117,270,17.31,1007.71428571,0,5,18.44,0,0
1218142909,0,0,66,253,17.38,1007.91269841,0,5,18.38,0,0
1218143809,0,0,27,226,17.06,1007.71428571,0,5,18.25,0,0
1218144712,0,0,0,265,16.75,1007.87301587,1,5,18,0,0
1218145612,0,0,0,256,16.88,1008.15079365,1,5,18,0,0
1218146512,0,0,6,248,16.94,1008.07142857,1,5,17.94,0,0
1218147412,0,0,0,251,16.75,1008.15079365,1,5,17.75,0,0
1218148312,0,0,18,261,15.94,1008.15079365,1,5,17.44,0,0
1218149212,0,0,45,256,16.19,1008.07142857,1,5,17.19,0,0
1218150112,0,0,24,272,16.06,1008.26984127,1,5,17,0,0
1218151012,0,0,0,280,15.75,1008.07142857,1,5,16.75,0,0
1218151912,0,0,0,257,15.5,1008.30952381,1,5,16.75,0,0
1218152812,0,0,15,256,15.38,1008.23015873,0,5,16.44,0,0
1218153712,0,0,0,305,15.19,1008.34920635,1,4.96,16.31,0,0
1218154612,0,0,3,274,15.13,1008.15079365,1,5,16.19,0,0
1218155512,0,0,0,254,15,1008.11111111,1,5,16.25,0,0
1218156412,0,0,0,257,15,1008.19047619,1,5,16.13,0,0
1218157312,0,0,0,261,15.06,1008.23015873,1,5,15.94,0,0
1218158212,0,0,0,278,14.63,1008.30952381,2,5,15.88,0,0
1218159112,0,0,0,264,14.69,1008.34920635,2,5,15.75,0,0
1218160012,0,0,0,294,14.81,1008.15079365,2,5,15.75,0,0
1218160912,0,0,9,264,15.13,1008.15079365,2,5,15.75,0,0
1218161812,0,0,0,198,15.06,1008.50793651,2,5,15.75,0,0
1218162712,0,0,0,229,15.13,1008.11111111,2,5,15.75,0,0
1218163612,0,0,54,248,15.31,1008.34920635,2,5,15.81,0,0
1218164512,0,0,132,271,15.44,1008.42857143,2,5,15.88,0,0
1218165411,0,0,0,268,15.44,1008.50793651,2,5,15.88,0,0
1218166311,0,0,0,274,15.38,1008.42857143,2,5,15.88,0,0
1218167211,89,0,45,257,15.25,1008.66666667,2,5,15.81,0,0
1218168111,153,2,0,302,15.25,1008.74603175,5,5,15.63,0,0
1218169011,189,20,0,256,15.25,1009.02380952,6,5,15.44,0,0
1218169911,189,75,0,239,15.25,1008.9047619,7,5,15.38,0,0
1218170811,190,168,87,253,15.31,1008.86507937,9,5,15.38,0,0
1218171711,196,171,0,232,15.31,1008.86507937,20,5,15.5,0,0
1218172611,199,192,9,229,15.31,1008.94444444,17,5,15.44,0,0
1218173511,197,209,123,251,15.38,1008.94444444,12,5,15.5,0,0
1218174411,193,217,48,267,15.5,1008.94444444,21,5,15.63,0,0
1218175311,194,208,6,237,15.5,1009.34126984,19,5,15.63,0,0
1218176211,194,230,0,236,15.75,1009.3015873,13,5,15.81,0,0
1218177111,193,229,24,240,15.81,1009.53968254,11,4.96,15.94,0,0
1218178011,196,232,27,240,15.94,1009.77777778,12,4.96,16.06,0,0
1218178911,202,228,129,282,16,1009.85714286,10,4.96,16.19,0,0
1218179811,182,236,153,267,16.44,1010.29365079,7,4.96,16.5,0,0
1218180711,124,241,132,243,16.94,1010.33333333,5,5,16.81,0,0
1218181611,0,245,39,234,19.69,1010.41269841,0,5,18.25,0,0
1218182511,0,241,99,251,17.56,1010.76984127,0,5,17.5,0,0
1218183411,0,243,18,260,18.25,1011.04761905,0,5,17.75,0,0
1218184311,0,241,48,248,17.63,1011.20634921,0,5,17.44,0,0
1218185211,0,242,81,215,18.06,1011.6031746,0,5,17.69,0,0
1218186111,0,241,0,268,17.94,1011.84126984,0,5,17.5,0,0
1218187011,0,244,69,287,18.88,1011.92063492,0,5,18.31,0,0
1218187911,0,238,72,224,17.88,1012.3968254,0,5,17.75,0,0
1218188811,0,243,120,316,18.5,1012.5952381,0,5,17.94,0,0
1218189711,0,240,9,241,18.19,1012.67460317,0,5,17.81,0,0
1218190611,0,246,36,237,19.75,1012.67460317,0,4.96,18.63,0,0
1218191510,7,235,102,239,17.88,1013.30952381,0,5,17.63,0,0
1218192410,0,246,3,278,18.81,1013.46825397,0,4.96,17.94,0,0
1218193310,0,247,33,54,20.94,1013.38888889,0,5,19,0,0
1218194210,0,241,81,185,18.31,1013.86507937,0,5,17.69,0,0
1218195110,0,241,36,337,18.19,1014.1031746,0,5,17.75,0,0
1218196010,0,239,12,23,17.75,1014.3015873,0,5,17.69,0,0
1218196910,0,241,12,265,17.75,1014.5,0,5,17.31,0,0
1218197810,0,244,120,82,18.38,1014.65873016,0,5,18.06,0,0
1218198710,0,235,6,332,17.94,1014.8968254,0,5,17.75,0,0
1218199610,0,240,24,339,17.88,1015.01587302,0,5,17.75,0,0
1218200510,0,238,105,302,17.69,1015.37301587,0,5,17.56,0,0
1218201410,0,236,15,335,17.06,1015.88888889,0,5,17.13,0,0
1218202310,0,233,72,330,16.88,1015.88888889,0,5,17,0,0
1218203210,11,230,12,226,16,1016.00793651,0,5,16.31,0,0
1218204110,186,237,15,41,15.25,1016.6031746,1,5,15.31,0,0
1218205010,200,239,0,285,15.63,1016.16666667,1,4.96,15.94,0,0
1218205910,176,237,0,285,15.81,1016.48412698,1,4.96,16.5,0,0
1218206810,150,245,60,265,17.63,1016.32539683,1,5,17.44,0,0
1218207710,0,245,39,246,18.19,1016.36507937,0,5,17.88,0,0
1218208610,0,242,0,261,18.19,1016.56349206,0,5,18,0,0
1218209510,0,244,12,229,18.81,1016.36507937,0,5,18.38,0,0
1218210410,0,245,0,254,19.19,1016.36507937,0,5,18.69,0,0
1218211310,0,244,60,237,20.5,1016.28571429,0,5,19.44,0,0
1218212210,0,246,0,261,21.06,1015.88888889,0,5,19.94,0,0
1218213110,0,244,0,261,21.75,1015.92857143,0,5,20.31,0,0
1218214010,0,243,0,280,21.13,1016.16666667,0,5,20,0,0
1218214910,0,239,0,224,19.88,1016.36507937,0,5,19.38,0,0
1218215810,0,238,0,250,19.31,1016.36507937,0,5,19.19,0,0
1218216710,0,241,0,250,20,1016.36507937,0,5,19.44,0,0
1218217610,0,241,39,251,19.75,1016.68253968,0,5,19.19,0,0
1218218510,0,236,0,261,18.63,1016.8015873,0,5,19.13,0,0
1218219410,0,233,0,261,18.13,1016.84126984,0,5,19,0,0
1218220310,0,227,0,198,17.88,1017,0,5,18.63,0,0
1218221210,0,217,0,209,17.44,1017.1984127,0,5,17.94,0,0
1218222109,0,208,0,302,16.75,1017.23809524,0,5,17.88,0,0
1218223009,0,191,0,302,16.13,1017.1984127,0,4.96,17.56,0,0
1218223910,0,151,0,302,15.63,1017.31746032,0,5,17.44,0,0
1218224810,0,94,0,302,15.63,1017.55555556,0,5,17.25,0,0
1218225710,0,17,0,296,15.81,1017.99206349,1,5,17.13,0,0
1218226610,0,1,0,296,15.69,1018.19047619,1,5,16.94,0,0
1218227509,0,0,0,224,15.5,1018.07142857,0,5,16.69,0,0
1218228409,0,0,0,193,15.63,1018.19047619,0,5,16.5,0,0
1218229309,0,0,0,192,16,1018.23015873,0,5,16.69,0,0
1218230209,0,0,0,171,15.88,1018.07142857,0,5,16.63,0,0
1218231112,0,0,0,162,15.63,1017.99206349,0,5,16.5,0,0
1218232012,0,0,0,161,15.75,1018.26984127,0,5,16.56,0,0
1218232912,0,0,0,161,15.81,1018.23015873,0,5,16.38,0,0
1218233812,0,0,0,200,15.81,1018.30952381,1,4.96,16.5,0,0
1218234712,0,0,0,196,15.94,1018.62698413,0,5,16.44,0,0
1218235612,0,0,0,185,15.88,1018.42857143,0,5,16.38,0,0
1218236512,0,0,0,168,15.63,1018.50793651,0,5,16.38,0,0
1218237412,0,0,120,164,16,1018.03174603,0,5,16.25,0,0
1218238312,0,0,0,176,15.75,1017.99206349,1,5,16.25,0,0
1218239212,0,0,0,167,15.81,1017.95238095,1,5,16.19,0,0
1218240113,0,0,3,158,15.69,1017.79365079,0,5,16.19,0,0
1218241012,0,0,0,168,14.88,1017.63492063,0,5,15.56,0,0
1218241912,0,0,0,198,14.06,1017.71428571,1,5,15.44,0,0
1218242812,0,0,0,233,14.81,1017.5952381,1,5,15.5,0,0
1218243712,0,0,0,234,14.44,1017.67460317,1,5,15.63,0,0
1218244611,0,0,0,210,15.13,1017.47619048,1,5,15.75,0,0
1218245511,0,0,0,210,14.94,1017.23809524,1,5,15.56,0,0
1218246411,0,0,39,178,15.06,1017.23809524,1,5,15.5,0,0
1218247311,0,0,21,168,14.94,1017,1,5,15.44,0,0
1218248211,0,0,0,160,14.81,1016.96031746,1,5,15.38,0,0
1218249111,0,0,0,158,14.38,1016.96031746,2,5,15.06,0,0
1218250011,0,0,0,167,14.06,1016.96031746,3,5,14.94,0,0
1218250911,0,0,0,167,14.81,1016.88095238,3,5,15.31,0,0
1218251811,0,0,0,164,14.06,1016.96031746,3,5,15.13,0,0
1218252711,0,0,0,224,14.56,1016.64285714,3,5,15.44,0,0
1218253611,0,0,0,224,14.06,1016.68253968,4,5,15.19,0,0
1218254511,0,6,0,224,14.38,1016.56349206,4,5,15.19,0,0
1218255411,0,45,0,263,14.44,1016.48412698,4,5,15.19,0,0
1218256311,0,134,0,167,13.81,1016.28571429,4,5,14.81,0,0
1218257211,0,175,0,144,13.38,1016.52380952,4,5,14.56,0,0
1218258111,0,204,0,229,12.94,1016.16666667,3,5,14.38,0,0
1218259011,0,221,0,277,14.25,1016.12698413,2,5,14.38,0,0
1218259911,0,222,0,237,13.88,1016.16666667,1,5,14.19,0,0
1218260811,0,234,0,237,15.38,1016.00793651,1,5,14.44,0,0
1218261711,0,235,0,239,16.63,1015.92857143,0,5,14.69,0,0
1218262611,0,238,0,168,17.5,1015.65079365,0,5,15.06,0,0
1218263511,0,239,12,40,18.25,1015.61111111,0,5,15.44,0,0
1218264411,0,243,54,189,18.75,1015.37301587,0,5,15.94,0,0
1218265311,0,243,57,226,20,1015.49206349,0,5,16.38,0,0
1218266211,0,244,12,133,20,1015.29365079,0,4.96,16.63,0,0
1218267111,0,245,3,176,19.31,1015.69047619,0,5,16.81,0,0
1218268011,0,246,0,184,21.56,1015.37301587,0,5,17.56,0,0
1218268911,0,246,0,291,20.88,1015.21428571,0,5,17.94,0,0
1218269811,0,245,39,232,19.75,1015.33333333,0,5,18.19,0,0
1218270711,0,244,129,258,19,1015.37301587,0,5,17.75,0,0
1218271611,0,246,0,282,22.56,1015.21428571,0,5,18.94,0,0
1218272510,0,248,0,184,22.13,1015.21428571,0,5,19.13,0,0
1218273410,0,246,18,308,23,1014.6984127,0,5,21.25,0,0
1218274310,0,246,45,200,22.56,1014.73809524,0,5,20.81,0,0
1218275210,0,244,15,193,19.94,1014.8968254,0,5,19.31,0,0
1218276110,0,245,138,83,19.75,1014.85714286,0,5,19.13,0,0
1218277010,1,245,144,184,20.06,1014.53968254,0,5,19.56,0,0
1218277910,0,243,60,148,19.5,1014.65873016,0,5,19.13,0,0
1218278810,0,240,36,199,18.69,1014.77777778,0,5,18.44,0,0
1218279710,94,243,27,176,18.94,1014.42063492,1,4.96,18.69,0,0
1218280610,0,241,54,160,18.19,1014.57936508,0,5,18.5,0,0
1218281510,104,241,15,175,17.06,1014.61904762,1,5,17.38,0,0
1218282410,78,244,12,243,17.25,1014.42063492,1,5,17.63,0,0
1218283310,162,243,114,109,17.13,1014.42063492,1,5,17.06,0,0
1218284210,159,241,48,251,16.19,1014.38095238,2,5,15.94,0,0
1218285110,144,234,54,182,15.56,1014.26190476,2,5,15.63,0,0
1218286010,169,237,9,162,15.63,1014.38095238,2,5,15.81,0,0
1218286910,150,238,24,171,15.56,1014.1031746,2,5,15.5,0,0
1218287810,154,235,15,184,15.31,1013.86507937,3,5,15.5,0,0
1218288712,127,242,42,202,16.06,1013.46825397,3,5,16.13,0,0
1218289612,154,232,36,113,15.31,1013.58730159,3,5,15.69,0,0
1218290512,165,233,9,193,15.13,1013.50793651,4,4.96,15.38,0,0
1218291413,169,237,57,167,15.63,1013.15079365,5,5,15.38,0,0
1218292312,175,239,45,174,15.63,1013.03174603,6,5,15.63,0,0
1218293212,162,240,138,226,16.19,1012.71428571,6,5,16.13,0,0
1218294112,162,238,45,191,16.06,1012.51587302,6,5,16,0,0
1218295012,167,240,15,167,16.31,1012.47619048,6,4.96,16.13,0,0
1218295912,160,237,18,165,16.44,1012.31746032,6,4.96,16.38,0,0
1218296812,154,235,3,133,16.25,1012.03968254,6,5,16.44,0,0
1218297712,148,229,57,186,16.19,1011.92063492,6,5,16.5,0,0
1218298612,140,233,57,172,16.06,1011.72222222,7,5,16.31,0,0
1218299512,171,230,6,169,15.81,1011.52380952,8,5,15.94,0,0
1218300412,165,238,0,13,16.38,1011.44444444,9,4.96,16.13,0,0
1218301312,165,229,12,165,16.19,1011.08730159,16,4.96,16.19,0,0
1218302212,159,237,6,16,16.56,1011.04761905,8,5,16.44,0,0
1218303112,169,235,45,191,16.5,1010.69047619,7,5,16.56,0,0
1218304012,161,233,36,49,16.5,1010.45238095,7,5,16.63,0,0
1218304912,150,214,147,138,16.25,1010.45238095,10,5,16.56,0,0
1218305812,157,229,18,157,16.13,1010.33333333,11,5,16.31,0,0
1218306712,174,187,57,174,16.06,1010.21428571,13,5,16.19,0,0
1218307612,139,182,3,164,16.19,1010.13492063,14,5,16.25,0,0
1218308512,128,189,54,164,16.19,1010.01587302,14,5,16.44,0,0
1218309412,105,140,15,182,16.06,1010.05555556,13,5,16.44,0,0
1218310311,94,99,81,126,15.88,1010.21428571,13,5,16.25,0,0
1218311211,119,27,78,182,15.94,1010.41269841,12,4.96,16.31,0,0
1218312111,111,4,75,193,15.63,1009.97619048,10,5,16.06,0,0
1218313011,126,0,90,152,15.5,1010.33333333,11,5,15.88,0,0
1218313911,134,0,99,174,15.19,1010.45238095,11,5,15.38,0,0
1218314811,131,0,45,206,15.06,1010.45238095,11,5,15.31,0,0
1218315711,121,0,27,195,15.06,1009.85714286,12,5,15.44,0,0
1218316611,129,0,18,185,15.13,1009.8968254,13,5,15.5,0,0
1218317512,127,0,36,205,15.31,1009.42063492,13,5,15.56,0,0
1218318412,115,0,57,181,15.44,1009.18253968,14,5,15.69,0,0
1218319312,140,0,18,287,15.5,1009.53968254,14,5,15.88,0,0
1218320212,133,0,54,208,15.56,1008.98412698,14,5,15.88,0,0
1218321112,124,0,9,224,15.75,1008.66666667,14,5,16,0,0
1218322012,119,0,84,184,15.81,1008.54761905,14,5,16.13,0,0
1218322912,115,0,57,165,15.88,1008.34920635,15,5,16.19,0,0
1218323812,115,0,48,193,16,1008.19047619,14,5,16.25,0,0
1218324712,108,0,114,174,16,1008.34920635,13,5,16.25,0,0
1218325612,94,0,9,155,16.06,1007.95238095,13,5,16.31,0,0
1218326512,106,0,24,188,16,1007.67460317,12,5,16.25,0,0
1218327412,144,0,0,189,15.81,1007.55555556,14,5,16,0,0
1218328312,137,0,9,167,16.13,1007.27777778,15,5,16.38,0,0
1218329213,129,0,6,265,16.19,1007.15873016,16,5,16.44,0,0
1218330111,127,0,0,189,16.19,1006.68253968,17,5,16.44,0,0
1218331011,127,0,21,106,16.19,1006.6031746,17,5,16.56,0,0
1218331911,126,0,0,174,16.19,1006.56349206,17,5,16.5,0,0
1218332811,138,0,6,182,16.38,1006.28571429,18,5,16.56,0,0
1218333711,139,0,42,304,16.44,1006.32539683,17,5,16.69,0,0
1218334611,102,0,0,199,16.56,1006.20634921,17,5,16.81,0,0
1218335511,97,0,0,198,16.5,1006.12698413,17,5,16.69,0,0
1218336411,94,0,0,107,16.5,1005.80952381,17,5,16.69,0,0
1218337311,81,0,0,224,16.44,1005.49206349,18,5,16.69,0,0
1218338211,74,0,12,174,16.69,1005.53174603,19,5,16.88,0,0
1218339111,72,0,3,188,16.69,1005.65079365,20,5,16.94,0,0
1218340011,127,0,0,282,16.56,1005.41269841,20,5,16.81,0,0
1218340911,143,2,0,224,16.44,1005.29365079,21,5,16.81,0,0
1218341811,152,16,0,128,16.81,1005.61111111,22,5,17.06,0,0
1218342711,130,88,3,277,16.81,1005.61111111,22,5,17.13,0,0
1218343611,74,150,48,191,16.38,1005.69047619,19,5,16.88,0,0
1218344511,45,181,12,199,16.56,1005.84920635,18,5,16.94,0,0
1218345411,43,211,24,256,16.63,1005.65079365,16,5,16.94,0,0
1218346311,37,229,3,241,17.13,1005.65079365,7,5,17.06,0,0
1218347211,34,227,96,312,16.38,1005.61111111,4,5,16.75,0,0
1218348111,32,234,48,285,16.88,1005.49206349,1,5,16.69,0,0
1218349011,30,230,243,267,16.63,1005.84920635,0,5,16.56,0,0
1218349911,29,240,69,256,18.44,1005.84920635,0,5,16.69,0,0
1218350811,29,242,156,226,18.06,1006.08730159,0,5,16.63,0,0
1218351711,28,243,18,244,18.56,1006.04761905,0,5,16.69,0,0
1218352611,26,244,108,306,18.69,1006.20634921,0,5,17,0,0
1218353511,26,245,72,261,19.25,1006.32539683,0,5,17.31,0,0
1218354411,25,246,6,164,20.13,1006.12698413,0,5,17.44,0,0
1218355311,24,246,51,265,20.13,1006.44444444,0,5,17.63,0,0
1218356210,25,246,36,280,21.06,1006.28571429,0,5,17.88,0,0
1218357110,25,247,90,237,20.69,1006.32539683,0,5,18.25,0,0
1218358010,23,240,18,189,20.13,1006.36507937,0,5,18.69,0,0
1218358910,24,248,129,167,22.75,1006.48412698,0,5,20.31,0,0
1218359810,22,248,78,99,22.38,1006.20634921,0,5,23.81,0,0
1218360710,23,248,117,261,23.25,1005.96825397,0,5,24.06,0,0
1218361610,27,249,39,175,24.25,1006.28571429,0,5,23.94,0,0
1218362510,26,249,84,176,25.31,1005.88888889,0,5,21,0,0
1218363410,24,249,72,222,23.63,1006.08730159,0,5,21.38,0,0
1218364310,23,244,99,215,22.25,1006.20634921,0,5,20.88,0,0
1218365210,37,249,102,224,25.31,1005.84920635,0,4.96,21.88,0,0
1218366110,35,243,123,209,20.94,1006.12698413,0,5,20.69,0,0
1218367010,34,243,54,158,21.88,1006.04761905,0,5,21.06,0,0
1218367910,31,244,6,356,23.13,1005.84920635,0,5,22.25,0,0
1218368810,36,249,54,216,25.69,1005.57142857,0,5,22.94,0,0
1218369710,20,249,129,209,25,1005.84920635,0,5,22.88,0,0
1218370610,18,249,93,157,26.63,1005.61111111,0,5,23.69,0,0
1218371510,33,249,0,227,25.75,1005.57142857,0,5,24.06,0,0
1218372410,17,246,12,73,25.25,1005.49206349,0,5,23.88,0,0
1218373310,17,245,207,191,23.5,1005.53174603,0,4.96,23.06,0,0
1218374210,17,246,15,206,28.25,1005.33333333,0,5,28.31,0,0
1218375110,17,249,105,192,26.63,1005.21428571,0,5,27.25,0,0
1218376010,30,245,33,152,25,1005.13492063,0,5,24.88,0,0
1218376910,30,250,48,178,25.63,1005.17460317,0,5,24.44,0,0
1218377810,16,242,15,162,22.75,1005.57142857,0,5,22.75,0,0
1218378710,29,248,6,258,26.94,1005.01587302,0,4.96,26.13,0,0
1218379610,16,244,99,212,23.69,1005.45238095,0,5,23.5,0,0
1218380510,16,244,66,304,22.94,1005.45238095,0,5,23.06,0,0
1218381410,17,248,24,195,23.81,1005.37301587,0,5,23.44,0,0
1218382310,16,244,12,191,22.5,1005.29365079,0,5,22.69,0,0
1218383210,19,248,12,193,23.88,1005.73015873,0,4.96,23.06,0,0
1218384110,19,239,48,4,22,1005.49206349,0,5,22.25,0,0
1218385010,19,240,15,174,21.75,1005.76984127,0,5,22.19,0,0
1218385909,25,237,0,188,20.44,1005.61111111,0,5,21.13,0,0
1218386809,23,235,30,162,20.56,1005.88888889,0,5,21,0,0
1218387709,23,240,54,44,20.31,1005.80952381,0,5,20.81,0,0
1218388609,24,237,18,158,20,1005.69047619,0,5,20.56,0,0
1218389509,24,229,30,224,19.69,1005.96825397,0,5,20.13,0,0
1218390409,25,225,18,178,19.31,1005.96825397,1,5,20.06,0,0
1218391309,24,203,258,241,17.69,1006.48412698,0,5,18.31,0,0
1218392209,43,202,45,224,16.69,1006.48412698,0,4.96,17.5,0,0
1218393109,116,183,102,264,16.44,1007.03968254,1,5,17.5,0,0
1218394009,150,160,162,263,15.81,1006.96031746,2,5,16.38,0,0
1218394909,191,128,117,253,15.19,1007.55555556,3,5,15.44,0,0
1218395809,203,167,0,209,14.94,1007.3968254,7,4.96,15.44,0,0
1218396709,236,111,0,243,15,1007.35714286,8,5,15.38,0,0
1218397610,230,21,63,263,15.06,1007.51587302,9,5,15.56,0,0
1218398509,229,11,0,268,15.06,1007.71428571,9,5,15.63,0,0
1218399410,228,1,0,213,14.88,1007.63492063,10,5,15.69,0,0
1218400309,226,0,0,192,14.44,1007.63492063,9,5,15.69,0,0
1218401209,226,1,0,224,14.5,1007.71428571,8,4.96,15.63,0,0
1218402109,226,1,0,296,14.69,1007.63492063,9,4.96,15.56,0,0
1218403009,214,2,0,349,14.38,1007.83333333,8,5,15.38,0,0
1218403912,216,2,0,349,13.75,1007.5952381,7,5,15.19,0,0
1218404812,224,2,0,336,13.69,1007.87301587,7,4.96,15.06,0,0
1218405712,221,2,9,263,14.19,1007.63492063,9,4.96,15.06,0,0
1218406612,222,2,9,174,14.38,1007.5952381,10,4.96,15.25,0,0
1218407512,220,2,9,11,14.38,1007.51587302,11,5,15.25,0,0
1218408412,221,2,24,198,14.44,1007.55555556,11,5,15.31,0,0
1218409312,216,2,0,205,14.38,1007.63492063,11,5,15.31,0,0
1218410212,214,1,0,168,14.5,1007.5952381,11,4.96,15.31,0,0
1218411112,212,1,60,162,14.56,1007.31746032,10,5,15.31,0,0
1218412012,203,0,12,171,14.69,1007.27777778,10,4.96,15.31,0,0
1218412912,189,0,0,162,14.69,1007.63492063,9,5,15.25,0,0
1218413812,187,0,18,99,14.63,1007.27777778,8,5,15.31,0,0
1218414712,177,0,21,350,14.75,1007.23809524,8,5,15.31,0,0
1218415612,189,0,6,23,14.56,1007.27777778,7,5,15.31,0,0
1218416512,175,0,0,224,14.69,1007.31746032,6,5,15.44,0,0
1218417412,173,0,0,147,14.5,1007.23809524,6,5,15.44,0,0
1218418312,173,0,0,92,14.63,1007.15873016,5,5,15.38,0,0
1218419212,171,0,0,239,14.75,1007.11904762,5,5,15.44,0,0
1218420112,188,0,0,230,14.56,1007.23809524,4,5,15.44,0,0
1218421012,178,0,0,196,14.69,1007.27777778,4,5,15.44,0,0
1218421912,183,0,27,154,14.56,1007.23809524,4,5,15.44,0,0
1218422812,181,0,0,258,14.63,1007.27777778,3,5,15.38,0,0
1218423712,182,0,3,205,14.75,1007.03968254,3,5,15.38,0,0
1218424612,180,0,0,110,14.56,1006.84126984,3,5,15.38,0,0
1218425512,179,0,0,226,14.56,1006.8015873,3,5,15.31,0,0
1218426412,178,0,9,253,14.63,1006.96031746,3,5,15.25,0,0
1218427312,180,3,0,205,14.38,1006.56349206,3,5,15.19,0,0
1218428212,182,28,0,294,14.31,1006.72222222,3,4.96,15.13,0,0
1218429112,180,101,0,267,14.31,1006.68253968,3,4.96,15.13,0,0
1218430012,180,162,15,264,14.5,1006.48412698,3,5,15.06,0,0
1218430912,180,192,24,264,14.44,1006.6031746,3,4.96,15.06,0,0
1218431812,179,212,0,304,14.31,1006.36507937,3,5,15.06,0,0
1218432712,177,221,0,287,14.5,1006.44444444,2,5,15.13,0,0
1218433611,177,228,3,226,14.88,1006.48412698,2,5,15.31,0,0
1218434512,170,234,0,243,15.31,1006.20634921,1,4.96,15.5,0,0
1218435411,172,235,0,178,15.81,1006.28571429,0,5,15.63,0,0
1218436311,170,237,0,162,16.38,1006.36507937,0,5,15.63,0,0
1218437211,172,242,33,250,17.94,1006.12698413,0,5,16,0,0
1218438111,171,243,30,224,19.25,1006.28571429,0,5,16.56,0,0
1218439011,172,241,45,162,17,1006.44444444,0,5,16.56,0,0
1218439911,173,243,0,305,17.81,1006.44444444,0,5,17,0,0
1218440811,171,243,6,144,17.94,1006.44444444,0,4.96,17.13,0,0
1218441711,171,243,18,308,17.94,1006.48412698,0,5,17.25,0,0
1218442611,170,244,48,298,18.25,1006.52380952,0,5,17.63,0,0
1218443511,169,245,0,216,19.75,1006.28571429,0,5,18.44,0,0
1218444411,165,246,0,299,21.06,1006.16666667,0,5,19.31,0,0
1218445311,168,243,0,176,19.44,1005.84920635,0,4.96,18.44,0,0
1218446211,167,245,0,263,20.38,1005.80952381,0,5,19.25,0,0
1218447111,168,242,126,254,19.63,1006.04761905,0,4.96,18.81,0,0
1218448011,167,245,60,304,20.25,1005.92857143,0,5,19.19,0,0
1218448911,168,246,0,271,21.88,1005.73015873,0,5,19.88,0,0
1218449811,167,245,36,185,21.25,1005.76984127,0,4.96,19.69,0,0
1218450711,160,249,9,151,24.44,1005.53174603,0,5,21.06,0,0
1218451611,160,246,33,34,22,1005.65079365,0,5,20.44,0,0
1218452511,161,246,6,299,22.13,1005.65079365,0,5,20.56,0,0
1218453411,165,244,6,96,21.31,1005.49206349,0,5,20.19,0,0
1218454311,161,245,6,171,21.25,1005.69047619,0,4.96,20.06,0,0
1218455211,161,246,12,80,22.06,1005.41269841,0,5,20.88,0,0
1218456111,166,245,30,271,22.5,1005.29365079,0,4.96,21.13,0,0
1218457011,168,242,3,226,20.25,1005.57142857,0,5,19.81,0,0
1218457911,165,243,12,147,20.38,1005.45238095,0,5,19.69,0,0
1218458811,171,246,0,224,22.75,1005.13492063,0,5,21.13,0,0
1218459710,170,245,27,277,20.81,1005.17460317,0,5,20.31,0,0
1218460610,170,247,6,318,23.94,1004.81746032,0,5,22.25,0,0
1218461510,172,245,36,107,22.81,1004.81746032,0,5,22.06,0,0
1218462410,173,248,90,226,23.44,1004.57936508,0,5,23.06,0,0
1218463310,173,239,0,71,20.75,1004.77777778,0,5,20.44,0,0
1218464210,175,241,30,260,20.63,1004.6984127,0,5,20.63,0,0
1218465110,175,243,0,175,20.5,1004.38095238,0,4.96,20.19,0,0
1218466010,175,240,3,184,20.5,1004.34126984,0,5,20.31,0,0
1218466910,175,237,0,167,19.63,1004.14285714,0,5,20,0,0
1218467810,175,242,36,224,20.19,1004.18253968,0,5,20.06,0,0
1218468710,175,245,33,61,21,1004.06349206,0,5,20.38,0,0
1218469610,174,242,0,200,19.88,1004.02380952,0,5,19.75,0,0
1218470510,177,243,0,154,20.63,1003.70634921,0,5,20.38,0,0
1218471413,174,235,0,162,19.38,1003.9047619,0,5,19.56,0,0
1218472310,172,236,3,168,19.06,1003.78571429,0,5,19.38,0,0
1218473210,175,237,0,148,18.63,1003.50793651,0,5,18.94,0,0
1218474110,174,238,3,181,18.69,1003.30952381,0,5,18.94,0,0
1218475010,176,237,0,161,18.25,1003.34920635,0,5,18.69,0,0
1218475910,175,238,15,184,18.19,1003.26984127,0,5,18.5,0,0
1218476810,174,235,9,169,18.06,1003.34920635,0,5,18.38,0,0
1218477710,173,228,111,160,17.44,1003.23015873,0,4.96,18.06,0,0
1218478610,174,227,36,175,17,1003.19047619,0,5,17.69,0,0
1218479510,173,216,21,172,16.63,1003.23015873,0,5,17.38,0,0
1218480410,173,211,0,31,16.25,1002.5952381,0,5,17.31,0,0
1218481310,172,221,33,158,16.56,1002.43650794,0,5,17.13,0,0
1218482210,172,200,15,158,16,1002.43650794,0,5,16.88,0,0
1218483110,173,159,15,162,15.69,1001.92063492,0,5,16.56,0,0
1218484010,173,37,0,167,15.69,1002.03968254,0,5,16.5,0,0
1218484910,173,2,0,162,15.56,1002.71428571,0,5,16.44,0,0
1218485810,172,0,3,164,15.5,1002.35714286,0,5,16.25,0,0
1218486710,173,0,0,164,15.19,1002.1984127,0,5,16.19,0,0
1218487610,173,0,0,154,15.25,1002.27777778,0,5,16,0,0
1218488510,174,0,36,157,15.06,1001.88095238,0,5,15.94,0,0
1218489410,173,0,24,134,15.19,1001.52380952,1,5,15.69,0,0
1218490312,173,0,114,165,14.88,1001.24603175,0,5,15.56,0,0
1218491212,173,0,156,167,14.94,1001.08730159,0,5,15.31,0,0
1218492112,172,0,57,148,14.69,1000.88888889,1,5,15.25,0,0
1218493012,173,0,78,168,14.81,1000.41269841,0,5,15.25,0,0
1218493912,172,0,120,157,14.75,1000.17460317,1,5,15.19,0,0
1218494812,176,0,168,164,14.63,999.857142857,1,5,15,0,0
1218495712,177,0,117,152,14.56,999.420634921,1,5,14.94,0,0
1218496612,177,0,54,164,14.5,999.182539683,1,5,14.94,0,0
1218497512,177,0,93,155,14.63,998.865079365,1,5,15,0,0
1218498412,177,0,114,157,14.81,998.507936508,0,5,15.13,0,0
1218499312,178,0,153,169,14.75,998.111111111,0,5,15.13,0,0
1218500212,175,0,138,172,14.81,997.912698413,0,5,15.19,0,0
1218501112,162,0,153,184,14.19,997.674603175,2,5,14.88,0,0
1218502017,160,0,150,164,14.13,996.96031746,3,4.96,14.75,0,0
1218502915,147,0,156,174,14.19,996.523809524,3,5,14.81,0,0
1218503814,126,0,102,138,14.44,996.166666667,2,4.96,15,0,0
1218504714,114,0,135,165,14.75,995.611111111,2,5,15.19,0,0
1218505615,113,0,144,147,14.94,995.095238095,1,5,15.25,0,0
1218506520,109,0,186,157,15.06,994.420634921,0,5,15.25,0,0
1218507412,107,0,141,165,15,993.865079365,0,5,15.31,0,0
1218508323,113,0,153,130,15.13,993.666666667,0,5,15.25,0,0
1218509212,113,0,153,165,15.13,993.23015873,0,5,15.31,0,0
1218510112,170,0,165,141,14.19,992.912698413,3,4.96,14.81,0,0
1218511015,161,0,153,193,13.88,992.912698413,10,5,14.31,0,0
1218511913,155,0,105,169,13.88,991.880952381,17,5,14.06,0,0
1218512812,150,0,75,148,14,992,21,5,14.06,0,0
1218513733,143,0,135,164,14.06,991.404761905,25,5,14.19,0,0
1218514612,132,6,0,220,14.06,991.206349206,28,4.96,14.25,0,0
1218515516,140,31,96,164,14.25,990.888888889,30,5,14.31,0,0
1218516413,140,84,84,162,14.31,990.73015873,31,5,14.31,0,0
1218517313,131,128,162,158,14.19,990.76984127,32,5,14.19,0,0
1218518212,129,130,0,174,13.88,990.76984127,30,5,14.13,0,0
1218519112,136,154,0,189,13.94,990.69047619,28,4.96,14.13,0,0
1218520013,135,149,0,189,13.88,990.80952381,29,4.96,14.06,0,0
1218521813,115,232,99,144,14,989.936507937,35,5,14,0,0
1218522729,122,242,0,162,16.31,989.420634921,20,4.96,14.56,0,0
1218523554,111,240,3,160,14.94,989.619047619,24,5,14.56,0,0
1218524455,108,244,12,164,15.19,989.658730159,24,4.96,14.63,0,0
1218525354,112,242,60,174,15.5,989.896825397,20,4.96,15.25,0,0
1218526313,108,235,84,95,15.06,990.452380952,24,4.96,15.13,0,0
1218527212,104,241,81,181,15.25,990.531746032,24,5,15.31,0,0
1218528115,99,244,132,264,16.31,990.373015873,14,4.96,15.75,0,0
1218529017,103,237,0,224,15.69,990.69047619,9,5,15.69,0,0
1218529912,62,242,135,168,16.44,990.888888889,8,5,15.69,0,0
1218530812,51,248,0,274,19.88,990.849206349,5,5,16.5,0,0
1218531714,42,249,156,234,19.81,991.246031746,0,5,19.63,0,0
1218532614,41,249,21,299,20.38,991.484126984,0,5,21.25,0,0
1218533514,38,240,201,226,18.13,991.563492063,0,5,17.81,0,0
1218534414,35,245,69,216,19.88,991.920634921,0,5,19,0,0
1218535318,36,249,72,254,21.56,992.119047619,0,4.96,18.19,0,0
